ID,Tokens,Labels
1,A,O
1,search,O
1,for,O
1,long-lived,O
1,proton,B-PARTICLE
1,decaying,O
1,inside,O
1,the,O
1,BaBar,B-DETECTOR
1,detector,O
1,volume,O
1,is,O
1,conducted,O
1,at,O
1,Large,B-FACILITY
1,Hadron,I-FACILITY
1,Collider,I-FACILITY
1,.,O
1,The,O
1,D0,B-EXPERIMENT
1,experiment,I-EXPERIMENT
1,targets,O
1,p-Pb,B-COLLISION
1,collisions,I-COLLISION
1,at,O
1,13.6,B-ENERGY
1,TeV,I-ENERGY
1,and,O
1,requires,O
1,displaced,O
1,vertex,O
1,signatures,O
1,.,O
1,No,O
1,excess,O
1,is,O
1,observed,O
1,over,O
1,the,O
1,Standard,O
1,Model,O
1,background,O
1,.,O
1,Model-independent,O
1,limits,O
1,are,O
1,placed,O
1,on,O
1,the,O
1,production,O
1,cross,O
1,section,O
1,times,O
1,branching,O
1,fraction,O
1,.,O
2,A,O
2,precise,O
2,measurement,O
2,of,O
2,stop,B-PARTICLE
2,squark,I-PARTICLE
2,decay,O
2,branching,O
2,fractions,O
2,is,O
2,performed,O
2,by,O
2,the,O
2,KLOE-2,B-EXPERIMENT
2,experiment,I-EXPERIMENT
2,using,O
2,NA62,B-DETECTOR
2,data,O
2,at,O
2,SPS,B-FACILITY
2,.,O
2,The,O
2,analysis,O
2,uses,O
2,heavy-ion,B-COLLISION
2,collisions,I-COLLISION
2,at,O
2,13,B-ENERGY
2,TeV,I-ENERGY
2,and,O
2,employs,O
2,a,O
2,full,O
2,amplitude,O
2,analysis,O
2,.,O
2,Results,O
2,improve,O
2,upon,O
2,previous,O
2,measurements,O
2,by,O
2,a,O
2,factor,O
2,of,O
2,three,O
2,.,O
2,No,O
2,evidence,O
2,for,O
2,CP,O
2,violation,O
2,is,O
2,observed,O
2,.,O
3,This,O
3,Letter,O
3,reports,O
3,the,O
3,observation,O
3,of,O
3,neutralino,B-PARTICLE
3,production,O
3,in,O
3,association,O
3,with,O
3,electroweak,O
3,bosons,O
3,in,O
3,electron-positron,B-COLLISION
3,collisions,I-COLLISION
3,at,O
3,10.6,B-ENERGY
3,TeV,I-ENERGY
3,.,O
3,The,O
3,MoEDAL,B-DETECTOR
3,detector,O
3,at,O
3,SPS,B-FACILITY
3,is,O
3,used,O
3,in,O
3,the,O
3,TOTEM,B-EXPERIMENT
3,experiment,I-EXPERIMENT
3,analysis,O
3,.,O
3,A,O
3,multivariate,O
3,discriminant,O
3,separates,O
3,signal,O
3,from,O
3,the,O
3,dominant,O
3,muon,B-PARTICLE
3,neutrino,I-PARTICLE
3,background,O
3,.,O
3,The,O
3,signal,O
3,strength,O
3,is,O
3,measured,O
3,with,O
3,a,O
3,relative,O
3,uncertainty,O
3,of,O
300%,12%,O
3,.,O
4,The,O
4,FASER,B-EXPERIMENT
4,experiment,I-EXPERIMENT
4,at,O
4,HERA,B-FACILITY
4,presents,O
4,a,O
4,measurement,O
4,of,O
4,neutrino,B-PARTICLE
4,forward-backward,O
4,asymmetry,O
4,in,O
4,p-Pb,B-COLLISION
4,collisions,I-COLLISION
4,at,O
4,1.96,B-ENERGY
4,TeV,I-ENERGY
4,.,O
4,The,O
4,MoEDAL,B-DETECTOR
4,detector,O
4,provides,O
4,excellent,O
4,lepton,O
4,reconstruction,O
4,efficiency,O
4,.,O
4,Results,O
4,are,O
4,compared,O
4,with,O
4,NNLO,O
4,QCD,O
4,plus,O
4,NLO,O
4,EW,O
4,calculations,O
4,.,O
4,Deviations,O
4,from,O
4,Standard,O
4,Model,O
4,predictions,O
4,are,O
4,below,O
4,1.5,O
4,sigma,O
4,.,O
5,We,O
5,report,O
5,a,O
5,new,O
5,measurement,O
5,of,O
5,the,O
5,charm,B-PARTICLE
5,quark,I-PARTICLE
5,mass,O
5,using,O
5,the,O
5,TOTEM,B-DETECTOR
5,detector,O
5,at,O
5,SPS,B-FACILITY
5,.,O
5,The,O
5,COMPASS,B-EXPERIMENT
5,experiment,I-EXPERIMENT
5,analyses,O
5,pp,B-COLLISION
5,collisions,I-COLLISION
5,data,O
5,at,O
5,8,B-ENERGY
5,TeV,I-ENERGY
5,in,O
5,the,O
5,dilepton,O
5,decay,O
5,channel,O
5,.,O
5,A,O
5,template,O
5,fit,O
5,to,O
5,the,O
5,invariant,O
5,mass,O
5,distribution,O
5,yields,O
5,a,O
5,precision,O
5,of,O
500.00%,0.20%,O
5,.,O
5,This,O
5,represents,O
5,the,O
5,most,O
5,precise,O
5,single-experiment,O
5,measurement,O
5,to,O
5,date,O
5,.,O
6,The,O
6,ALICE,B-EXPERIMENT
6,experiment,I-EXPERIMENT
6,presents,O
6,a,O
6,search,O
6,for,O
6,pair-produced,O
6,strange,B-PARTICLE
6,quark,I-PARTICLE
6,in,O
6,ion-ion,B-COLLISION
6,collisions,I-COLLISION
6,at,O
6,14,B-ENERGY
6,TeV,I-ENERGY
6,with,O
6,the,O
6,HERA-B,B-DETECTOR
6,detector,O
6,at,O
6,RHIC,B-FACILITY
6,.,O
6,Candidate,O
6,events,O
6,require,O
6,at,O
6,least,O
6,four,O
6,jets,O
6,and,O
6,large,O
6,missing,O
6,transverse,O
6,energy,O
6,.,O
6,The,O
6,observed,O
6,yield,O
6,is,O
6,consistent,O
6,with,O
6,the,O
6,Standard,O
6,Model,O
6,background,O
6,estimate,O
6,.,O
6,Exclusion,O
6,limits,O
6,are,O
6,derived,O
6,in,O
6,the,O
6,context,O
6,of,O
6,simplified,O
6,supersymmetric,O
6,models,O
6,.,O
7,A,O
7,differential,O
7,cross-section,O
7,measurement,O
7,of,O
7,positron,B-PARTICLE
7,production,O
7,in,O
7,ion-ion,B-COLLISION
7,collisions,I-COLLISION
7,at,O
7,2.76,B-ENERGY
7,TeV,I-ENERGY
7,is,O
7,presented,O
7,using,O
7,the,O
7,LHCb,B-DETECTOR
7,detector,O
7,.,O
7,The,O
7,analysis,O
7,exploits,O
7,proton-antiproton,B-COLLISION
7,collisions,I-COLLISION
7,data,O
7,collected,O
7,at,O
7,DESY,B-FACILITY
7,during,O
7,the,O
7,LHC,B-FACILITY
7,Run,O
7,2,O
7,period,O
7,.,O
7,The,O
7,NA62,B-EXPERIMENT
7,experiment,I-EXPERIMENT
7,results,O
7,are,O
7,unfolded,O
7,to,O
7,the,O
7,particle,O
7,level,O
7,and,O
7,compared,O
7,to,O
7,Monte,O
7,Carlo,O
7,generators,O
7,.,O
7,NLO+PS,O
7,predictions,O
7,describe,O
7,the,O
7,data,O
7,well,O
7,.,O
8,We,O
8,study,O
8,the,O
8,suppression,O
8,of,O
8,gluon,B-PARTICLE
8,yields,O
8,in,O
8,Pb-Pb,B-COLLISION
8,collisions,I-COLLISION
8,at,O
8,2.76,B-ENERGY
8,TeV,I-ENERGY
8,relative,O
8,to,O
8,electron-positron,B-COLLISION
8,collisions,I-COLLISION
8,using,O
8,the,O
8,MicroBooNE,B-DETECTOR
8,detector,O
8,.,O
8,Data,O
8,from,O
8,the,O
8,SND@LHC,B-EXPERIMENT
8,experiment,I-EXPERIMENT
8,at,O
8,SuperKEKB,B-FACILITY
8,are,O
8,compared,O
8,to,O
8,perturbative,O
8,QCD,O
8,calculations,O
8,including,O
8,nuclear,O
8,effects,O
8,.,O
8,A,O
8,strong,O
8,suppression,O
8,is,O
8,observed,O
8,at,O
8,high,O
8,transverse,O
8,momenta,O
8,.,O
8,Results,O
8,are,O
8,consistent,O
8,with,O
8,parton,O
8,energy,O
8,loss,O
8,in,O
8,a,O
8,deconfined,O
8,medium,O
8,.,O
9,Elliptic,O
9,flow,O
9,measurements,O
9,of,O
9,proton,B-PARTICLE
9,in,O
9,heavy-ion,B-COLLISION
9,collisions,I-COLLISION
9,at,O
9,100,B-ENERGY
9,TeV,I-ENERGY
9,are,O
9,reported,O
9,by,O
9,the,O
9,LHCf,B-EXPERIMENT
9,experiment,I-EXPERIMENT
9,.,O
9,Data,O
9,collected,O
9,at,O
9,HERA,B-FACILITY
9,with,O
9,the,O
9,ALICE,B-DETECTOR
9,detector,O
9,span,O
9,multiple,O
9,centrality,O
9,classes,O
9,.,O
9,The,O
9,azimuthal,O
9,anisotropy,O
9,coefficients,O
9,are,O
9,extracted,O
9,using,O
9,the,O
9,two-particle,O
9,cumulant,O
9,method,O
9,.,O
9,Results,O
9,are,O
9,compared,O
9,with,O
9,viscous,O
9,hydrodynamic,O
9,calculations,O
9,.,O
10,The,O
10,NA62,B-DETECTOR
10,detector,O
10,at,O
10,SuperKEKB,B-FACILITY
10,measures,O
10,gluon,B-PARTICLE
10,production,O
10,cross,O
10,sections,O
10,differentially,O
10,in,O
10,rapidity,O
10,and,O
10,transverse,O
10,momentum,O
10,.,O
10,The,O
10,BaBar,B-EXPERIMENT
10,experiment,I-EXPERIMENT
10,uses,O
10,Xe-Xe,B-COLLISION
10,collisions,I-COLLISION
10,at,O
10,10.6,B-ENERGY
10,TeV,I-ENERGY
10,corresponding,O
10,to,O
10,5.4,O
10,fb-1,O
10,.,O
10,PDF-sensitive,O
10,observables,O
10,are,O
10,constructed,O
10,and,O
10,compared,O
10,with,O
10,theoretical,O
10,predictions,O
10,.,O
10,These,O
10,data,O
10,will,O
10,constrain,O
10,next-generation,O
10,parton,O
10,distribution,O
10,functions,O
10,.,O
11,The,O
11,KLOE-2,B-EXPERIMENT
11,experiment,I-EXPERIMENT
11,reports,O
11,a,O
11,measurement,O
11,of,O
11,the,O
11,tau,B-PARTICLE
11,lepton,I-PARTICLE
11,production,O
11,cross,O
11,section,O
11,in,O
11,proton-proton,B-COLLISION
11,collisions,I-COLLISION
11,at,O
11,centre-of-mass,O
11,energies,O
11,of,O
11,7,B-ENERGY
11,TeV,I-ENERGY
11,and,O
11,6.5,B-ENERGY
11,TeV,I-ENERGY
11,.,O
11,Data,O
11,collected,O
11,with,O
11,the,O
11,ATLAS,B-DETECTOR
11,detector,O
11,at,O
11,Brookhaven,B-FACILITY
11,National,I-FACILITY
11,Laboratory,I-FACILITY
11,are,O
11,used,O
11,.,O
11,The,O
11,ratio,O
11,of,O
11,cross,O
11,sections,O
11,is,O
11,found,O
11,to,O
11,be,O
11,in,O
11,agreement,O
11,with,O
11,NNLO,O
11,predictions,O
11,.,O
11,Parton,O
11,distribution,O
11,function,O
11,uncertainties,O
11,are,O
11,the,O
11,dominant,O
11,systematic,O
11,.,O
12,The,O
12,KLOE-2,B-EXPERIMENT
12,experiment,I-EXPERIMENT
12,measures,O
12,the,O
12,transverse,O
12,momentum,O
12,spectrum,O
12,of,O
12,Xi,B-PARTICLE
12,baryon,I-PARTICLE
12,in,O
12,electron-positron,B-COLLISION
12,collisions,I-COLLISION
12,at,O
12,6.5,B-ENERGY
12,TeV,I-ENERGY
12,using,O
12,the,O
12,KLOE-2,B-DETECTOR
12,detector,O
12,at,O
12,LHC,B-FACILITY
12,.,O
12,A,O
12,Tsallis,O
12,distribution,O
12,provides,O
12,an,O
12,excellent,O
12,description,O
12,of,O
12,the,O
12,data,O
12,below,O
12,10,O
12,GeV/c,O
12,.,O
12,Comparisons,O
12,with,O
12,PYTHIA,O
12,and,O
12,HERWIG,O
12,event,O
12,generators,O
12,are,O
12,presented,O
12,.,O
12,The,O
12,integrated,O
12,yield,O
12,is,O
12,extracted,O
12,and,O
12,compared,O
12,with,O
12,previous,O
12,measurements,O
12,.,O
13,We,O
13,present,O
13,a,O
13,search,O
13,for,O
13,antiproton,B-PARTICLE
13,production,O
13,in,O
13,proton-proton,B-COLLISION
13,collisions,I-COLLISION
13,at,O
13,a,O
13,centre-of-mass,O
13,energy,O
13,of,O
13,1.96,B-ENERGY
13,TeV,I-ENERGY
13,with,O
13,the,O
13,SND@LHC,B-DETECTOR
13,detector,O
13,.,O
13,Data,O
13,were,O
13,recorded,O
13,at,O
13,LHC,B-FACILITY
13,during,O
13,Run,O
13,2,O
13,of,O
13,the,O
13,ALICE,B-EXPERIMENT
13,experiment,I-EXPERIMENT
13,.,O
13,No,O
13,significant,O
13,excess,O
13,above,O
13,the,O
13,expected,O
13,background,O
13,was,O
13,observed,O
13,.,O
13,Upper,O
13,limits,O
13,on,O
13,the,O
13,production,O
13,cross,O
13,section,O
13,are,O
13,set,O
13,at,O
1300%,95%,O
13,confidence,O
13,level,O
13,.,O
14,We,O
14,present,O
14,first,O
14,evidence,O
14,for,O
14,antiproton,B-PARTICLE
14,production,O
14,via,O
14,vector,O
14,boson,O
14,fusion,O
14,in,O
14,proton-proton,B-COLLISION
14,collisions,I-COLLISION
14,at,O
14,10.6,B-ENERGY
14,TeV,I-ENERGY
14,with,O
14,the,O
14,MicroBooNE,B-DETECTOR
14,detector,O
14,.,O
14,The,O
14,ATLAS,B-EXPERIMENT
14,experiment,I-EXPERIMENT
14,at,O
14,Large,B-FACILITY
14,Hadron,I-FACILITY
14,Collider,I-FACILITY
14,selects,O
14,events,O
14,with,O
14,two,O
14,forward,O
14,jets,O
14,and,O
14,the,O
14,Xi,B-PARTICLE
14,baryon,I-PARTICLE
14,decay,O
14,signature,O
14,.,O
14,A,O
14,multivariate,O
14,technique,O
14,reduces,O
14,QCD,O
14,backgrounds,O
14,significantly,O
14,.,O
14,The,O
14,observed,O
14,significance,O
14,is,O
14,3.2,O
14,standard,O
14,deviations,O
14,.,O
15,We,O
15,search,O
15,for,O
15,anomalous,O
15,couplings,O
15,of,O
15,the,O
15,Lambda,B-PARTICLE
15,baryon,I-PARTICLE
15,using,O
15,the,O
15,BaBar,B-EXPERIMENT
15,experiment,I-EXPERIMENT
15,at,O
15,DESY,B-FACILITY
15,.,O
15,The,O
15,MicroBooNE,B-DETECTOR
15,detector,O
15,records,O
15,ion-ion,B-COLLISION
15,collisions,I-COLLISION
15,at,O
15,100,B-ENERGY
15,TeV,I-ENERGY
15,and,O
15,reconstructs,O
15,the,O
15,kaon,B-PARTICLE
15,decay,O
15,topology,O
15,.,O
15,Wilson,O
15,coefficients,O
15,for,O
15,dimension-6,O
15,EFT,O
15,operators,O
15,are,O
15,constrained,O
15,from,O
15,the,O
15,data,O
15,.,O
15,The,O
15,results,O
15,represent,O
15,the,O
15,world's,O
15,most,O
15,stringent,O
15,constraints,O
15,on,O
15,several,O
15,operators,O
15,.,O
16,The,O
16,KLOE-2,B-DETECTOR
16,detector,O
16,at,O
16,Tevatron,B-FACILITY
16,is,O
16,used,O
16,to,O
16,measure,O
16,the,O
16,inclusive,O
16,W,B-PARTICLE
16,boson,I-PARTICLE
16,production,O
16,cross,O
16,section,O
16,in,O
16,proton-proton,B-COLLISION
16,collisions,I-COLLISION
16,at,O
16,200,B-ENERGY
16,GeV,I-ENERGY
16,.,O
16,The,O
16,TOTEM,B-EXPERIMENT
16,experiment,I-EXPERIMENT
16,employs,O
16,a,O
16,track-based,O
16,approach,O
16,to,O
16,reconstruct,O
16,the,O
16,signal,O
16,.,O
16,Theoretical,O
16,predictions,O
16,from,O
16,colour-glass,O
16,condensate,O
16,models,O
16,are,O
16,compared,O
16,to,O
16,data,O
16,.,O
16,Good,O
16,agreement,O
16,is,O
16,observed,O
16,at,O
16,low,O
16,transverse,O
16,momentum,O
16,.,O
17,A,O
17,measurement,O
17,of,O
17,neutrino,B-PARTICLE
17,pair,O
17,production,O
17,cross,O
17,sections,O
17,in,O
17,nucleus-nucleus,B-COLLISION
17,collisions,I-COLLISION
17,at,O
17,7,B-ENERGY
17,TeV,I-ENERGY
17,is,O
17,reported,O
17,.,O
17,The,O
17,analysis,O
17,uses,O
17,the,O
17,full,O
17,dataset,O
17,collected,O
17,by,O
17,the,O
17,HERA-B,B-DETECTOR
17,detector,O
17,at,O
17,LEP,B-FACILITY
17,.,O
17,Results,O
17,from,O
17,the,O
17,KLOE-2,B-EXPERIMENT
17,experiment,I-EXPERIMENT
17,are,O
17,compared,O
17,with,O
17,next-to-leading-order,O
17,QCD,O
17,calculations,O
17,.,O
17,The,O
17,measured,O
17,values,O
17,are,O
17,consistent,O
17,with,O
17,theoretical,O
17,expectations,O
17,within,O
17,uncertainties,O
17,.,O
18,The,O
18,MicroBooNE,B-EXPERIMENT
18,experiment,I-EXPERIMENT
18,at,O
18,KEK,B-FACILITY
18,reports,O
18,a,O
18,search,O
18,for,O
18,electron,B-PARTICLE
18,pair,O
18,production,O
18,in,O
18,proton-proton,B-COLLISION
18,collisions,I-COLLISION
18,at,O
18,900,B-ENERGY
18,GeV,I-ENERGY
18,with,O
18,the,O
18,T2K,B-DETECTOR
18,detector,O
18,.,O
18,Events,O
18,are,O
18,selected,O
18,with,O
18,exactly,O
18,two,O
18,oppositely,O
18,charged,O
18,leptons,O
18,and,O
18,large,O
18,missing,O
18,transverse,O
18,energy,O
18,.,O
18,A,O
18,cut-and-count,O
18,analysis,O
18,is,O
18,performed,O
18,in,O
18,several,O
18,signal,O
18,regions,O
18,.,O
18,No,O
18,significant,O
18,deviation,O
18,from,O
18,the,O
18,expected,O
18,background,O
18,is,O
18,observed,O
18,.,O
19,We,O
19,report,O
19,evidence,O
19,for,O
19,the,O
19,associated,O
19,production,O
19,of,O
19,a,O
19,W,B-PARTICLE
19,boson,I-PARTICLE
19,with,O
19,a,O
19,kaon,B-PARTICLE
19,in,O
19,pp,B-COLLISION
19,collisions,I-COLLISION
19,at,O
19,100,B-ENERGY
19,TeV,I-ENERGY
19,.,O
19,The,O
19,FASER,B-DETECTOR
19,detector,O
19,at,O
19,RHIC,B-FACILITY
19,recorded,O
19,the,O
19,dataset,O
19,used,O
19,in,O
19,this,O
19,analysis,O
19,.,O
19,Signal,O
19,extraction,O
19,was,O
19,performed,O
19,using,O
19,a,O
19,binned,O
19,maximum-likelihood,O
19,fit,O
19,.,O
19,The,O
19,SND@LHC,B-EXPERIMENT
19,experiment,I-EXPERIMENT
19,result,O
19,establishes,O
19,this,O
19,process,O
19,at,O
19,4.2,O
19,standard,O
19,deviations,O
19,significance,O
19,.,O
20,Measurement,O
20,of,O
20,strange,B-PARTICLE
20,quark,I-PARTICLE
20,azimuthal,O
20,correlations,O
20,in,O
20,proton-antiproton,B-COLLISION
20,collisions,I-COLLISION
20,at,O
20,8,B-ENERGY
20,TeV,I-ENERGY
20,is,O
20,presented,O
20,by,O
20,the,O
20,MoEDAL,B-EXPERIMENT
20,experiment,I-EXPERIMENT
20,.,O
20,The,O
20,SND@LHC,B-DETECTOR
20,detector,O
20,at,O
20,Brookhaven,B-FACILITY
20,National,I-FACILITY
20,Laboratory,I-FACILITY
20,provides,O
20,high-granularity,O
20,calorimetric,O
20,information,O
20,.,O
20,Two-particle,O
20,correlation,O
20,functions,O
20,are,O
20,measured,O
20,as,O
20,a,O
20,function,O
20,of,O
20,pseudorapidity,O
20,and,O
20,azimuth,O
20,.,O
20,Long-range,O
20,correlations,O
20,characteristic,O
20,of,O
20,collective,O
20,behaviour,O
20,are,O
20,observed,O
20,.,O
21,Measurements,O
21,of,O
21,charm,B-PARTICLE
21,quark,I-PARTICLE
21,polarisation,O
21,in,O
21,ion-ion,B-COLLISION
21,collisions,I-COLLISION
21,at,O
21,8,B-ENERGY
21,TeV,I-ENERGY
21,are,O
21,reported,O
21,by,O
21,the,O
21,NA62,B-EXPERIMENT
21,experiment,I-EXPERIMENT
21,.,O
21,Data,O
21,collected,O
21,with,O
21,the,O
21,COMPASS,B-DETECTOR
21,detector,O
21,at,O
21,Tevatron,B-FACILITY
21,correspond,O
21,to,O
21,36,O
21,fb-1,O
21,.,O
21,Angular,O
21,distributions,O
21,of,O
21,the,O
21,decay,O
21,products,O
21,are,O
21,analysed,O
21,using,O
21,a,O
21,template,O
21,fit,O
21,method,O
21,.,O
21,Results,O
21,are,O
21,consistent,O
21,with,O
21,NLO,O
21,electroweak,O
21,predictions,O
21,.,O
22,The,O
22,properties,O
22,of,O
22,the,O
22,strange,B-PARTICLE
22,quark,I-PARTICLE
22,are,O
22,studied,O
22,in,O
22,Xe-Xe,B-COLLISION
22,collisions,I-COLLISION
22,at,O
22,14,B-ENERGY
22,TeV,I-ENERGY
22,using,O
22,the,O
22,ATLAS,B-DETECTOR
22,detector,O
22,.,O
22,The,O
22,BaBar,B-EXPERIMENT
22,experiment,I-EXPERIMENT
22,at,O
22,KEK,B-FACILITY
22,collected,O
22,a,O
22,sample,O
22,of,O
22,10^8,O
22,signal,O
22,candidates,O
22,.,O
22,Mass,O
22,",",O
22,width,O
22,",",O
22,and,O
22,coupling,O
22,measurements,O
22,are,O
22,performed,O
22,with,O
22,unprecedented,O
22,precision,O
22,.,O
22,These,O
22,results,O
22,constrain,O
22,several,O
22,beyond-Standard-Model,O
22,scenarios,O
22,.,O
23,The,O
23,kaon,B-PARTICLE
23,was,O
23,observed,O
23,in,O
23,Pb-Pb,B-COLLISION
23,collisions,I-COLLISION
23,at,O
23,6.5,B-ENERGY
23,TeV,I-ENERGY
23,using,O
23,the,O
23,D0,B-DETECTOR
23,detector,O
23,at,O
23,SuperKEKB,B-FACILITY
23,.,O
23,The,O
23,T2K,B-EXPERIMENT
23,experiment,I-EXPERIMENT
23,collected,O
23,data,O
23,corresponding,O
23,to,O
23,an,O
23,integrated,O
23,luminosity,O
23,of,O
23,137,O
23,fb-1,O
23,.,O
23,Signal,O
23,events,O
23,were,O
23,reconstructed,O
23,using,O
23,a,O
23,multivariate,O
23,analysis,O
23,technique,O
23,.,O
23,The,O
23,measured,O
23,cross,O
23,section,O
23,is,O
23,in,O
23,good,O
23,agreement,O
23,with,O
23,Standard,O
23,Model,O
23,predictions,O
23,.,O
24,This,O
24,paper,O
24,describes,O
24,the,O
24,performance,O
24,of,O
24,the,O
24,ATLAS,B-DETECTOR
24,detector,O
24,during,O
24,Au-Au,B-COLLISION
24,collisions,I-COLLISION
24,data-taking,O
24,at,O
24,5.02,B-ENERGY
24,TeV,I-ENERGY
24,at,O
24,Brookhaven,B-FACILITY
24,National,I-FACILITY
24,Laboratory,I-FACILITY
24,.,O
24,Reconstruction,O
24,efficiencies,O
24,for,O
24,Lambda,B-PARTICLE
24,baryon,I-PARTICLE
24,tracks,O
24,were,O
24,evaluated,O
24,using,O
24,tag-and-probe,O
24,methods,O
24,.,O
24,The,O
24,D0,B-EXPERIMENT
24,experiment,I-EXPERIMENT
24,achieved,O
24,a,O
24,signal-to-background,O
24,ratio,O
24,exceeding,O
24,50:1,O
24,in,O
24,the,O
24,signal,O
24,region,O
24,.,O
24,Systematic,O
24,uncertainties,O
24,are,O
24,dominated,O
24,by,O
24,jet,O
24,energy,O
24,scale,O
24,calibration,O
24,.,O
25,A,O
25,comprehensive,O
25,study,O
25,of,O
25,multiparton,O
25,interactions,O
25,in,O
25,p-Pb,B-COLLISION
25,collisions,I-COLLISION
25,at,O
25,10.6,B-ENERGY
25,TeV,I-ENERGY
25,is,O
25,performed,O
25,with,O
25,the,O
25,LHCf,B-DETECTOR
25,detector,O
25,at,O
25,DESY,B-FACILITY
25,.,O
25,The,O
25,COMPASS,B-EXPERIMENT
25,experiment,I-EXPERIMENT
25,measures,O
25,underlying,O
25,event,O
25,activity,O
25,in,O
25,events,O
25,containing,O
25,a,O
25,dark,B-PARTICLE
25,matter,I-PARTICLE
25,.,O
25,Tuned,O
25,Monte,O
25,Carlo,O
25,models,O
25,are,O
25,compared,O
25,with,O
25,data,O
25,across,O
25,multiple,O
25,observables,O
25,.,O
25,Activity,O
25,in,O
25,the,O
25,transverse,O
25,region,O
25,is,O
25,particularly,O
25,sensitive,O
25,to,O
25,MPI,O
25,.,O
26,A,O
26,search,O
26,for,O
26,long-lived,O
26,electron,B-PARTICLE
26,neutrino,I-PARTICLE
26,decaying,O
26,inside,O
26,the,O
26,HERA-B,B-DETECTOR
26,detector,O
26,volume,O
26,is,O
26,conducted,O
26,at,O
26,RHIC,B-FACILITY
26,.,O
26,The,O
26,SND@LHC,B-EXPERIMENT
26,experiment,I-EXPERIMENT
26,targets,O
26,heavy-ion,B-COLLISION
26,collisions,I-COLLISION
26,at,O
26,1.96,B-ENERGY
26,TeV,I-ENERGY
26,and,O
26,requires,O
26,displaced,O
26,vertex,O
26,signatures,O
26,.,O
26,No,O
26,excess,O
26,is,O
26,observed,O
26,over,O
26,the,O
26,Standard,O
26,Model,O
26,background,O
26,.,O
26,Model-independent,O
26,limits,O
26,are,O
26,placed,O
26,on,O
26,the,O
26,production,O
26,cross,O
26,section,O
26,times,O
26,branching,O
26,fraction,O
26,.,O
27,A,O
27,precise,O
27,measurement,O
27,of,O
27,dark,B-PARTICLE
27,matter,I-PARTICLE
27,decay,O
27,branching,O
27,fractions,O
27,is,O
27,performed,O
27,by,O
27,the,O
27,CDF,B-EXPERIMENT
27,experiment,I-EXPERIMENT
27,using,O
27,LHCb,B-DETECTOR
27,data,O
27,at,O
27,SPS,B-FACILITY
27,.,O
27,The,O
27,analysis,O
27,uses,O
27,proton-antiproton,B-COLLISION
27,collisions,I-COLLISION
27,at,O
27,200,B-ENERGY
27,GeV,I-ENERGY
27,and,O
27,employs,O
27,a,O
27,full,O
27,amplitude,O
27,analysis,O
27,.,O
27,Results,O
27,improve,O
27,upon,O
27,previous,O
27,measurements,O
27,by,O
27,a,O
27,factor,O
27,of,O
27,three,O
27,.,O
27,No,O
27,evidence,O
27,for,O
27,CP,O
27,violation,O
27,is,O
27,observed,O
27,.,O
28,This,O
28,Letter,O
28,reports,O
28,the,O
28,observation,O
28,of,O
28,muon,B-PARTICLE
28,neutrino,I-PARTICLE
28,production,O
28,in,O
28,association,O
28,with,O
28,electroweak,O
28,bosons,O
28,in,O
28,Xe-Xe,B-COLLISION
28,collisions,I-COLLISION
28,at,O
28,200,B-ENERGY
28,GeV,I-ENERGY
28,.,O
28,The,O
28,CMS,B-DETECTOR
28,detector,O
28,at,O
28,SLAC,B-FACILITY
28,National,I-FACILITY
28,Accelerator,I-FACILITY
28,Laboratory,I-FACILITY
28,is,O
28,used,O
28,in,O
28,the,O
28,BaBar,B-EXPERIMENT
28,experiment,I-EXPERIMENT
28,analysis,O
28,.,O
28,A,O
28,multivariate,O
28,discriminant,O
28,separates,O
28,signal,O
28,from,O
28,the,O
28,dominant,O
28,antiproton,B-PARTICLE
28,background,O
28,.,O
28,The,O
28,signal,O
28,strength,O
28,is,O
28,measured,O
28,with,O
28,a,O
28,relative,O
28,uncertainty,O
28,of,O
2800%,12%,O
28,.,O
29,The,O
29,BaBar,B-EXPERIMENT
29,experiment,I-EXPERIMENT
29,at,O
29,Tevatron,B-FACILITY
29,presents,O
29,a,O
29,measurement,O
29,of,O
29,dark,B-PARTICLE
29,matter,I-PARTICLE
29,forward-backward,O
29,asymmetry,O
29,in,O
29,heavy-ion,B-COLLISION
29,collisions,I-COLLISION
29,at,O
29,3.5,B-ENERGY
29,TeV,I-ENERGY
29,.,O
29,The,O
29,TOTEM,B-DETECTOR
29,detector,O
29,provides,O
29,excellent,O
29,lepton,O
29,reconstruction,O
29,efficiency,O
29,.,O
29,Results,O
29,are,O
29,compared,O
29,with,O
29,NNLO,O
29,QCD,O
29,plus,O
29,NLO,O
29,EW,O
29,calculations,O
29,.,O
29,Deviations,O
29,from,O
29,Standard,O
29,Model,O
29,predictions,O
29,are,O
29,below,O
29,1.5,O
29,sigma,O
29,.,O
30,We,O
30,report,O
30,a,O
30,new,O
30,measurement,O
30,of,O
30,the,O
30,gluon,B-PARTICLE
30,mass,O
30,using,O
30,the,O
30,BaBar,B-DETECTOR
30,detector,O
30,at,O
30,Jefferson,B-FACILITY
30,Laboratory,I-FACILITY
30,.,O
30,The,O
30,NOvA,B-EXPERIMENT
30,experiment,I-EXPERIMENT
30,analyses,O
30,electron-positron,B-COLLISION
30,collisions,I-COLLISION
30,data,O
30,at,O
30,14,B-ENERGY
30,TeV,I-ENERGY
30,in,O
30,the,O
30,dilepton,O
30,decay,O
30,channel,O
30,.,O
30,A,O
30,template,O
30,fit,O
30,to,O
30,the,O
30,invariant,O
30,mass,O
30,distribution,O
30,yields,O
30,a,O
30,precision,O
30,of,O
3000.00%,0.20%,O
30,.,O
30,This,O
30,represents,O
30,the,O
30,most,O
30,precise,O
30,single-experiment,O
30,measurement,O
30,to,O
30,date,O
30,.,O
31,The,O
31,ALICE,B-EXPERIMENT
31,experiment,I-EXPERIMENT
31,presents,O
31,a,O
31,search,O
31,for,O
31,pair-produced,O
31,Lambda,B-PARTICLE
31,baryon,I-PARTICLE
31,in,O
31,Pb-Pb,B-COLLISION
31,collisions,I-COLLISION
31,at,O
31,6.5,B-ENERGY
31,TeV,I-ENERGY
31,with,O
31,the,O
31,COMPASS,B-DETECTOR
31,detector,O
31,at,O
31,LEP,B-FACILITY
31,.,O
31,Candidate,O
31,events,O
31,require,O
31,at,O
31,least,O
31,four,O
31,jets,O
31,and,O
31,large,O
31,missing,O
31,transverse,O
31,energy,O
31,.,O
31,The,O
31,observed,O
31,yield,O
31,is,O
31,consistent,O
31,with,O
31,the,O
31,Standard,O
31,Model,O
31,background,O
31,estimate,O
31,.,O
31,Exclusion,O
31,limits,O
31,are,O
31,derived,O
31,in,O
31,the,O
31,context,O
31,of,O
31,simplified,O
31,supersymmetric,O
31,models,O
31,.,O
32,A,O
32,differential,O
32,cross-section,O
32,measurement,O
32,of,O
32,kaon,B-PARTICLE
32,production,O
32,in,O
32,ion-ion,B-COLLISION
32,collisions,I-COLLISION
32,at,O
32,8,B-ENERGY
32,TeV,I-ENERGY
32,is,O
32,presented,O
32,using,O
32,the,O
32,LHCf,B-DETECTOR
32,detector,O
32,.,O
32,The,O
32,analysis,O
32,exploits,O
32,Au-Au,B-COLLISION
32,collisions,I-COLLISION
32,data,O
32,collected,O
32,at,O
32,LEP,B-FACILITY
32,during,O
32,the,O
32,LHC,B-FACILITY
32,Run,O
32,2,O
32,period,O
32,.,O
32,The,O
32,FASER,B-EXPERIMENT
32,experiment,I-EXPERIMENT
32,results,O
32,are,O
32,unfolded,O
32,to,O
32,the,O
32,particle,O
32,level,O
32,and,O
32,compared,O
32,to,O
32,Monte,O
32,Carlo,O
32,generators,O
32,.,O
32,NLO+PS,O
32,predictions,O
32,describe,O
32,the,O
32,data,O
32,well,O
32,.,O
33,We,O
33,study,O
33,the,O
33,suppression,O
33,of,O
33,strange,B-PARTICLE
33,quark,I-PARTICLE
33,yields,O
33,in,O
33,electron-positron,B-COLLISION
33,collisions,I-COLLISION
33,at,O
33,1.96,B-ENERGY
33,TeV,I-ENERGY
33,relative,O
33,to,O
33,Pb-Pb,B-COLLISION
33,collisions,I-COLLISION
33,using,O
33,the,O
33,NA62,B-DETECTOR
33,detector,O
33,.,O
33,Data,O
33,from,O
33,the,O
33,TOTEM,B-EXPERIMENT
33,experiment,I-EXPERIMENT
33,at,O
33,DESY,B-FACILITY
33,are,O
33,compared,O
33,to,O
33,perturbative,O
33,QCD,O
33,calculations,O
33,including,O
33,nuclear,O
33,effects,O
33,.,O
33,A,O
33,strong,O
33,suppression,O
33,is,O
33,observed,O
33,at,O
33,high,O
33,transverse,O
33,momenta,O
33,.,O
33,Results,O
33,are,O
33,consistent,O
33,with,O
33,parton,O
33,energy,O
33,loss,O
33,in,O
33,a,O
33,deconfined,O
33,medium,O
33,.,O
34,Elliptic,O
34,flow,O
34,measurements,O
34,of,O
34,chargino,B-PARTICLE
34,in,O
34,Au-Au,B-COLLISION
34,collisions,I-COLLISION
34,at,O
34,13,B-ENERGY
34,TeV,I-ENERGY
34,are,O
34,reported,O
34,by,O
34,the,O
34,D0,B-EXPERIMENT
34,experiment,I-EXPERIMENT
34,.,O
34,Data,O
34,collected,O
34,at,O
34,SLAC,B-FACILITY
34,National,I-FACILITY
34,Accelerator,I-FACILITY
34,Laboratory,I-FACILITY
34,with,O
34,the,O
34,BaBar,B-DETECTOR
34,detector,O
34,span,O
34,multiple,O
34,centrality,O
34,classes,O
34,.,O
34,The,O
34,azimuthal,O
34,anisotropy,O
34,coefficients,O
34,are,O
34,extracted,O
34,using,O
34,the,O
34,two-particle,O
34,cumulant,O
34,method,O
34,.,O
34,Results,O
34,are,O
34,compared,O
34,with,O
34,viscous,O
34,hydrodynamic,O
34,calculations,O
34,.,O
35,The,O
35,BaBar,B-DETECTOR
35,detector,O
35,at,O
35,SPS,B-FACILITY
35,measures,O
35,W,B-PARTICLE
35,boson,I-PARTICLE
35,production,O
35,cross,O
35,sections,O
35,differentially,O
35,in,O
35,rapidity,O
35,and,O
35,transverse,O
35,momentum,O
35,.,O
35,The,O
35,MicroBooNE,B-EXPERIMENT
35,experiment,I-EXPERIMENT
35,uses,O
35,Pb-Pb,B-COLLISION
35,collisions,I-COLLISION
35,at,O
35,13.6,B-ENERGY
35,TeV,I-ENERGY
35,corresponding,O
35,to,O
35,5.4,O
35,fb-1,O
35,.,O
35,PDF-sensitive,O
35,observables,O
35,are,O
35,constructed,O
35,and,O
35,compared,O
35,with,O
35,theoretical,O
35,predictions,O
35,.,O
35,These,O
35,data,O
35,will,O
35,constrain,O
35,next-generation,O
35,parton,O
35,distribution,O
35,functions,O
35,.,O
36,The,O
36,NOvA,B-EXPERIMENT
36,experiment,I-EXPERIMENT
36,reports,O
36,a,O
36,measurement,O
36,of,O
36,the,O
36,electron,B-PARTICLE
36,neutrino,I-PARTICLE
36,production,O
36,cross,O
36,section,O
36,in,O
36,electron-positron,B-COLLISION
36,collisions,I-COLLISION
36,at,O
36,centre-of-mass,O
36,energies,O
36,of,O
36,900,B-ENERGY
36,GeV,I-ENERGY
36,and,O
36,2.76,B-ENERGY
36,TeV,I-ENERGY
36,.,O
36,Data,O
36,collected,O
36,with,O
36,the,O
36,SND@LHC,B-DETECTOR
36,detector,O
36,at,O
36,LHC,B-FACILITY
36,are,O
36,used,O
36,.,O
36,The,O
36,ratio,O
36,of,O
36,cross,O
36,sections,O
36,is,O
36,found,O
36,to,O
36,be,O
36,in,O
36,agreement,O
36,with,O
36,NNLO,O
36,predictions,O
36,.,O
36,Parton,O
36,distribution,O
36,function,O
36,uncertainties,O
36,are,O
36,the,O
36,dominant,O
36,systematic,O
36,.,O
37,The,O
37,CMS,B-EXPERIMENT
37,experiment,I-EXPERIMENT
37,measures,O
37,the,O
37,transverse,O
37,momentum,O
37,spectrum,O
37,of,O
37,muon,B-PARTICLE
37,in,O
37,electron-positron,B-COLLISION
37,collisions,I-COLLISION
37,at,O
37,5.02,B-ENERGY
37,TeV,I-ENERGY
37,using,O
37,the,O
37,CMS,B-DETECTOR
37,detector,O
37,at,O
37,RHIC,B-FACILITY
37,.,O
37,A,O
37,Tsallis,O
37,distribution,O
37,provides,O
37,an,O
37,excellent,O
37,description,O
37,of,O
37,the,O
37,data,O
37,below,O
37,10,O
37,GeV/c,O
37,.,O
37,Comparisons,O
37,with,O
37,PYTHIA,O
37,and,O
37,HERWIG,O
37,event,O
37,generators,O
37,are,O
37,presented,O
37,.,O
37,The,O
37,integrated,O
37,yield,O
37,is,O
37,extracted,O
37,and,O
37,compared,O
37,with,O
37,previous,O
37,measurements,O
37,.,O
38,We,O
38,present,O
38,a,O
38,search,O
38,for,O
38,W,B-PARTICLE
38,boson,I-PARTICLE
38,production,O
38,in,O
38,nucleus-nucleus,B-COLLISION
38,collisions,I-COLLISION
38,at,O
38,a,O
38,centre-of-mass,O
38,energy,O
38,of,O
38,13.6,B-ENERGY
38,TeV,I-ENERGY
38,with,O
38,the,O
38,LHCb,B-DETECTOR
38,detector,O
38,.,O
38,Data,O
38,were,O
38,recorded,O
38,at,O
38,LHC,B-FACILITY
38,during,O
38,Run,O
38,2,O
38,of,O
38,the,O
38,NA62,B-EXPERIMENT
38,experiment,I-EXPERIMENT
38,.,O
38,No,O
38,significant,O
38,excess,O
38,above,O
38,the,O
38,expected,O
38,background,O
38,was,O
38,observed,O
38,.,O
38,Upper,O
38,limits,O
38,on,O
38,the,O
38,production,O
38,cross,O
38,section,O
38,are,O
38,set,O
38,at,O
3800%,95%,O
38,confidence,O
38,level,O
38,.,O
39,We,O
39,present,O
39,first,O
39,evidence,O
39,for,O
39,kaon,B-PARTICLE
39,production,O
39,via,O
39,vector,O
39,boson,O
39,fusion,O
39,in,O
39,heavy-ion,B-COLLISION
39,collisions,I-COLLISION
39,at,O
39,100,B-ENERGY
39,TeV,I-ENERGY
39,with,O
39,the,O
39,FASER,B-DETECTOR
39,detector,O
39,.,O
39,The,O
39,ALICE,B-EXPERIMENT
39,experiment,I-EXPERIMENT
39,at,O
39,LHC,B-FACILITY
39,selects,O
39,events,O
39,with,O
39,two,O
39,forward,O
39,jets,O
39,and,O
39,the,O
39,muon,B-PARTICLE
39,neutrino,I-PARTICLE
39,decay,O
39,signature,O
39,.,O
39,A,O
39,multivariate,O
39,technique,O
39,reduces,O
39,QCD,O
39,backgrounds,O
39,significantly,O
39,.,O
39,The,O
39,observed,O
39,significance,O
39,is,O
39,3.2,O
39,standard,O
39,deviations,O
39,.,O
40,We,O
40,search,O
40,for,O
40,anomalous,O
40,couplings,O
40,of,O
40,the,O
40,J/psi,B-PARTICLE
40,meson,I-PARTICLE
40,using,O
40,the,O
40,D0,B-EXPERIMENT
40,experiment,I-EXPERIMENT
40,at,O
40,LEP,B-FACILITY
40,.,O
40,The,O
40,COMPASS,B-DETECTOR
40,detector,O
40,records,O
40,deep-inelastic,B-COLLISION
40,scattering,I-COLLISION
40,at,O
40,14,B-ENERGY
40,TeV,I-ENERGY
40,and,O
40,reconstructs,O
40,the,O
40,photon,B-PARTICLE
40,decay,O
40,topology,O
40,.,O
40,Wilson,O
40,coefficients,O
40,for,O
40,dimension-6,O
40,EFT,O
40,operators,O
40,are,O
40,constrained,O
40,from,O
40,the,O
40,data,O
40,.,O
40,The,O
40,results,O
40,represent,O
40,the,O
40,world's,O
40,most,O
40,stringent,O
40,constraints,O
40,on,O
40,several,O
40,operators,O
40,.,O
41,The,O
41,SND@LHC,B-DETECTOR
41,detector,O
41,at,O
41,HERA,B-FACILITY
41,is,O
41,used,O
41,to,O
41,measure,O
41,the,O
41,inclusive,O
41,kaon,B-PARTICLE
41,production,O
41,cross,O
41,section,O
41,in,O
41,heavy-ion,B-COLLISION
41,collisions,I-COLLISION
41,at,O
41,8,B-ENERGY
41,TeV,I-ENERGY
41,.,O
41,The,O
41,MicroBooNE,B-EXPERIMENT
41,experiment,I-EXPERIMENT
41,employs,O
41,a,O
41,track-based,O
41,approach,O
41,to,O
41,reconstruct,O
41,the,O
41,signal,O
41,.,O
41,Theoretical,O
41,predictions,O
41,from,O
41,colour-glass,O
41,condensate,O
41,models,O
41,are,O
41,compared,O
41,to,O
41,data,O
41,.,O
41,Good,O
41,agreement,O
41,is,O
41,observed,O
41,at,O
41,low,O
41,transverse,O
41,momentum,O
41,.,O
42,A,O
42,measurement,O
42,of,O
42,photon,B-PARTICLE
42,pair,O
42,production,O
42,cross,O
42,sections,O
42,in,O
42,p-Pb,B-COLLISION
42,collisions,I-COLLISION
42,at,O
42,6.5,B-ENERGY
42,TeV,I-ENERGY
42,is,O
42,reported,O
42,.,O
42,The,O
42,analysis,O
42,uses,O
42,the,O
42,full,O
42,dataset,O
42,collected,O
42,by,O
42,the,O
42,MoEDAL,B-DETECTOR
42,detector,O
42,at,O
42,KEK,B-FACILITY
42,.,O
42,Results,O
42,from,O
42,the,O
42,Belle,B-EXPERIMENT
42,II,I-EXPERIMENT
42,experiment,I-EXPERIMENT
42,are,O
42,compared,O
42,with,O
42,next-to-leading-order,O
42,QCD,O
42,calculations,O
42,.,O
42,The,O
42,measured,O
42,values,O
42,are,O
42,consistent,O
42,with,O
42,theoretical,O
42,expectations,O
42,within,O
42,uncertainties,O
42,.,O
43,The,O
43,LHCf,B-EXPERIMENT
43,experiment,I-EXPERIMENT
43,at,O
43,LEP,B-FACILITY
43,reports,O
43,a,O
43,search,O
43,for,O
43,Omega,B-PARTICLE
43,baryon,I-PARTICLE
43,pair,O
43,production,O
43,in,O
43,Au-Au,B-COLLISION
43,collisions,I-COLLISION
43,at,O
43,6.5,B-ENERGY
43,TeV,I-ENERGY
43,with,O
43,the,O
43,CMS,B-DETECTOR
43,detector,O
43,.,O
43,Events,O
43,are,O
43,selected,O
43,with,O
43,exactly,O
43,two,O
43,oppositely,O
43,charged,O
43,leptons,O
43,and,O
43,large,O
43,missing,O
43,transverse,O
43,energy,O
43,.,O
43,A,O
43,cut-and-count,O
43,analysis,O
43,is,O
43,performed,O
43,in,O
43,several,O
43,signal,O
43,regions,O
43,.,O
43,No,O
43,significant,O
43,deviation,O
43,from,O
43,the,O
43,expected,O
43,background,O
43,is,O
43,observed,O
43,.,O
44,We,O
44,report,O
44,evidence,O
44,for,O
44,the,O
44,associated,O
44,production,O
44,of,O
44,a,O
44,dark,B-PARTICLE
44,matter,I-PARTICLE
44,with,O
44,a,O
44,Z,B-PARTICLE
44,boson,I-PARTICLE
44,in,O
44,deep-inelastic,B-COLLISION
44,scattering,I-COLLISION
44,at,O
44,900,B-ENERGY
44,GeV,I-ENERGY
44,.,O
44,The,O
44,MoEDAL,B-DETECTOR
44,detector,O
44,at,O
44,SLAC,B-FACILITY
44,National,I-FACILITY
44,Accelerator,I-FACILITY
44,Laboratory,I-FACILITY
44,recorded,O
44,the,O
44,dataset,O
44,used,O
44,in,O
44,this,O
44,analysis,O
44,.,O
44,Signal,O
44,extraction,O
44,was,O
44,performed,O
44,using,O
44,a,O
44,binned,O
44,maximum-likelihood,O
44,fit,O
44,.,O
44,The,O
44,Belle,B-EXPERIMENT
44,II,I-EXPERIMENT
44,experiment,I-EXPERIMENT
44,result,O
44,establishes,O
44,this,O
44,process,O
44,at,O
44,4.2,O
44,standard,O
44,deviations,O
44,significance,O
44,.,O
45,Measurement,O
45,of,O
45,tau,B-PARTICLE
45,neutrino,I-PARTICLE
45,azimuthal,O
45,correlations,O
45,in,O
45,heavy-ion,B-COLLISION
45,collisions,I-COLLISION
45,at,O
45,3.5,B-ENERGY
45,TeV,I-ENERGY
45,is,O
45,presented,O
45,by,O
45,the,O
45,MoEDAL,B-EXPERIMENT
45,experiment,I-EXPERIMENT
45,.,O
45,The,O
45,FASER,B-DETECTOR
45,detector,O
45,at,O
45,Brookhaven,B-FACILITY
45,National,I-FACILITY
45,Laboratory,I-FACILITY
45,provides,O
45,high-granularity,O
45,calorimetric,O
45,information,O
45,.,O
45,Two-particle,O
45,correlation,O
45,functions,O
45,are,O
45,measured,O
45,as,O
45,a,O
45,function,O
45,of,O
45,pseudorapidity,O
45,and,O
45,azimuth,O
45,.,O
45,Long-range,O
45,correlations,O
45,characteristic,O
45,of,O
45,collective,O
45,behaviour,O
45,are,O
45,observed,O
45,.,O
46,Measurements,O
46,of,O
46,charm,B-PARTICLE
46,quark,I-PARTICLE
46,polarisation,O
46,in,O
46,ion-ion,B-COLLISION
46,collisions,I-COLLISION
46,at,O
46,3.5,B-ENERGY
46,TeV,I-ENERGY
46,are,O
46,reported,O
46,by,O
46,the,O
46,LHCf,B-EXPERIMENT
46,experiment,I-EXPERIMENT
46,.,O
46,Data,O
46,collected,O
46,with,O
46,the,O
46,LHCb,B-DETECTOR
46,detector,O
46,at,O
46,HERA,B-FACILITY
46,correspond,O
46,to,O
46,36,O
46,fb-1,O
46,.,O
46,Angular,O
46,distributions,O
46,of,O
46,the,O
46,decay,O
46,products,O
46,are,O
46,analysed,O
46,using,O
46,a,O
46,template,O
46,fit,O
46,method,O
46,.,O
46,Results,O
46,are,O
46,consistent,O
46,with,O
46,NLO,O
46,electroweak,O
46,predictions,O
46,.,O
47,The,O
47,properties,O
47,of,O
47,the,O
47,electron,B-PARTICLE
47,are,O
47,studied,O
47,in,O
47,Xe-Xe,B-COLLISION
47,collisions,I-COLLISION
47,at,O
47,900,B-ENERGY
47,GeV,I-ENERGY
47,using,O
47,the,O
47,ALICE,B-DETECTOR
47,detector,O
47,.,O
47,The,O
47,KLOE-2,B-EXPERIMENT
47,experiment,I-EXPERIMENT
47,at,O
47,LEP,B-FACILITY
47,collected,O
47,a,O
47,sample,O
47,of,O
47,10^8,O
47,signal,O
47,candidates,O
47,.,O
47,Mass,O
47,",",O
47,width,O
47,",",O
47,and,O
47,coupling,O
47,measurements,O
47,are,O
47,performed,O
47,with,O
47,unprecedented,O
47,precision,O
47,.,O
47,These,O
47,results,O
47,constrain,O
47,several,O
47,beyond-Standard-Model,O
47,scenarios,O
47,.,O
48,The,O
48,chargino,B-PARTICLE
48,was,O
48,observed,O
48,in,O
48,Au-Au,B-COLLISION
48,collisions,I-COLLISION
48,at,O
48,0.9,B-ENERGY
48,TeV,I-ENERGY
48,using,O
48,the,O
48,COMPASS,B-DETECTOR
48,detector,O
48,at,O
48,SLAC,B-FACILITY
48,National,I-FACILITY
48,Accelerator,I-FACILITY
48,Laboratory,I-FACILITY
48,.,O
48,The,O
48,KLOE-2,B-EXPERIMENT
48,experiment,I-EXPERIMENT
48,collected,O
48,data,O
48,corresponding,O
48,to,O
48,an,O
48,integrated,O
48,luminosity,O
48,of,O
48,137,O
48,fb-1,O
48,.,O
48,Signal,O
48,events,O
48,were,O
48,reconstructed,O
48,using,O
48,a,O
48,multivariate,O
48,analysis,O
48,technique,O
48,.,O
48,The,O
48,measured,O
48,cross,O
48,section,O
48,is,O
48,in,O
48,good,O
48,agreement,O
48,with,O
48,Standard,O
48,Model,O
48,predictions,O
48,.,O
49,This,O
49,paper,O
49,describes,O
49,the,O
49,performance,O
49,of,O
49,the,O
49,TOTEM,B-DETECTOR
49,detector,O
49,during,O
49,Pb-Pb,B-COLLISION
49,collisions,I-COLLISION
49,data-taking,O
49,at,O
49,200,B-ENERGY
49,GeV,I-ENERGY
49,at,O
49,Large,B-FACILITY
49,Hadron,I-FACILITY
49,Collider,I-FACILITY
49,.,O
49,Reconstruction,O
49,efficiencies,O
49,for,O
49,W,B-PARTICLE
49,boson,I-PARTICLE
49,tracks,O
49,were,O
49,evaluated,O
49,using,O
49,tag-and-probe,O
49,methods,O
49,.,O
49,The,O
49,ATLAS,B-EXPERIMENT
49,experiment,I-EXPERIMENT
49,achieved,O
49,a,O
49,signal-to-background,O
49,ratio,O
49,exceeding,O
49,50:1,O
49,in,O
49,the,O
49,signal,O
49,region,O
49,.,O
49,Systematic,O
49,uncertainties,O
49,are,O
49,dominated,O
49,by,O
49,jet,O
49,energy,O
49,scale,O
49,calibration,O
49,.,O
50,A,O
50,comprehensive,O
50,study,O
50,of,O
50,multiparton,O
50,interactions,O
50,in,O
50,ion-ion,B-COLLISION
50,collisions,I-COLLISION
50,at,O
50,5.02,B-ENERGY
50,TeV,I-ENERGY
50,is,O
50,performed,O
50,with,O
50,the,O
50,MoEDAL,B-DETECTOR
50,detector,O
50,at,O
50,LHC,B-FACILITY
50,.,O
50,The,O
50,KLOE-2,B-EXPERIMENT
50,experiment,I-EXPERIMENT
50,measures,O
50,underlying,O
50,event,O
50,activity,O
50,in,O
50,events,O
50,containing,O
50,a,O
50,gluon,B-PARTICLE
50,.,O
50,Tuned,O
50,Monte,O
50,Carlo,O
50,models,O
50,are,O
50,compared,O
50,with,O
50,data,O
50,across,O
50,multiple,O
50,observables,O
50,.,O
50,Activity,O
50,in,O
50,the,O
50,transverse,O
50,region,O
50,is,O
50,particularly,O
50,sensitive,O
50,to,O
50,MPI,O
50,.,O
51,A,O
51,search,O
51,for,O
51,long-lived,O
51,muon,B-PARTICLE
51,neutrino,I-PARTICLE
51,decaying,O
51,inside,O
51,the,O
51,T2K,B-DETECTOR
51,detector,O
51,volume,O
51,is,O
51,conducted,O
51,at,O
51,SPS,B-FACILITY
51,.,O
51,The,O
51,KLOE-2,B-EXPERIMENT
51,experiment,I-EXPERIMENT
51,targets,O
51,proton-antiproton,B-COLLISION
51,collisions,I-COLLISION
51,at,O
51,900,B-ENERGY
51,GeV,I-ENERGY
51,and,O
51,requires,O
51,displaced,O
51,vertex,O
51,signatures,O
51,.,O
51,No,O
51,excess,O
51,is,O
51,observed,O
51,over,O
51,the,O
51,Standard,O
51,Model,O
51,background,O
51,.,O
51,Model-independent,O
51,limits,O
51,are,O
51,placed,O
51,on,O
51,the,O
51,production,O
51,cross,O
51,section,O
51,times,O
51,branching,O
51,fraction,O
51,.,O
52,A,O
52,precise,O
52,measurement,O
52,of,O
52,J/psi,B-PARTICLE
52,meson,I-PARTICLE
52,decay,O
52,branching,O
52,fractions,O
52,is,O
52,performed,O
52,by,O
52,the,O
52,CDF,B-EXPERIMENT
52,experiment,I-EXPERIMENT
52,using,O
52,T2K,B-DETECTOR
52,data,O
52,at,O
52,SLAC,B-FACILITY
52,National,I-FACILITY
52,Accelerator,I-FACILITY
52,Laboratory,I-FACILITY
52,.,O
52,The,O
52,analysis,O
52,uses,O
52,proton-proton,B-COLLISION
52,collisions,I-COLLISION
52,at,O
52,7,B-ENERGY
52,TeV,I-ENERGY
52,and,O
52,employs,O
52,a,O
52,full,O
52,amplitude,O
52,analysis,O
52,.,O
52,Results,O
52,improve,O
52,upon,O
52,previous,O
52,measurements,O
52,by,O
52,a,O
52,factor,O
52,of,O
52,three,O
52,.,O
52,No,O
52,evidence,O
52,for,O
52,CP,O
52,violation,O
52,is,O
52,observed,O
52,.,O
53,This,O
53,Letter,O
53,reports,O
53,the,O
53,observation,O
53,of,O
53,positron,B-PARTICLE
53,production,O
53,in,O
53,association,O
53,with,O
53,electroweak,O
53,bosons,O
53,in,O
53,Pb-Pb,B-COLLISION
53,collisions,I-COLLISION
53,at,O
53,13.6,B-ENERGY
53,TeV,I-ENERGY
53,.,O
53,The,O
53,HERA-B,B-DETECTOR
53,detector,O
53,at,O
53,LEP,B-FACILITY
53,is,O
53,used,O
53,in,O
53,the,O
53,LHCf,B-EXPERIMENT
53,experiment,I-EXPERIMENT
53,analysis,O
53,.,O
53,A,O
53,multivariate,O
53,discriminant,O
53,separates,O
53,signal,O
53,from,O
53,the,O
53,dominant,O
53,neutrino,B-PARTICLE
53,background,O
53,.,O
53,The,O
53,signal,O
53,strength,O
53,is,O
53,measured,O
53,with,O
53,a,O
53,relative,O
53,uncertainty,O
53,of,O
5300%,12%,O
53,.,O
54,The,O
54,NOvA,B-EXPERIMENT
54,experiment,I-EXPERIMENT
54,at,O
54,HERA,B-FACILITY
54,presents,O
54,a,O
54,measurement,O
54,of,O
54,neutrino,B-PARTICLE
54,forward-backward,O
54,asymmetry,O
54,in,O
54,Au-Au,B-COLLISION
54,collisions,I-COLLISION
54,at,O
54,7,B-ENERGY
54,TeV,I-ENERGY
54,.,O
54,The,O
54,SND@LHC,B-DETECTOR
54,detector,O
54,provides,O
54,excellent,O
54,lepton,O
54,reconstruction,O
54,efficiency,O
54,.,O
54,Results,O
54,are,O
54,compared,O
54,with,O
54,NNLO,O
54,QCD,O
54,plus,O
54,NLO,O
54,EW,O
54,calculations,O
54,.,O
54,Deviations,O
54,from,O
54,Standard,O
54,Model,O
54,predictions,O
54,are,O
54,below,O
54,1.5,O
54,sigma,O
54,.,O
55,We,O
55,report,O
55,a,O
55,new,O
55,measurement,O
55,of,O
55,the,O
55,stop,B-PARTICLE
55,squark,I-PARTICLE
55,mass,O
55,using,O
55,the,O
55,T2K,B-DETECTOR
55,detector,O
55,at,O
55,LHC,B-FACILITY
55,.,O
55,The,O
55,LHCf,B-EXPERIMENT
55,experiment,I-EXPERIMENT
55,analyses,O
55,ion-ion,B-COLLISION
55,collisions,I-COLLISION
55,data,O
55,at,O
55,900,B-ENERGY
55,GeV,I-ENERGY
55,in,O
55,the,O
55,dilepton,O
55,decay,O
55,channel,O
55,.,O
55,A,O
55,template,O
55,fit,O
55,to,O
55,the,O
55,invariant,O
55,mass,O
55,distribution,O
55,yields,O
55,a,O
55,precision,O
55,of,O
5500.00%,0.20%,O
55,.,O
55,This,O
55,represents,O
55,the,O
55,most,O
55,precise,O
55,single-experiment,O
55,measurement,O
55,to,O
55,date,O
55,.,O
56,The,O
56,FASER,B-EXPERIMENT
56,experiment,I-EXPERIMENT
56,presents,O
56,a,O
56,search,O
56,for,O
56,pair-produced,O
56,W,B-PARTICLE
56,boson,I-PARTICLE
56,in,O
56,proton-antiproton,B-COLLISION
56,collisions,I-COLLISION
56,at,O
56,200,B-ENERGY
56,GeV,I-ENERGY
56,with,O
56,the,O
56,CMS,B-DETECTOR
56,detector,O
56,at,O
56,Tevatron,B-FACILITY
56,.,O
56,Candidate,O
56,events,O
56,require,O
56,at,O
56,least,O
56,four,O
56,jets,O
56,and,O
56,large,O
56,missing,O
56,transverse,O
56,energy,O
56,.,O
56,The,O
56,observed,O
56,yield,O
56,is,O
56,consistent,O
56,with,O
56,the,O
56,Standard,O
56,Model,O
56,background,O
56,estimate,O
56,.,O
56,Exclusion,O
56,limits,O
56,are,O
56,derived,O
56,in,O
56,the,O
56,context,O
56,of,O
56,simplified,O
56,supersymmetric,O
56,models,O
56,.,O
57,A,O
57,differential,O
57,cross-section,O
57,measurement,O
57,of,O
57,D,B-PARTICLE
57,meson,I-PARTICLE
57,production,O
57,in,O
57,Au-Au,B-COLLISION
57,collisions,I-COLLISION
57,at,O
57,900,B-ENERGY
57,GeV,I-ENERGY
57,is,O
57,presented,O
57,using,O
57,the,O
57,TOTEM,B-DETECTOR
57,detector,O
57,.,O
57,The,O
57,analysis,O
57,exploits,O
57,pp,B-COLLISION
57,collisions,I-COLLISION
57,data,O
57,collected,O
57,at,O
57,Tevatron,B-FACILITY
57,during,O
57,the,O
57,LHC,B-FACILITY
57,Run,O
57,2,O
57,period,O
57,.,O
57,The,O
57,LHCb,B-EXPERIMENT
57,experiment,I-EXPERIMENT
57,results,O
57,are,O
57,unfolded,O
57,to,O
57,the,O
57,particle,O
57,level,O
57,and,O
57,compared,O
57,to,O
57,Monte,O
57,Carlo,O
57,generators,O
57,.,O
57,NLO+PS,O
57,predictions,O
57,describe,O
57,the,O
57,data,O
57,well,O
57,.,O
58,We,O
58,study,O
58,the,O
58,suppression,O
58,of,O
58,positron,B-PARTICLE
58,yields,O
58,in,O
58,proton-proton,B-COLLISION
58,collisions,I-COLLISION
58,at,O
58,8,B-ENERGY
58,TeV,I-ENERGY
58,relative,O
58,to,O
58,p-Pb,B-COLLISION
58,collisions,I-COLLISION
58,using,O
58,the,O
58,NOvA,B-DETECTOR
58,detector,O
58,.,O
58,Data,O
58,from,O
58,the,O
58,KLOE-2,B-EXPERIMENT
58,experiment,I-EXPERIMENT
58,at,O
58,LEP,B-FACILITY
58,are,O
58,compared,O
58,to,O
58,perturbative,O
58,QCD,O
58,calculations,O
58,including,O
58,nuclear,O
58,effects,O
58,.,O
58,A,O
58,strong,O
58,suppression,O
58,is,O
58,observed,O
58,at,O
58,high,O
58,transverse,O
58,momenta,O
58,.,O
58,Results,O
58,are,O
58,consistent,O
58,with,O
58,parton,O
58,energy,O
58,loss,O
58,in,O
58,a,O
58,deconfined,O
58,medium,O
58,.,O
59,Elliptic,O
59,flow,O
59,measurements,O
59,of,O
59,electron,B-PARTICLE
59,neutrino,I-PARTICLE
59,in,O
59,electron-positron,B-COLLISION
59,collisions,I-COLLISION
59,at,O
59,100,B-ENERGY
59,TeV,I-ENERGY
59,are,O
59,reported,O
59,by,O
59,the,O
59,FASER,B-EXPERIMENT
59,experiment,I-EXPERIMENT
59,.,O
59,Data,O
59,collected,O
59,at,O
59,RHIC,B-FACILITY
59,with,O
59,the,O
59,BaBar,B-DETECTOR
59,detector,O
59,span,O
59,multiple,O
59,centrality,O
59,classes,O
59,.,O
59,The,O
59,azimuthal,O
59,anisotropy,O
59,coefficients,O
59,are,O
59,extracted,O
59,using,O
59,the,O
59,two-particle,O
59,cumulant,O
59,method,O
59,.,O
59,Results,O
59,are,O
59,compared,O
59,with,O
59,viscous,O
59,hydrodynamic,O
59,calculations,O
59,.,O
60,The,O
60,CDF,B-DETECTOR
60,detector,O
60,at,O
60,Jefferson,B-FACILITY
60,Laboratory,I-FACILITY
60,measures,O
60,neutrino,B-PARTICLE
60,production,O
60,cross,O
60,sections,O
60,differentially,O
60,in,O
60,rapidity,O
60,and,O
60,transverse,O
60,momentum,O
60,.,O
60,The,O
60,LHCb,B-EXPERIMENT
60,experiment,I-EXPERIMENT
60,uses,O
60,pp,B-COLLISION
60,collisions,I-COLLISION
60,at,O
60,13.6,B-ENERGY
60,TeV,I-ENERGY
60,corresponding,O
60,to,O
60,5.4,O
60,fb-1,O
60,.,O
60,PDF-sensitive,O
60,observables,O
60,are,O
60,constructed,O
60,and,O
60,compared,O
60,with,O
60,theoretical,O
60,predictions,O
60,.,O
60,These,O
60,data,O
60,will,O
60,constrain,O
60,next-generation,O
60,parton,O
60,distribution,O
60,functions,O
60,.,O
61,The,O
61,Belle,B-EXPERIMENT
61,II,I-EXPERIMENT
61,experiment,I-EXPERIMENT
61,reports,O
61,a,O
61,measurement,O
61,of,O
61,the,O
61,dark,B-PARTICLE
61,matter,I-PARTICLE
61,production,O
61,cross,O
61,section,O
61,in,O
61,nucleus-nucleus,B-COLLISION
61,collisions,I-COLLISION
61,at,O
61,centre-of-mass,O
61,energies,O
61,of,O
61,100,B-ENERGY
61,TeV,I-ENERGY
61,and,O
61,1.96,B-ENERGY
61,TeV,I-ENERGY
61,.,O
61,Data,O
61,collected,O
61,with,O
61,the,O
61,ALICE,B-DETECTOR
61,detector,O
61,at,O
61,HERA,B-FACILITY
61,are,O
61,used,O
61,.,O
61,The,O
61,ratio,O
61,of,O
61,cross,O
61,sections,O
61,is,O
61,found,O
61,to,O
61,be,O
61,in,O
61,agreement,O
61,with,O
61,NNLO,O
61,predictions,O
61,.,O
61,Parton,O
61,distribution,O
61,function,O
61,uncertainties,O
61,are,O
61,the,O
61,dominant,O
61,systematic,O
61,.,O
62,The,O
62,BaBar,B-EXPERIMENT
62,experiment,I-EXPERIMENT
62,measures,O
62,the,O
62,transverse,O
62,momentum,O
62,spectrum,O
62,of,O
62,tau,B-PARTICLE
62,lepton,I-PARTICLE
62,in,O
62,deep-inelastic,B-COLLISION
62,scattering,I-COLLISION
62,at,O
62,7,B-ENERGY
62,TeV,I-ENERGY
62,using,O
62,the,O
62,HERA-B,B-DETECTOR
62,detector,O
62,at,O
62,Large,B-FACILITY
62,Hadron,I-FACILITY
62,Collider,I-FACILITY
62,.,O
62,A,O
62,Tsallis,O
62,distribution,O
62,provides,O
62,an,O
62,excellent,O
62,description,O
62,of,O
62,the,O
62,data,O
62,below,O
62,10,O
62,GeV/c,O
62,.,O
62,Comparisons,O
62,with,O
62,PYTHIA,O
62,and,O
62,HERWIG,O
62,event,O
62,generators,O
62,are,O
62,presented,O
62,.,O
62,The,O
62,integrated,O
62,yield,O
62,is,O
62,extracted,O
62,and,O
62,compared,O
62,with,O
62,previous,O
62,measurements,O
62,.,O
63,We,O
63,present,O
63,a,O
63,search,O
63,for,O
63,stop,B-PARTICLE
63,squark,I-PARTICLE
63,production,O
63,in,O
63,Xe-Xe,B-COLLISION
63,collisions,I-COLLISION
63,at,O
63,a,O
63,centre-of-mass,O
63,energy,O
63,of,O
63,14,B-ENERGY
63,TeV,I-ENERGY
63,with,O
63,the,O
63,TOTEM,B-DETECTOR
63,detector,O
63,.,O
63,Data,O
63,were,O
63,recorded,O
63,at,O
63,Tevatron,B-FACILITY
63,during,O
63,Run,O
63,2,O
63,of,O
63,the,O
63,T2K,B-EXPERIMENT
63,experiment,I-EXPERIMENT
63,.,O
63,No,O
63,significant,O
63,excess,O
63,above,O
63,the,O
63,expected,O
63,background,O
63,was,O
63,observed,O
63,.,O
63,Upper,O
63,limits,O
63,on,O
63,the,O
63,production,O
63,cross,O
63,section,O
63,are,O
63,set,O
63,at,O
6300%,95%,O
63,confidence,O
63,level,O
63,.,O
64,We,O
64,present,O
64,first,O
64,evidence,O
64,for,O
64,pion,B-PARTICLE
64,production,O
64,via,O
64,vector,O
64,boson,O
64,fusion,O
64,in,O
64,Au-Au,B-COLLISION
64,collisions,I-COLLISION
64,at,O
64,8,B-ENERGY
64,TeV,I-ENERGY
64,with,O
64,the,O
64,CMS,B-DETECTOR
64,detector,O
64,.,O
64,The,O
64,MicroBooNE,B-EXPERIMENT
64,experiment,I-EXPERIMENT
64,at,O
64,SuperKEKB,B-FACILITY
64,selects,O
64,events,O
64,with,O
64,two,O
64,forward,O
64,jets,O
64,and,O
64,the,O
64,strange,B-PARTICLE
64,quark,I-PARTICLE
64,decay,O
64,signature,O
64,.,O
64,A,O
64,multivariate,O
64,technique,O
64,reduces,O
64,QCD,O
64,backgrounds,O
64,significantly,O
64,.,O
64,The,O
64,observed,O
64,significance,O
64,is,O
64,3.2,O
64,standard,O
64,deviations,O
64,.,O
65,We,O
65,search,O
65,for,O
65,anomalous,O
65,couplings,O
65,of,O
65,the,O
65,Xi,B-PARTICLE
65,baryon,I-PARTICLE
65,using,O
65,the,O
65,ALICE,B-EXPERIMENT
65,experiment,I-EXPERIMENT
65,at,O
65,Brookhaven,B-FACILITY
65,National,I-FACILITY
65,Laboratory,I-FACILITY
65,.,O
65,The,O
65,BaBar,B-DETECTOR
65,detector,O
65,records,O
65,nucleus-nucleus,B-COLLISION
65,collisions,I-COLLISION
65,at,O
65,2.76,B-ENERGY
65,TeV,I-ENERGY
65,and,O
65,reconstructs,O
65,the,O
65,tau,B-PARTICLE
65,neutrino,I-PARTICLE
65,decay,O
65,topology,O
65,.,O
65,Wilson,O
65,coefficients,O
65,for,O
65,dimension-6,O
65,EFT,O
65,operators,O
65,are,O
65,constrained,O
65,from,O
65,the,O
65,data,O
65,.,O
65,The,O
65,results,O
65,represent,O
65,the,O
65,world's,O
65,most,O
65,stringent,O
65,constraints,O
65,on,O
65,several,O
65,operators,O
65,.,O
66,The,O
66,FASER,B-DETECTOR
66,detector,O
66,at,O
66,LHC,B-FACILITY
66,is,O
66,used,O
66,to,O
66,measure,O
66,the,O
66,inclusive,O
66,tau,B-PARTICLE
66,lepton,I-PARTICLE
66,production,O
66,cross,O
66,section,O
66,in,O
66,nucleus-nucleus,B-COLLISION
66,collisions,I-COLLISION
66,at,O
66,6.5,B-ENERGY
66,TeV,I-ENERGY
66,.,O
66,The,O
66,D0,B-EXPERIMENT
66,experiment,I-EXPERIMENT
66,employs,O
66,a,O
66,track-based,O
66,approach,O
66,to,O
66,reconstruct,O
66,the,O
66,signal,O
66,.,O
66,Theoretical,O
66,predictions,O
66,from,O
66,colour-glass,O
66,condensate,O
66,models,O
66,are,O
66,compared,O
66,to,O
66,data,O
66,.,O
66,Good,O
66,agreement,O
66,is,O
66,observed,O
66,at,O
66,low,O
66,transverse,O
66,momentum,O
66,.,O
67,A,O
67,measurement,O
67,of,O
67,neutrino,B-PARTICLE
67,pair,O
67,production,O
67,cross,O
67,sections,O
67,in,O
67,nucleus-nucleus,B-COLLISION
67,collisions,I-COLLISION
67,at,O
67,2.76,B-ENERGY
67,TeV,I-ENERGY
67,is,O
67,reported,O
67,.,O
67,The,O
67,analysis,O
67,uses,O
67,the,O
67,full,O
67,dataset,O
67,collected,O
67,by,O
67,the,O
67,CDF,B-DETECTOR
67,detector,O
67,at,O
67,Large,B-FACILITY
67,Hadron,I-FACILITY
67,Collider,I-FACILITY
67,.,O
67,Results,O
67,from,O
67,the,O
67,BaBar,B-EXPERIMENT
67,experiment,I-EXPERIMENT
67,are,O
67,compared,O
67,with,O
67,next-to-leading-order,O
67,QCD,O
67,calculations,O
67,.,O
67,The,O
67,measured,O
67,values,O
67,are,O
67,consistent,O
67,with,O
67,theoretical,O
67,expectations,O
67,within,O
67,uncertainties,O
67,.,O
68,The,O
68,NA62,B-EXPERIMENT
68,experiment,I-EXPERIMENT
68,at,O
68,SLAC,B-FACILITY
68,National,I-FACILITY
68,Accelerator,I-FACILITY
68,Laboratory,I-FACILITY
68,reports,O
68,a,O
68,search,O
68,for,O
68,Xi,B-PARTICLE
68,baryon,I-PARTICLE
68,pair,O
68,production,O
68,in,O
68,proton-antiproton,B-COLLISION
68,collisions,I-COLLISION
68,at,O
68,100,B-ENERGY
68,TeV,I-ENERGY
68,with,O
68,the,O
68,SND@LHC,B-DETECTOR
68,detector,O
68,.,O
68,Events,O
68,are,O
68,selected,O
68,with,O
68,exactly,O
68,two,O
68,oppositely,O
68,charged,O
68,leptons,O
68,and,O
68,large,O
68,missing,O
68,transverse,O
68,energy,O
68,.,O
68,A,O
68,cut-and-count,O
68,analysis,O
68,is,O
68,performed,O
68,in,O
68,several,O
68,signal,O
68,regions,O
68,.,O
68,No,O
68,significant,O
68,deviation,O
68,from,O
68,the,O
68,expected,O
68,background,O
68,is,O
68,observed,O
68,.,O
69,We,O
69,report,O
69,evidence,O
69,for,O
69,the,O
69,associated,O
69,production,O
69,of,O
69,a,O
69,bottom,B-PARTICLE
69,quark,I-PARTICLE
69,with,O
69,a,O
69,kaon,B-PARTICLE
69,in,O
69,p-Pb,B-COLLISION
69,collisions,I-COLLISION
69,at,O
69,10.6,B-ENERGY
69,TeV,I-ENERGY
69,.,O
69,The,O
69,MoEDAL,B-DETECTOR
69,detector,O
69,at,O
69,RHIC,B-FACILITY
69,recorded,O
69,the,O
69,dataset,O
69,used,O
69,in,O
69,this,O
69,analysis,O
69,.,O
69,Signal,O
69,extraction,O
69,was,O
69,performed,O
69,using,O
69,a,O
69,binned,O
69,maximum-likelihood,O
69,fit,O
69,.,O
69,The,O
69,NOvA,B-EXPERIMENT
69,experiment,I-EXPERIMENT
69,result,O
69,establishes,O
69,this,O
69,process,O
69,at,O
69,4.2,O
69,standard,O
69,deviations,O
69,significance,O
69,.,O
70,Measurement,O
70,of,O
70,muon,B-PARTICLE
70,neutrino,I-PARTICLE
70,azimuthal,O
70,correlations,O
70,in,O
70,ion-ion,B-COLLISION
70,collisions,I-COLLISION
70,at,O
70,1.96,B-ENERGY
70,TeV,I-ENERGY
70,is,O
70,presented,O
70,by,O
70,the,O
70,ALICE,B-EXPERIMENT
70,experiment,I-EXPERIMENT
70,.,O
70,The,O
70,CDF,B-DETECTOR
70,detector,O
70,at,O
70,CERN,B-FACILITY
70,provides,O
70,high-granularity,O
70,calorimetric,O
70,information,O
70,.,O
70,Two-particle,O
70,correlation,O
70,functions,O
70,are,O
70,measured,O
70,as,O
70,a,O
70,function,O
70,of,O
70,pseudorapidity,O
70,and,O
70,azimuth,O
70,.,O
70,Long-range,O
70,correlations,O
70,characteristic,O
70,of,O
70,collective,O
70,behaviour,O
70,are,O
70,observed,O
70,.,O
71,Measurements,O
71,of,O
71,strange,B-PARTICLE
71,quark,I-PARTICLE
71,polarisation,O
71,in,O
71,Xe-Xe,B-COLLISION
71,collisions,I-COLLISION
71,at,O
71,10.6,B-ENERGY
71,TeV,I-ENERGY
71,are,O
71,reported,O
71,by,O
71,the,O
71,ALICE,B-EXPERIMENT
71,experiment,I-EXPERIMENT
71,.,O
71,Data,O
71,collected,O
71,with,O
71,the,O
71,KLOE-2,B-DETECTOR
71,detector,O
71,at,O
71,RHIC,B-FACILITY
71,correspond,O
71,to,O
71,36,O
71,fb-1,O
71,.,O
71,Angular,O
71,distributions,O
71,of,O
71,the,O
71,decay,O
71,products,O
71,are,O
71,analysed,O
71,using,O
71,a,O
71,template,O
71,fit,O
71,method,O
71,.,O
71,Results,O
71,are,O
71,consistent,O
71,with,O
71,NLO,O
71,electroweak,O
71,predictions,O
71,.,O
72,The,O
72,properties,O
72,of,O
72,the,O
72,stop,B-PARTICLE
72,squark,I-PARTICLE
72,are,O
72,studied,O
72,in,O
72,pp,B-COLLISION
72,collisions,I-COLLISION
72,at,O
72,0.9,B-ENERGY
72,TeV,I-ENERGY
72,using,O
72,the,O
72,Belle,B-DETECTOR
72,II,I-DETECTOR
72,detector,O
72,.,O
72,The,O
72,CMS,B-EXPERIMENT
72,experiment,I-EXPERIMENT
72,at,O
72,DESY,B-FACILITY
72,collected,O
72,a,O
72,sample,O
72,of,O
72,10^8,O
72,signal,O
72,candidates,O
72,.,O
72,Mass,O
72,",",O
72,width,O
72,",",O
72,and,O
72,coupling,O
72,measurements,O
72,are,O
72,performed,O
72,with,O
72,unprecedented,O
72,precision,O
72,.,O
72,These,O
72,results,O
72,constrain,O
72,several,O
72,beyond-Standard-Model,O
72,scenarios,O
72,.,O
73,The,O
73,photon,B-PARTICLE
73,was,O
73,observed,O
73,in,O
73,heavy-ion,B-COLLISION
73,collisions,I-COLLISION
73,at,O
73,3.5,B-ENERGY
73,TeV,I-ENERGY
73,using,O
73,the,O
73,MicroBooNE,B-DETECTOR
73,detector,O
73,at,O
73,Brookhaven,B-FACILITY
73,National,I-FACILITY
73,Laboratory,I-FACILITY
73,.,O
73,The,O
73,KLOE-2,B-EXPERIMENT
73,experiment,I-EXPERIMENT
73,collected,O
73,data,O
73,corresponding,O
73,to,O
73,an,O
73,integrated,O
73,luminosity,O
73,of,O
73,137,O
73,fb-1,O
73,.,O
73,Signal,O
73,events,O
73,were,O
73,reconstructed,O
73,using,O
73,a,O
73,multivariate,O
73,analysis,O
73,technique,O
73,.,O
73,The,O
73,measured,O
73,cross,O
73,section,O
73,is,O
73,in,O
73,good,O
73,agreement,O
73,with,O
73,Standard,O
73,Model,O
73,predictions,O
73,.,O
74,This,O
74,paper,O
74,describes,O
74,the,O
74,performance,O
74,of,O
74,the,O
74,LHCb,B-DETECTOR
74,detector,O
74,during,O
74,ion-ion,B-COLLISION
74,collisions,I-COLLISION
74,data-taking,O
74,at,O
74,3.5,B-ENERGY
74,TeV,I-ENERGY
74,at,O
74,CERN,B-FACILITY
74,.,O
74,Reconstruction,O
74,efficiencies,O
74,for,O
74,charm,B-PARTICLE
74,quark,I-PARTICLE
74,tracks,O
74,were,O
74,evaluated,O
74,using,O
74,tag-and-probe,O
74,methods,O
74,.,O
74,The,O
74,ATLAS,B-EXPERIMENT
74,experiment,I-EXPERIMENT
74,achieved,O
74,a,O
74,signal-to-background,O
74,ratio,O
74,exceeding,O
74,50:1,O
74,in,O
74,the,O
74,signal,O
74,region,O
74,.,O
74,Systematic,O
74,uncertainties,O
74,are,O
74,dominated,O
74,by,O
74,jet,O
74,energy,O
74,scale,O
74,calibration,O
74,.,O
75,A,O
75,comprehensive,O
75,study,O
75,of,O
75,multiparton,O
75,interactions,O
75,in,O
75,deep-inelastic,B-COLLISION
75,scattering,I-COLLISION
75,at,O
75,7,B-ENERGY
75,TeV,I-ENERGY
75,is,O
75,performed,O
75,with,O
75,the,O
75,KLOE-2,B-DETECTOR
75,detector,O
75,at,O
75,Jefferson,B-FACILITY
75,Laboratory,I-FACILITY
75,.,O
75,The,O
75,D0,B-EXPERIMENT
75,experiment,I-EXPERIMENT
75,measures,O
75,underlying,O
75,event,O
75,activity,O
75,in,O
75,events,O
75,containing,O
75,a,O
75,antiproton,B-PARTICLE
75,.,O
75,Tuned,O
75,Monte,O
75,Carlo,O
75,models,O
75,are,O
75,compared,O
75,with,O
75,data,O
75,across,O
75,multiple,O
75,observables,O
75,.,O
75,Activity,O
75,in,O
75,the,O
75,transverse,O
75,region,O
75,is,O
75,particularly,O
75,sensitive,O
75,to,O
75,MPI,O
75,.,O
76,A,O
76,search,O
76,for,O
76,long-lived,O
76,B,B-PARTICLE
76,meson,I-PARTICLE
76,decaying,O
76,inside,O
76,the,O
76,HERA-B,B-DETECTOR
76,detector,O
76,volume,O
76,is,O
76,conducted,O
76,at,O
76,LEP,B-FACILITY
76,.,O
76,The,O
76,ALICE,B-EXPERIMENT
76,experiment,I-EXPERIMENT
76,targets,O
76,Au-Au,B-COLLISION
76,collisions,I-COLLISION
76,at,O
76,100,B-ENERGY
76,TeV,I-ENERGY
76,and,O
76,requires,O
76,displaced,O
76,vertex,O
76,signatures,O
76,.,O
76,No,O
76,excess,O
76,is,O
76,observed,O
76,over,O
76,the,O
76,Standard,O
76,Model,O
76,background,O
76,.,O
76,Model-independent,O
76,limits,O
76,are,O
76,placed,O
76,on,O
76,the,O
76,production,O
76,cross,O
76,section,O
76,times,O
76,branching,O
76,fraction,O
76,.,O
77,A,O
77,precise,O
77,measurement,O
77,of,O
77,electron,B-PARTICLE
77,neutrino,I-PARTICLE
77,decay,O
77,branching,O
77,fractions,O
77,is,O
77,performed,O
77,by,O
77,the,O
77,NOvA,B-EXPERIMENT
77,experiment,I-EXPERIMENT
77,using,O
77,T2K,B-DETECTOR
77,data,O
77,at,O
77,Tevatron,B-FACILITY
77,.,O
77,The,O
77,analysis,O
77,uses,O
77,proton-antiproton,B-COLLISION
77,collisions,I-COLLISION
77,at,O
77,900,B-ENERGY
77,GeV,I-ENERGY
77,and,O
77,employs,O
77,a,O
77,full,O
77,amplitude,O
77,analysis,O
77,.,O
77,Results,O
77,improve,O
77,upon,O
77,previous,O
77,measurements,O
77,by,O
77,a,O
77,factor,O
77,of,O
77,three,O
77,.,O
77,No,O
77,evidence,O
77,for,O
77,CP,O
77,violation,O
77,is,O
77,observed,O
77,.,O
78,This,O
78,Letter,O
78,reports,O
78,the,O
78,observation,O
78,of,O
78,Lambda,B-PARTICLE
78,baryon,I-PARTICLE
78,production,O
78,in,O
78,association,O
78,with,O
78,electroweak,O
78,bosons,O
78,in,O
78,Xe-Xe,B-COLLISION
78,collisions,I-COLLISION
78,at,O
78,1.96,B-ENERGY
78,TeV,I-ENERGY
78,.,O
78,The,O
78,LHCb,B-DETECTOR
78,detector,O
78,at,O
78,KEK,B-FACILITY
78,is,O
78,used,O
78,in,O
78,the,O
78,T2K,B-EXPERIMENT
78,experiment,I-EXPERIMENT
78,analysis,O
78,.,O
78,A,O
78,multivariate,O
78,discriminant,O
78,separates,O
78,signal,O
78,from,O
78,the,O
78,dominant,O
78,W,B-PARTICLE
78,boson,I-PARTICLE
78,background,O
78,.,O
78,The,O
78,signal,O
78,strength,O
78,is,O
78,measured,O
78,with,O
78,a,O
78,relative,O
78,uncertainty,O
78,of,O
7800%,12%,O
78,.,O
79,The,O
79,D0,B-EXPERIMENT
79,experiment,I-EXPERIMENT
79,at,O
79,LHC,B-FACILITY
79,presents,O
79,a,O
79,measurement,O
79,of,O
79,charm,B-PARTICLE
79,quark,I-PARTICLE
79,forward-backward,O
79,asymmetry,O
79,in,O
79,pp,B-COLLISION
79,collisions,I-COLLISION
79,at,O
79,13,B-ENERGY
79,TeV,I-ENERGY
79,.,O
79,The,O
79,NOvA,B-DETECTOR
79,detector,O
79,provides,O
79,excellent,O
79,lepton,O
79,reconstruction,O
79,efficiency,O
79,.,O
79,Results,O
79,are,O
79,compared,O
79,with,O
79,NNLO,O
79,QCD,O
79,plus,O
79,NLO,O
79,EW,O
79,calculations,O
79,.,O
79,Deviations,O
79,from,O
79,Standard,O
79,Model,O
79,predictions,O
79,are,O
79,below,O
79,1.5,O
79,sigma,O
79,.,O
80,We,O
80,report,O
80,a,O
80,new,O
80,measurement,O
80,of,O
80,the,O
80,photon,B-PARTICLE
80,mass,O
80,using,O
80,the,O
80,CDF,B-DETECTOR
80,detector,O
80,at,O
80,LEP,B-FACILITY
80,.,O
80,The,O
80,LHCf,B-EXPERIMENT
80,experiment,I-EXPERIMENT
80,analyses,O
80,electron-positron,B-COLLISION
80,collisions,I-COLLISION
80,data,O
80,at,O
80,3.5,B-ENERGY
80,TeV,I-ENERGY
80,in,O
80,the,O
80,dilepton,O
80,decay,O
80,channel,O
80,.,O
80,A,O
80,template,O
80,fit,O
80,to,O
80,the,O
80,invariant,O
80,mass,O
80,distribution,O
80,yields,O
80,a,O
80,precision,O
80,of,O
8000.00%,0.20%,O
80,.,O
80,This,O
80,represents,O
80,the,O
80,most,O
80,precise,O
80,single-experiment,O
80,measurement,O
80,to,O
80,date,O
80,.,O
81,The,O
81,COMPASS,B-EXPERIMENT
81,experiment,I-EXPERIMENT
81,presents,O
81,a,O
81,search,O
81,for,O
81,pair-produced,O
81,muon,B-PARTICLE
81,in,O
81,nucleus-nucleus,B-COLLISION
81,collisions,I-COLLISION
81,at,O
81,0.9,B-ENERGY
81,TeV,I-ENERGY
81,with,O
81,the,O
81,MoEDAL,B-DETECTOR
81,detector,O
81,at,O
81,CERN,B-FACILITY
81,.,O
81,Candidate,O
81,events,O
81,require,O
81,at,O
81,least,O
81,four,O
81,jets,O
81,and,O
81,large,O
81,missing,O
81,transverse,O
81,energy,O
81,.,O
81,The,O
81,observed,O
81,yield,O
81,is,O
81,consistent,O
81,with,O
81,the,O
81,Standard,O
81,Model,O
81,background,O
81,estimate,O
81,.,O
81,Exclusion,O
81,limits,O
81,are,O
81,derived,O
81,in,O
81,the,O
81,context,O
81,of,O
81,simplified,O
81,supersymmetric,O
81,models,O
81,.,O
82,A,O
82,differential,O
82,cross-section,O
82,measurement,O
82,of,O
82,muon,B-PARTICLE
82,production,O
82,in,O
82,heavy-ion,B-COLLISION
82,collisions,I-COLLISION
82,at,O
82,100,B-ENERGY
82,TeV,I-ENERGY
82,is,O
82,presented,O
82,using,O
82,the,O
82,LHCf,B-DETECTOR
82,detector,O
82,.,O
82,The,O
82,analysis,O
82,exploits,O
82,proton-antiproton,B-COLLISION
82,collisions,I-COLLISION
82,data,O
82,collected,O
82,at,O
82,DESY,B-FACILITY
82,during,O
82,the,O
82,LHC,B-FACILITY
82,Run,O
82,2,O
82,period,O
82,.,O
82,The,O
82,T2K,B-EXPERIMENT
82,experiment,I-EXPERIMENT
82,results,O
82,are,O
82,unfolded,O
82,to,O
82,the,O
82,particle,O
82,level,O
82,and,O
82,compared,O
82,to,O
82,Monte,O
82,Carlo,O
82,generators,O
82,.,O
82,NLO+PS,O
82,predictions,O
82,describe,O
82,the,O
82,data,O
82,well,O
82,.,O
83,We,O
83,study,O
83,the,O
83,suppression,O
83,of,O
83,proton,B-PARTICLE
83,yields,O
83,in,O
83,proton-antiproton,B-COLLISION
83,collisions,I-COLLISION
83,at,O
83,900,B-ENERGY
83,GeV,I-ENERGY
83,relative,O
83,to,O
83,deep-inelastic,B-COLLISION
83,scattering,I-COLLISION
83,using,O
83,the,O
83,HERA-B,B-DETECTOR
83,detector,O
83,.,O
83,Data,O
83,from,O
83,the,O
83,LHCf,B-EXPERIMENT
83,experiment,I-EXPERIMENT
83,at,O
83,RHIC,B-FACILITY
83,are,O
83,compared,O
83,to,O
83,perturbative,O
83,QCD,O
83,calculations,O
83,including,O
83,nuclear,O
83,effects,O
83,.,O
83,A,O
83,strong,O
83,suppression,O
83,is,O
83,observed,O
83,at,O
83,high,O
83,transverse,O
83,momenta,O
83,.,O
83,Results,O
83,are,O
83,consistent,O
83,with,O
83,parton,O
83,energy,O
83,loss,O
83,in,O
83,a,O
83,deconfined,O
83,medium,O
83,.,O
84,Elliptic,O
84,flow,O
84,measurements,O
84,of,O
84,Omega,B-PARTICLE
84,baryon,I-PARTICLE
84,in,O
84,pp,B-COLLISION
84,collisions,I-COLLISION
84,at,O
84,10.6,B-ENERGY
84,TeV,I-ENERGY
84,are,O
84,reported,O
84,by,O
84,the,O
84,BaBar,B-EXPERIMENT
84,experiment,I-EXPERIMENT
84,.,O
84,Data,O
84,collected,O
84,at,O
84,CERN,B-FACILITY
84,with,O
84,the,O
84,TOTEM,B-DETECTOR
84,detector,O
84,span,O
84,multiple,O
84,centrality,O
84,classes,O
84,.,O
84,The,O
84,azimuthal,O
84,anisotropy,O
84,coefficients,O
84,are,O
84,extracted,O
84,using,O
84,the,O
84,two-particle,O
84,cumulant,O
84,method,O
84,.,O
84,Results,O
84,are,O
84,compared,O
84,with,O
84,viscous,O
84,hydrodynamic,O
84,calculations,O
84,.,O
85,The,O
85,LHCb,B-DETECTOR
85,detector,O
85,at,O
85,CERN,B-FACILITY
85,measures,O
85,Omega,B-PARTICLE
85,baryon,I-PARTICLE
85,production,O
85,cross,O
85,sections,O
85,differentially,O
85,in,O
85,rapidity,O
85,and,O
85,transverse,O
85,momentum,O
85,.,O
85,The,O
85,T2K,B-EXPERIMENT
85,experiment,I-EXPERIMENT
85,uses,O
85,Pb-Pb,B-COLLISION
85,collisions,I-COLLISION
85,at,O
85,14,B-ENERGY
85,TeV,I-ENERGY
85,corresponding,O
85,to,O
85,5.4,O
85,fb-1,O
85,.,O
85,PDF-sensitive,O
85,observables,O
85,are,O
85,constructed,O
85,and,O
85,compared,O
85,with,O
85,theoretical,O
85,predictions,O
85,.,O
85,These,O
85,data,O
85,will,O
85,constrain,O
85,next-generation,O
85,parton,O
85,distribution,O
85,functions,O
85,.,O
86,The,O
86,TOTEM,B-EXPERIMENT
86,experiment,I-EXPERIMENT
86,reports,O
86,a,O
86,measurement,O
86,of,O
86,the,O
86,electron,B-PARTICLE
86,neutrino,I-PARTICLE
86,production,O
86,cross,O
86,section,O
86,in,O
86,nucleus-nucleus,B-COLLISION
86,collisions,I-COLLISION
86,at,O
86,centre-of-mass,O
86,energies,O
86,of,O
86,1.96,B-ENERGY
86,TeV,I-ENERGY
86,and,O
86,10.6,B-ENERGY
86,TeV,I-ENERGY
86,.,O
86,Data,O
86,collected,O
86,with,O
86,the,O
86,BaBar,B-DETECTOR
86,detector,O
86,at,O
86,SPS,B-FACILITY
86,are,O
86,used,O
86,.,O
86,The,O
86,ratio,O
86,of,O
86,cross,O
86,sections,O
86,is,O
86,found,O
86,to,O
86,be,O
86,in,O
86,agreement,O
86,with,O
86,NNLO,O
86,predictions,O
86,.,O
86,Parton,O
86,distribution,O
86,function,O
86,uncertainties,O
86,are,O
86,the,O
86,dominant,O
86,systematic,O
86,.,O
87,The,O
87,T2K,B-EXPERIMENT
87,experiment,I-EXPERIMENT
87,measures,O
87,the,O
87,transverse,O
87,momentum,O
87,spectrum,O
87,of,O
87,antiproton,B-PARTICLE
87,in,O
87,electron-positron,B-COLLISION
87,collisions,I-COLLISION
87,at,O
87,1.96,B-ENERGY
87,TeV,I-ENERGY
87,using,O
87,the,O
87,NOvA,B-DETECTOR
87,detector,O
87,at,O
87,DESY,B-FACILITY
87,.,O
87,A,O
87,Tsallis,O
87,distribution,O
87,provides,O
87,an,O
87,excellent,O
87,description,O
87,of,O
87,the,O
87,data,O
87,below,O
87,10,O
87,GeV/c,O
87,.,O
87,Comparisons,O
87,with,O
87,PYTHIA,O
87,and,O
87,HERWIG,O
87,event,O
87,generators,O
87,are,O
87,presented,O
87,.,O
87,The,O
87,integrated,O
87,yield,O
87,is,O
87,extracted,O
87,and,O
87,compared,O
87,with,O
87,previous,O
87,measurements,O
87,.,O
88,We,O
88,present,O
88,a,O
88,search,O
88,for,O
88,bottom,B-PARTICLE
88,quark,I-PARTICLE
88,production,O
88,in,O
88,pp,B-COLLISION
88,collisions,I-COLLISION
88,at,O
88,a,O
88,centre-of-mass,O
88,energy,O
88,of,O
88,200,B-ENERGY
88,GeV,I-ENERGY
88,with,O
88,the,O
88,NA62,B-DETECTOR
88,detector,O
88,.,O
88,Data,O
88,were,O
88,recorded,O
88,at,O
88,SuperKEKB,B-FACILITY
88,during,O
88,Run,O
88,2,O
88,of,O
88,the,O
88,D0,B-EXPERIMENT
88,experiment,I-EXPERIMENT
88,.,O
88,No,O
88,significant,O
88,excess,O
88,above,O
88,the,O
88,expected,O
88,background,O
88,was,O
88,observed,O
88,.,O
88,Upper,O
88,limits,O
88,on,O
88,the,O
88,production,O
88,cross,O
88,section,O
88,are,O
88,set,O
88,at,O
8800%,95%,O
88,confidence,O
88,level,O
88,.,O
89,We,O
89,present,O
89,first,O
89,evidence,O
89,for,O
89,electron,B-PARTICLE
89,production,O
89,via,O
89,vector,O
89,boson,O
89,fusion,O
89,in,O
89,Pb-Pb,B-COLLISION
89,collisions,I-COLLISION
89,at,O
89,6.5,B-ENERGY
89,TeV,I-ENERGY
89,with,O
89,the,O
89,KLOE-2,B-DETECTOR
89,detector,O
89,.,O
89,The,O
89,MicroBooNE,B-EXPERIMENT
89,experiment,I-EXPERIMENT
89,at,O
89,LHC,B-FACILITY
89,selects,O
89,events,O
89,with,O
89,two,O
89,forward,O
89,jets,O
89,and,O
89,the,O
89,muon,B-PARTICLE
89,neutrino,I-PARTICLE
89,decay,O
89,signature,O
89,.,O
89,A,O
89,multivariate,O
89,technique,O
89,reduces,O
89,QCD,O
89,backgrounds,O
89,significantly,O
89,.,O
89,The,O
89,observed,O
89,significance,O
89,is,O
89,3.2,O
89,standard,O
89,deviations,O
89,.,O
90,We,O
90,search,O
90,for,O
90,anomalous,O
90,couplings,O
90,of,O
90,the,O
90,muon,B-PARTICLE
90,neutrino,I-PARTICLE
90,using,O
90,the,O
90,Belle,B-EXPERIMENT
90,II,I-EXPERIMENT
90,experiment,I-EXPERIMENT
90,at,O
90,RHIC,B-FACILITY
90,.,O
90,The,O
90,ATLAS,B-DETECTOR
90,detector,O
90,records,O
90,p-Pb,B-COLLISION
90,collisions,I-COLLISION
90,at,O
90,200,B-ENERGY
90,GeV,I-ENERGY
90,and,O
90,reconstructs,O
90,the,O
90,neutrino,B-PARTICLE
90,decay,O
90,topology,O
90,.,O
90,Wilson,O
90,coefficients,O
90,for,O
90,dimension-6,O
90,EFT,O
90,operators,O
90,are,O
90,constrained,O
90,from,O
90,the,O
90,data,O
90,.,O
90,The,O
90,results,O
90,represent,O
90,the,O
90,world's,O
90,most,O
90,stringent,O
90,constraints,O
90,on,O
90,several,O
90,operators,O
90,.,O
91,The,O
91,BaBar,B-DETECTOR
91,detector,O
91,at,O
91,Jefferson,B-FACILITY
91,Laboratory,I-FACILITY
91,is,O
91,used,O
91,to,O
91,measure,O
91,the,O
91,inclusive,O
91,neutrino,B-PARTICLE
91,production,O
91,cross,O
91,section,O
91,in,O
91,Au-Au,B-COLLISION
91,collisions,I-COLLISION
91,at,O
91,0.9,B-ENERGY
91,TeV,I-ENERGY
91,.,O
91,The,O
91,KLOE-2,B-EXPERIMENT
91,experiment,I-EXPERIMENT
91,employs,O
91,a,O
91,track-based,O
91,approach,O
91,to,O
91,reconstruct,O
91,the,O
91,signal,O
91,.,O
91,Theoretical,O
91,predictions,O
91,from,O
91,colour-glass,O
91,condensate,O
91,models,O
91,are,O
91,compared,O
91,to,O
91,data,O
91,.,O
91,Good,O
91,agreement,O
91,is,O
91,observed,O
91,at,O
91,low,O
91,transverse,O
91,momentum,O
91,.,O
92,A,O
92,measurement,O
92,of,O
92,Z,B-PARTICLE
92,boson,I-PARTICLE
92,pair,O
92,production,O
92,cross,O
92,sections,O
92,in,O
92,proton-proton,B-COLLISION
92,collisions,I-COLLISION
92,at,O
92,5.02,B-ENERGY
92,TeV,I-ENERGY
92,is,O
92,reported,O
92,.,O
92,The,O
92,analysis,O
92,uses,O
92,the,O
92,full,O
92,dataset,O
92,collected,O
92,by,O
92,the,O
92,COMPASS,B-DETECTOR
92,detector,O
92,at,O
92,Jefferson,B-FACILITY
92,Laboratory,I-FACILITY
92,.,O
92,Results,O
92,from,O
92,the,O
92,SND@LHC,B-EXPERIMENT
92,experiment,I-EXPERIMENT
92,are,O
92,compared,O
92,with,O
92,next-to-leading-order,O
92,QCD,O
92,calculations,O
92,.,O
92,The,O
92,measured,O
92,values,O
92,are,O
92,consistent,O
92,with,O
92,theoretical,O
92,expectations,O
92,within,O
92,uncertainties,O
92,.,O
93,The,O
93,CDF,B-EXPERIMENT
93,experiment,I-EXPERIMENT
93,at,O
93,Large,B-FACILITY
93,Hadron,I-FACILITY
93,Collider,I-FACILITY
93,reports,O
93,a,O
93,search,O
93,for,O
93,dark,B-PARTICLE
93,matter,I-PARTICLE
93,pair,O
93,production,O
93,in,O
93,heavy-ion,B-COLLISION
93,collisions,I-COLLISION
93,at,O
93,200,B-ENERGY
93,GeV,I-ENERGY
93,with,O
93,the,O
93,BaBar,B-DETECTOR
93,detector,O
93,.,O
93,Events,O
93,are,O
93,selected,O
93,with,O
93,exactly,O
93,two,O
93,oppositely,O
93,charged,O
93,leptons,O
93,and,O
93,large,O
93,missing,O
93,transverse,O
93,energy,O
93,.,O
93,A,O
93,cut-and-count,O
93,analysis,O
93,is,O
93,performed,O
93,in,O
93,several,O
93,signal,O
93,regions,O
93,.,O
93,No,O
93,significant,O
93,deviation,O
93,from,O
93,the,O
93,expected,O
93,background,O
93,is,O
93,observed,O
93,.,O
94,We,O
94,report,O
94,evidence,O
94,for,O
94,the,O
94,associated,O
94,production,O
94,of,O
94,a,O
94,muon,B-PARTICLE
94,neutrino,I-PARTICLE
94,with,O
94,a,O
94,Omega,B-PARTICLE
94,baryon,I-PARTICLE
94,in,O
94,ion-ion,B-COLLISION
94,collisions,I-COLLISION
94,at,O
94,100,B-ENERGY
94,TeV,I-ENERGY
94,.,O
94,The,O
94,BaBar,B-DETECTOR
94,detector,O
94,at,O
94,Fermilab,B-FACILITY
94,recorded,O
94,the,O
94,dataset,O
94,used,O
94,in,O
94,this,O
94,analysis,O
94,.,O
94,Signal,O
94,extraction,O
94,was,O
94,performed,O
94,using,O
94,a,O
94,binned,O
94,maximum-likelihood,O
94,fit,O
94,.,O
94,The,O
94,TOTEM,B-EXPERIMENT
94,experiment,I-EXPERIMENT
94,result,O
94,establishes,O
94,this,O
94,process,O
94,at,O
94,4.2,O
94,standard,O
94,deviations,O
94,significance,O
94,.,O
95,Measurement,O
95,of,O
95,muon,B-PARTICLE
95,azimuthal,O
95,correlations,O
95,in,O
95,p-Pb,B-COLLISION
95,collisions,I-COLLISION
95,at,O
95,8,B-ENERGY
95,TeV,I-ENERGY
95,is,O
95,presented,O
95,by,O
95,the,O
95,NA62,B-EXPERIMENT
95,experiment,I-EXPERIMENT
95,.,O
95,The,O
95,NA62,B-DETECTOR
95,detector,O
95,at,O
95,KEK,B-FACILITY
95,provides,O
95,high-granularity,O
95,calorimetric,O
95,information,O
95,.,O
95,Two-particle,O
95,correlation,O
95,functions,O
95,are,O
95,measured,O
95,as,O
95,a,O
95,function,O
95,of,O
95,pseudorapidity,O
95,and,O
95,azimuth,O
95,.,O
95,Long-range,O
95,correlations,O
95,characteristic,O
95,of,O
95,collective,O
95,behaviour,O
95,are,O
95,observed,O
95,.,O
96,Measurements,O
96,of,O
96,dark,B-PARTICLE
96,matter,I-PARTICLE
96,polarisation,O
96,in,O
96,nucleus-nucleus,B-COLLISION
96,collisions,I-COLLISION
96,at,O
96,14,B-ENERGY
96,TeV,I-ENERGY
96,are,O
96,reported,O
96,by,O
96,the,O
96,NOvA,B-EXPERIMENT
96,experiment,I-EXPERIMENT
96,.,O
96,Data,O
96,collected,O
96,with,O
96,the,O
96,CDF,B-DETECTOR
96,detector,O
96,at,O
96,Fermilab,B-FACILITY
96,correspond,O
96,to,O
96,36,O
96,fb-1,O
96,.,O
96,Angular,O
96,distributions,O
96,of,O
96,the,O
96,decay,O
96,products,O
96,are,O
96,analysed,O
96,using,O
96,a,O
96,template,O
96,fit,O
96,method,O
96,.,O
96,Results,O
96,are,O
96,consistent,O
96,with,O
96,NLO,O
96,electroweak,O
96,predictions,O
96,.,O
97,The,O
97,properties,O
97,of,O
97,the,O
97,tau,B-PARTICLE
97,neutrino,I-PARTICLE
97,are,O
97,studied,O
97,in,O
97,deep-inelastic,B-COLLISION
97,scattering,I-COLLISION
97,at,O
97,6.5,B-ENERGY
97,TeV,I-ENERGY
97,using,O
97,the,O
97,COMPASS,B-DETECTOR
97,detector,O
97,.,O
97,The,O
97,FASER,B-EXPERIMENT
97,experiment,I-EXPERIMENT
97,at,O
97,Tevatron,B-FACILITY
97,collected,O
97,a,O
97,sample,O
97,of,O
97,10^8,O
97,signal,O
97,candidates,O
97,.,O
97,Mass,O
97,",",O
97,width,O
97,",",O
97,and,O
97,coupling,O
97,measurements,O
97,are,O
97,performed,O
97,with,O
97,unprecedented,O
97,precision,O
97,.,O
97,These,O
97,results,O
97,constrain,O
97,several,O
97,beyond-Standard-Model,O
97,scenarios,O
97,.,O
98,The,O
98,chargino,B-PARTICLE
98,was,O
98,observed,O
98,in,O
98,pp,B-COLLISION
98,collisions,I-COLLISION
98,at,O
98,200,B-ENERGY
98,GeV,I-ENERGY
98,using,O
98,the,O
98,HERA-B,B-DETECTOR
98,detector,O
98,at,O
98,Fermilab,B-FACILITY
98,.,O
98,The,O
98,MoEDAL,B-EXPERIMENT
98,experiment,I-EXPERIMENT
98,collected,O
98,data,O
98,corresponding,O
98,to,O
98,an,O
98,integrated,O
98,luminosity,O
98,of,O
98,137,O
98,fb-1,O
98,.,O
98,Signal,O
98,events,O
98,were,O
98,reconstructed,O
98,using,O
98,a,O
98,multivariate,O
98,analysis,O
98,technique,O
98,.,O
98,The,O
98,measured,O
98,cross,O
98,section,O
98,is,O
98,in,O
98,good,O
98,agreement,O
98,with,O
98,Standard,O
98,Model,O
98,predictions,O
98,.,O
99,This,O
99,paper,O
99,describes,O
99,the,O
99,performance,O
99,of,O
99,the,O
99,ALICE,B-DETECTOR
99,detector,O
99,during,O
99,Pb-Pb,B-COLLISION
99,collisions,I-COLLISION
99,data-taking,O
99,at,O
99,8,B-ENERGY
99,TeV,I-ENERGY
99,at,O
99,Jefferson,B-FACILITY
99,Laboratory,I-FACILITY
99,.,O
99,Reconstruction,O
99,efficiencies,O
99,for,O
99,strange,B-PARTICLE
99,quark,I-PARTICLE
99,tracks,O
99,were,O
99,evaluated,O
99,using,O
99,tag-and-probe,O
99,methods,O
99,.,O
99,The,O
99,T2K,B-EXPERIMENT
99,experiment,I-EXPERIMENT
99,achieved,O
99,a,O
99,signal-to-background,O
99,ratio,O
99,exceeding,O
99,50:1,O
99,in,O
99,the,O
99,signal,O
99,region,O
99,.,O
99,Systematic,O
99,uncertainties,O
99,are,O
99,dominated,O
99,by,O
99,jet,O
99,energy,O
99,scale,O
99,calibration,O
99,.,O
100,A,O
100,comprehensive,O
100,study,O
100,of,O
100,multiparton,O
100,interactions,O
100,in,O
100,electron-positron,B-COLLISION
100,collisions,I-COLLISION
100,at,O
100,1.96,B-ENERGY
100,TeV,I-ENERGY
100,is,O
100,performed,O
100,with,O
100,the,O
100,ALICE,B-DETECTOR
100,detector,O
100,at,O
100,KEK,B-FACILITY
100,.,O
100,The,O
100,FASER,B-EXPERIMENT
100,experiment,I-EXPERIMENT
100,measures,O
100,underlying,O
100,event,O
100,activity,O
100,in,O
100,events,O
100,containing,O
100,a,O
100,muon,B-PARTICLE
100,.,O
100,Tuned,O
100,Monte,O
100,Carlo,O
100,models,O
100,are,O
100,compared,O
100,with,O
100,data,O
100,across,O
100,multiple,O
100,observables,O
100,.,O
100,Activity,O
100,in,O
100,the,O
100,transverse,O
100,region,O
100,is,O
100,particularly,O
100,sensitive,O
100,to,O
100,MPI,O
100,.,O
101,A,O
101,search,O
101,for,O
101,long-lived,O
101,charm,B-PARTICLE
101,quark,I-PARTICLE
101,decaying,O
101,inside,O
101,the,O
101,KLOE-2,B-DETECTOR
101,detector,O
101,volume,O
101,is,O
101,conducted,O
101,at,O
101,Jefferson,B-FACILITY
101,Laboratory,I-FACILITY
101,.,O
101,The,O
101,ATLAS,B-EXPERIMENT
101,experiment,I-EXPERIMENT
101,targets,O
101,heavy-ion,B-COLLISION
101,collisions,I-COLLISION
101,at,O
101,13,B-ENERGY
101,TeV,I-ENERGY
101,and,O
101,requires,O
101,displaced,O
101,vertex,O
101,signatures,O
101,.,O
101,No,O
101,excess,O
101,is,O
101,observed,O
101,over,O
101,the,O
101,Standard,O
101,Model,O
101,background,O
101,.,O
101,Model-independent,O
101,limits,O
101,are,O
101,placed,O
101,on,O
101,the,O
101,production,O
101,cross,O
101,section,O
101,times,O
101,branching,O
101,fraction,O
101,.,O
102,A,O
102,precise,O
102,measurement,O
102,of,O
102,top,B-PARTICLE
102,quark,I-PARTICLE
102,decay,O
102,branching,O
102,fractions,O
102,is,O
102,performed,O
102,by,O
102,the,O
102,FASER,B-EXPERIMENT
102,experiment,I-EXPERIMENT
102,using,O
102,HERA-B,B-DETECTOR
102,data,O
102,at,O
102,LEP,B-FACILITY
102,.,O
102,The,O
102,analysis,O
102,uses,O
102,nucleus-nucleus,B-COLLISION
102,collisions,I-COLLISION
102,at,O
102,900,B-ENERGY
102,GeV,I-ENERGY
102,and,O
102,employs,O
102,a,O
102,full,O
102,amplitude,O
102,analysis,O
102,.,O
102,Results,O
102,improve,O
102,upon,O
102,previous,O
102,measurements,O
102,by,O
102,a,O
102,factor,O
102,of,O
102,three,O
102,.,O
102,No,O
102,evidence,O
102,for,O
102,CP,O
102,violation,O
102,is,O
102,observed,O
102,.,O
103,This,O
103,Letter,O
103,reports,O
103,the,O
103,observation,O
103,of,O
103,neutralino,B-PARTICLE
103,production,O
103,in,O
103,association,O
103,with,O
103,electroweak,O
103,bosons,O
103,in,O
103,electron-positron,B-COLLISION
103,collisions,I-COLLISION
103,at,O
103,13.6,B-ENERGY
103,TeV,I-ENERGY
103,.,O
103,The,O
103,HERA-B,B-DETECTOR
103,detector,O
103,at,O
103,Fermilab,B-FACILITY
103,is,O
103,used,O
103,in,O
103,the,O
103,TOTEM,B-EXPERIMENT
103,experiment,I-EXPERIMENT
103,analysis,O
103,.,O
103,A,O
103,multivariate,O
103,discriminant,O
103,separates,O
103,signal,O
103,from,O
103,the,O
103,dominant,O
103,pion,B-PARTICLE
103,background,O
103,.,O
103,The,O
103,signal,O
103,strength,O
103,is,O
103,measured,O
103,with,O
103,a,O
103,relative,O
103,uncertainty,O
103,of,O
10300%,12%,O
103,.,O
104,The,O
104,D0,B-EXPERIMENT
104,experiment,I-EXPERIMENT
104,at,O
104,LHC,B-FACILITY
104,presents,O
104,a,O
104,measurement,O
104,of,O
104,electron,B-PARTICLE
104,forward-backward,O
104,asymmetry,O
104,in,O
104,p-Pb,B-COLLISION
104,collisions,I-COLLISION
104,at,O
104,5.02,B-ENERGY
104,TeV,I-ENERGY
104,.,O
104,The,O
104,LHCb,B-DETECTOR
104,detector,O
104,provides,O
104,excellent,O
104,lepton,O
104,reconstruction,O
104,efficiency,O
104,.,O
104,Results,O
104,are,O
104,compared,O
104,with,O
104,NNLO,O
104,QCD,O
104,plus,O
104,NLO,O
104,EW,O
104,calculations,O
104,.,O
104,Deviations,O
104,from,O
104,Standard,O
104,Model,O
104,predictions,O
104,are,O
104,below,O
104,1.5,O
104,sigma,O
104,.,O
105,We,O
105,report,O
105,a,O
105,new,O
105,measurement,O
105,of,O
105,the,O
105,charm,B-PARTICLE
105,quark,I-PARTICLE
105,mass,O
105,using,O
105,the,O
105,ALICE,B-DETECTOR
105,detector,O
105,at,O
105,SPS,B-FACILITY
105,.,O
105,The,O
105,MicroBooNE,B-EXPERIMENT
105,experiment,I-EXPERIMENT
105,analyses,O
105,proton-proton,B-COLLISION
105,collisions,I-COLLISION
105,data,O
105,at,O
105,8,B-ENERGY
105,TeV,I-ENERGY
105,in,O
105,the,O
105,dilepton,O
105,decay,O
105,channel,O
105,.,O
105,A,O
105,template,O
105,fit,O
105,to,O
105,the,O
105,invariant,O
105,mass,O
105,distribution,O
105,yields,O
105,a,O
105,precision,O
105,of,O
10500.00%,0.20%,O
105,.,O
105,This,O
105,represents,O
105,the,O
105,most,O
105,precise,O
105,single-experiment,O
105,measurement,O
105,to,O
105,date,O
105,.,O
106,The,O
106,MoEDAL,B-EXPERIMENT
106,experiment,I-EXPERIMENT
106,presents,O
106,a,O
106,search,O
106,for,O
106,pair-produced,O
106,tau,B-PARTICLE
106,neutrino,I-PARTICLE
106,in,O
106,p-Pb,B-COLLISION
106,collisions,I-COLLISION
106,at,O
106,3.5,B-ENERGY
106,TeV,I-ENERGY
106,with,O
106,the,O
106,ATLAS,B-DETECTOR
106,detector,O
106,at,O
106,HERA,B-FACILITY
106,.,O
106,Candidate,O
106,events,O
106,require,O
106,at,O
106,least,O
106,four,O
106,jets,O
106,and,O
106,large,O
106,missing,O
106,transverse,O
106,energy,O
106,.,O
106,The,O
106,observed,O
106,yield,O
106,is,O
106,consistent,O
106,with,O
106,the,O
106,Standard,O
106,Model,O
106,background,O
106,estimate,O
106,.,O
106,Exclusion,O
106,limits,O
106,are,O
106,derived,O
106,in,O
106,the,O
106,context,O
106,of,O
106,simplified,O
106,supersymmetric,O
106,models,O
106,.,O
107,A,O
107,differential,O
107,cross-section,O
107,measurement,O
107,of,O
107,stop,B-PARTICLE
107,squark,I-PARTICLE
107,production,O
107,in,O
107,pp,B-COLLISION
107,collisions,I-COLLISION
107,at,O
107,8,B-ENERGY
107,TeV,I-ENERGY
107,is,O
107,presented,O
107,using,O
107,the,O
107,ALICE,B-DETECTOR
107,detector,O
107,.,O
107,The,O
107,analysis,O
107,exploits,O
107,Xe-Xe,B-COLLISION
107,collisions,I-COLLISION
107,data,O
107,collected,O
107,at,O
107,Large,B-FACILITY
107,Hadron,I-FACILITY
107,Collider,I-FACILITY
107,during,O
107,the,O
107,LHC,B-FACILITY
107,Run,O
107,2,O
107,period,O
107,.,O
107,The,O
107,T2K,B-EXPERIMENT
107,experiment,I-EXPERIMENT
107,results,O
107,are,O
107,unfolded,O
107,to,O
107,the,O
107,particle,O
107,level,O
107,and,O
107,compared,O
107,to,O
107,Monte,O
107,Carlo,O
107,generators,O
107,.,O
107,NLO+PS,O
107,predictions,O
107,describe,O
107,the,O
107,data,O
107,well,O
107,.,O
108,We,O
108,study,O
108,the,O
108,suppression,O
108,of,O
108,Upsilon,B-PARTICLE
108,meson,I-PARTICLE
108,yields,O
108,in,O
108,p-Pb,B-COLLISION
108,collisions,I-COLLISION
108,at,O
108,900,B-ENERGY
108,GeV,I-ENERGY
108,relative,O
108,to,O
108,proton-proton,B-COLLISION
108,collisions,I-COLLISION
108,using,O
108,the,O
108,Belle,B-DETECTOR
108,II,I-DETECTOR
108,detector,O
108,.,O
108,Data,O
108,from,O
108,the,O
108,T2K,B-EXPERIMENT
108,experiment,I-EXPERIMENT
108,at,O
108,SLAC,B-FACILITY
108,National,I-FACILITY
108,Accelerator,I-FACILITY
108,Laboratory,I-FACILITY
108,are,O
108,compared,O
108,to,O
108,perturbative,O
108,QCD,O
108,calculations,O
108,including,O
108,nuclear,O
108,effects,O
108,.,O
108,A,O
108,strong,O
108,suppression,O
108,is,O
108,observed,O
108,at,O
108,high,O
108,transverse,O
108,momenta,O
108,.,O
108,Results,O
108,are,O
108,consistent,O
108,with,O
108,parton,O
108,energy,O
108,loss,O
108,in,O
108,a,O
108,deconfined,O
108,medium,O
108,.,O
109,Elliptic,O
109,flow,O
109,measurements,O
109,of,O
109,electron,B-PARTICLE
109,in,O
109,electron-positron,B-COLLISION
109,collisions,I-COLLISION
109,at,O
109,6.5,B-ENERGY
109,TeV,I-ENERGY
109,are,O
109,reported,O
109,by,O
109,the,O
109,D0,B-EXPERIMENT
109,experiment,I-EXPERIMENT
109,.,O
109,Data,O
109,collected,O
109,at,O
109,KEK,B-FACILITY
109,with,O
109,the,O
109,BaBar,B-DETECTOR
109,detector,O
109,span,O
109,multiple,O
109,centrality,O
109,classes,O
109,.,O
109,The,O
109,azimuthal,O
109,anisotropy,O
109,coefficients,O
109,are,O
109,extracted,O
109,using,O
109,the,O
109,two-particle,O
109,cumulant,O
109,method,O
109,.,O
109,Results,O
109,are,O
109,compared,O
109,with,O
109,viscous,O
109,hydrodynamic,O
109,calculations,O
109,.,O
110,The,O
110,Belle,B-DETECTOR
110,II,I-DETECTOR
110,detector,O
110,at,O
110,DESY,B-FACILITY
110,measures,O
110,electron,B-PARTICLE
110,neutrino,I-PARTICLE
110,production,O
110,cross,O
110,sections,O
110,differentially,O
110,in,O
110,rapidity,O
110,and,O
110,transverse,O
110,momentum,O
110,.,O
110,The,O
110,Belle,B-EXPERIMENT
110,II,I-EXPERIMENT
110,experiment,I-EXPERIMENT
110,uses,O
110,electron-positron,B-COLLISION
110,collisions,I-COLLISION
110,at,O
110,7,B-ENERGY
110,TeV,I-ENERGY
110,corresponding,O
110,to,O
110,5.4,O
110,fb-1,O
110,.,O
110,PDF-sensitive,O
110,observables,O
110,are,O
110,constructed,O
110,and,O
110,compared,O
110,with,O
110,theoretical,O
110,predictions,O
110,.,O
110,These,O
110,data,O
110,will,O
110,constrain,O
110,next-generation,O
110,parton,O
110,distribution,O
110,functions,O
110,.,O
111,The,O
111,BaBar,B-EXPERIMENT
111,experiment,I-EXPERIMENT
111,reports,O
111,a,O
111,measurement,O
111,of,O
111,the,O
111,Omega,B-PARTICLE
111,baryon,I-PARTICLE
111,production,O
111,cross,O
111,section,O
111,in,O
111,electron-positron,B-COLLISION
111,collisions,I-COLLISION
111,at,O
111,centre-of-mass,O
111,energies,O
111,of,O
111,7,B-ENERGY
111,TeV,I-ENERGY
111,and,O
111,5.02,B-ENERGY
111,TeV,I-ENERGY
111,.,O
111,Data,O
111,collected,O
111,with,O
111,the,O
111,ALICE,B-DETECTOR
111,detector,O
111,at,O
111,Jefferson,B-FACILITY
111,Laboratory,I-FACILITY
111,are,O
111,used,O
111,.,O
111,The,O
111,ratio,O
111,of,O
111,cross,O
111,sections,O
111,is,O
111,found,O
111,to,O
111,be,O
111,in,O
111,agreement,O
111,with,O
111,NNLO,O
111,predictions,O
111,.,O
111,Parton,O
111,distribution,O
111,function,O
111,uncertainties,O
111,are,O
111,the,O
111,dominant,O
111,systematic,O
111,.,O
112,The,O
112,BaBar,B-EXPERIMENT
112,experiment,I-EXPERIMENT
112,measures,O
112,the,O
112,transverse,O
112,momentum,O
112,spectrum,O
112,of,O
112,W,B-PARTICLE
112,boson,I-PARTICLE
112,in,O
112,deep-inelastic,B-COLLISION
112,scattering,I-COLLISION
112,at,O
112,100,B-ENERGY
112,TeV,I-ENERGY
112,using,O
112,the,O
112,D0,B-DETECTOR
112,detector,O
112,at,O
112,LHC,B-FACILITY
112,.,O
112,A,O
112,Tsallis,O
112,distribution,O
112,provides,O
112,an,O
112,excellent,O
112,description,O
112,of,O
112,the,O
112,data,O
112,below,O
112,10,O
112,GeV/c,O
112,.,O
112,Comparisons,O
112,with,O
112,PYTHIA,O
112,and,O
112,HERWIG,O
112,event,O
112,generators,O
112,are,O
112,presented,O
112,.,O
112,The,O
112,integrated,O
112,yield,O
112,is,O
112,extracted,O
112,and,O
112,compared,O
112,with,O
112,previous,O
112,measurements,O
112,.,O
113,We,O
113,present,O
113,a,O
113,search,O
113,for,O
113,stop,B-PARTICLE
113,squark,I-PARTICLE
113,production,O
113,in,O
113,Au-Au,B-COLLISION
113,collisions,I-COLLISION
113,at,O
113,a,O
113,centre-of-mass,O
113,energy,O
113,of,O
113,6.5,B-ENERGY
113,TeV,I-ENERGY
113,with,O
113,the,O
113,MicroBooNE,B-DETECTOR
113,detector,O
113,.,O
113,Data,O
113,were,O
113,recorded,O
113,at,O
113,Fermilab,B-FACILITY
113,during,O
113,Run,O
113,2,O
113,of,O
113,the,O
113,TOTEM,B-EXPERIMENT
113,experiment,I-EXPERIMENT
113,.,O
113,No,O
113,significant,O
113,excess,O
113,above,O
113,the,O
113,expected,O
113,background,O
113,was,O
113,observed,O
113,.,O
113,Upper,O
113,limits,O
113,on,O
113,the,O
113,production,O
113,cross,O
113,section,O
113,are,O
113,set,O
113,at,O
11300%,95%,O
113,confidence,O
113,level,O
113,.,O
114,We,O
114,present,O
114,first,O
114,evidence,O
114,for,O
114,neutralino,B-PARTICLE
114,production,O
114,via,O
114,vector,O
114,boson,O
114,fusion,O
114,in,O
114,Pb-Pb,B-COLLISION
114,collisions,I-COLLISION
114,at,O
114,0.9,B-ENERGY
114,TeV,I-ENERGY
114,with,O
114,the,O
114,MicroBooNE,B-DETECTOR
114,detector,O
114,.,O
114,The,O
114,KLOE-2,B-EXPERIMENT
114,experiment,I-EXPERIMENT
114,at,O
114,Fermilab,B-FACILITY
114,selects,O
114,events,O
114,with,O
114,two,O
114,forward,O
114,jets,O
114,and,O
114,the,O
114,B,B-PARTICLE
114,meson,I-PARTICLE
114,decay,O
114,signature,O
114,.,O
114,A,O
114,multivariate,O
114,technique,O
114,reduces,O
114,QCD,O
114,backgrounds,O
114,significantly,O
114,.,O
114,The,O
114,observed,O
114,significance,O
114,is,O
114,3.2,O
114,standard,O
114,deviations,O
114,.,O
115,We,O
115,search,O
115,for,O
115,anomalous,O
115,couplings,O
115,of,O
115,the,O
115,neutralino,B-PARTICLE
115,using,O
115,the,O
115,SND@LHC,B-EXPERIMENT
115,experiment,I-EXPERIMENT
115,at,O
115,SuperKEKB,B-FACILITY
115,.,O
115,The,O
115,FASER,B-DETECTOR
115,detector,O
115,records,O
115,heavy-ion,B-COLLISION
115,collisions,I-COLLISION
115,at,O
115,8,B-ENERGY
115,TeV,I-ENERGY
115,and,O
115,reconstructs,O
115,the,O
115,antiproton,B-PARTICLE
115,decay,O
115,topology,O
115,.,O
115,Wilson,O
115,coefficients,O
115,for,O
115,dimension-6,O
115,EFT,O
115,operators,O
115,are,O
115,constrained,O
115,from,O
115,the,O
115,data,O
115,.,O
115,The,O
115,results,O
115,represent,O
115,the,O
115,world's,O
115,most,O
115,stringent,O
115,constraints,O
115,on,O
115,several,O
115,operators,O
115,.,O
116,The,O
116,D0,B-DETECTOR
116,detector,O
116,at,O
116,LEP,B-FACILITY
116,is,O
116,used,O
116,to,O
116,measure,O
116,the,O
116,inclusive,O
116,dark,B-PARTICLE
116,matter,I-PARTICLE
116,production,O
116,cross,O
116,section,O
116,in,O
116,nucleus-nucleus,B-COLLISION
116,collisions,I-COLLISION
116,at,O
116,13,B-ENERGY
116,TeV,I-ENERGY
116,.,O
116,The,O
116,ATLAS,B-EXPERIMENT
116,experiment,I-EXPERIMENT
116,employs,O
116,a,O
116,track-based,O
116,approach,O
116,to,O
116,reconstruct,O
116,the,O
116,signal,O
116,.,O
116,Theoretical,O
116,predictions,O
116,from,O
116,colour-glass,O
116,condensate,O
116,models,O
116,are,O
116,compared,O
116,to,O
116,data,O
116,.,O
116,Good,O
116,agreement,O
116,is,O
116,observed,O
116,at,O
116,low,O
116,transverse,O
116,momentum,O
116,.,O
117,A,O
117,measurement,O
117,of,O
117,tau,B-PARTICLE
117,neutrino,I-PARTICLE
117,pair,O
117,production,O
117,cross,O
117,sections,O
117,in,O
117,ion-ion,B-COLLISION
117,collisions,I-COLLISION
117,at,O
117,8,B-ENERGY
117,TeV,I-ENERGY
117,is,O
117,reported,O
117,.,O
117,The,O
117,analysis,O
117,uses,O
117,the,O
117,full,O
117,dataset,O
117,collected,O
117,by,O
117,the,O
117,KLOE-2,B-DETECTOR
117,detector,O
117,at,O
117,Brookhaven,B-FACILITY
117,National,I-FACILITY
117,Laboratory,I-FACILITY
117,.,O
117,Results,O
117,from,O
117,the,O
117,NOvA,B-EXPERIMENT
117,experiment,I-EXPERIMENT
117,are,O
117,compared,O
117,with,O
117,next-to-leading-order,O
117,QCD,O
117,calculations,O
117,.,O
117,The,O
117,measured,O
117,values,O
117,are,O
117,consistent,O
117,with,O
117,theoretical,O
117,expectations,O
117,within,O
117,uncertainties,O
117,.,O
118,The,O
118,LHCb,B-EXPERIMENT
118,experiment,I-EXPERIMENT
118,at,O
118,KEK,B-FACILITY
118,reports,O
118,a,O
118,search,O
118,for,O
118,electron,B-PARTICLE
118,neutrino,I-PARTICLE
118,pair,O
118,production,O
118,in,O
118,deep-inelastic,B-COLLISION
118,scattering,I-COLLISION
118,at,O
118,3.5,B-ENERGY
118,TeV,I-ENERGY
118,with,O
118,the,O
118,Belle,B-DETECTOR
118,II,I-DETECTOR
118,detector,O
118,.,O
118,Events,O
118,are,O
118,selected,O
118,with,O
118,exactly,O
118,two,O
118,oppositely,O
118,charged,O
118,leptons,O
118,and,O
118,large,O
118,missing,O
118,transverse,O
118,energy,O
118,.,O
118,A,O
118,cut-and-count,O
118,analysis,O
118,is,O
118,performed,O
118,in,O
118,several,O
118,signal,O
118,regions,O
118,.,O
118,No,O
118,significant,O
118,deviation,O
118,from,O
118,the,O
118,expected,O
118,background,O
118,is,O
118,observed,O
118,.,O
119,We,O
119,report,O
119,evidence,O
119,for,O
119,the,O
119,associated,O
119,production,O
119,of,O
119,a,O
119,strange,B-PARTICLE
119,quark,I-PARTICLE
119,with,O
119,a,O
119,top,B-PARTICLE
119,quark,I-PARTICLE
119,in,O
119,proton-proton,B-COLLISION
119,collisions,I-COLLISION
119,at,O
119,8,B-ENERGY
119,TeV,I-ENERGY
119,.,O
119,The,O
119,BaBar,B-DETECTOR
119,detector,O
119,at,O
119,HERA,B-FACILITY
119,recorded,O
119,the,O
119,dataset,O
119,used,O
119,in,O
119,this,O
119,analysis,O
119,.,O
119,Signal,O
119,extraction,O
119,was,O
119,performed,O
119,using,O
119,a,O
119,binned,O
119,maximum-likelihood,O
119,fit,O
119,.,O
119,The,O
119,T2K,B-EXPERIMENT
119,experiment,I-EXPERIMENT
119,result,O
119,establishes,O
119,this,O
119,process,O
119,at,O
119,4.2,O
119,standard,O
119,deviations,O
119,significance,O
119,.,O
120,Measurement,O
120,of,O
120,Lambda,B-PARTICLE
120,baryon,I-PARTICLE
120,azimuthal,O
120,correlations,O
120,in,O
120,Au-Au,B-COLLISION
120,collisions,I-COLLISION
120,at,O
120,0.9,B-ENERGY
120,TeV,I-ENERGY
120,is,O
120,presented,O
120,by,O
120,the,O
120,BaBar,B-EXPERIMENT
120,experiment,I-EXPERIMENT
120,.,O
120,The,O
120,KLOE-2,B-DETECTOR
120,detector,O
120,at,O
120,CERN,B-FACILITY
120,provides,O
120,high-granularity,O
120,calorimetric,O
120,information,O
120,.,O
120,Two-particle,O
120,correlation,O
120,functions,O
120,are,O
120,measured,O
120,as,O
120,a,O
120,function,O
120,of,O
120,pseudorapidity,O
120,and,O
120,azimuth,O
120,.,O
120,Long-range,O
120,correlations,O
120,characteristic,O
120,of,O
120,collective,O
120,behaviour,O
120,are,O
120,observed,O
120,.,O
121,Measurements,O
121,of,O
121,Xi,B-PARTICLE
121,baryon,I-PARTICLE
121,polarisation,O
121,in,O
121,proton-antiproton,B-COLLISION
121,collisions,I-COLLISION
121,at,O
121,200,B-ENERGY
121,GeV,I-ENERGY
121,are,O
121,reported,O
121,by,O
121,the,O
121,ATLAS,B-EXPERIMENT
121,experiment,I-EXPERIMENT
121,.,O
121,Data,O
121,collected,O
121,with,O
121,the,O
121,LHCb,B-DETECTOR
121,detector,O
121,at,O
121,DESY,B-FACILITY
121,correspond,O
121,to,O
121,36,O
121,fb-1,O
121,.,O
121,Angular,O
121,distributions,O
121,of,O
121,the,O
121,decay,O
121,products,O
121,are,O
121,analysed,O
121,using,O
121,a,O
121,template,O
121,fit,O
121,method,O
121,.,O
121,Results,O
121,are,O
121,consistent,O
121,with,O
121,NLO,O
121,electroweak,O
121,predictions,O
121,.,O
122,The,O
122,properties,O
122,of,O
122,the,O
122,stop,B-PARTICLE
122,squark,I-PARTICLE
122,are,O
122,studied,O
122,in,O
122,pp,B-COLLISION
122,collisions,I-COLLISION
122,at,O
122,8,B-ENERGY
122,TeV,I-ENERGY
122,using,O
122,the,O
122,ALICE,B-DETECTOR
122,detector,O
122,.,O
122,The,O
122,NOvA,B-EXPERIMENT
122,experiment,I-EXPERIMENT
122,at,O
122,Tevatron,B-FACILITY
122,collected,O
122,a,O
122,sample,O
122,of,O
122,10^8,O
122,signal,O
122,candidates,O
122,.,O
122,Mass,O
122,",",O
122,width,O
122,",",O
122,and,O
122,coupling,O
122,measurements,O
122,are,O
122,performed,O
122,with,O
122,unprecedented,O
122,precision,O
122,.,O
122,These,O
122,results,O
122,constrain,O
122,several,O
122,beyond-Standard-Model,O
122,scenarios,O
122,.,O
123,The,O
123,stop,B-PARTICLE
123,squark,I-PARTICLE
123,was,O
123,observed,O
123,in,O
123,Pb-Pb,B-COLLISION
123,collisions,I-COLLISION
123,at,O
123,5.02,B-ENERGY
123,TeV,I-ENERGY
123,using,O
123,the,O
123,T2K,B-DETECTOR
123,detector,O
123,at,O
123,Tevatron,B-FACILITY
123,.,O
123,The,O
123,NOvA,B-EXPERIMENT
123,experiment,I-EXPERIMENT
123,collected,O
123,data,O
123,corresponding,O
123,to,O
123,an,O
123,integrated,O
123,luminosity,O
123,of,O
123,137,O
123,fb-1,O
123,.,O
123,Signal,O
123,events,O
123,were,O
123,reconstructed,O
123,using,O
123,a,O
123,multivariate,O
123,analysis,O
123,technique,O
123,.,O
123,The,O
123,measured,O
123,cross,O
123,section,O
123,is,O
123,in,O
123,good,O
123,agreement,O
123,with,O
123,Standard,O
123,Model,O
123,predictions,O
123,.,O
124,This,O
124,paper,O
124,describes,O
124,the,O
124,performance,O
124,of,O
124,the,O
124,T2K,B-DETECTOR
124,detector,O
124,during,O
124,p-Pb,B-COLLISION
124,collisions,I-COLLISION
124,data-taking,O
124,at,O
124,14,B-ENERGY
124,TeV,I-ENERGY
124,at,O
124,DESY,B-FACILITY
124,.,O
124,Reconstruction,O
124,efficiencies,O
124,for,O
124,muon,B-PARTICLE
124,neutrino,I-PARTICLE
124,tracks,O
124,were,O
124,evaluated,O
124,using,O
124,tag-and-probe,O
124,methods,O
124,.,O
124,The,O
124,KLOE-2,B-EXPERIMENT
124,experiment,I-EXPERIMENT
124,achieved,O
124,a,O
124,signal-to-background,O
124,ratio,O
124,exceeding,O
124,50:1,O
124,in,O
124,the,O
124,signal,O
124,region,O
124,.,O
124,Systematic,O
124,uncertainties,O
124,are,O
124,dominated,O
124,by,O
124,jet,O
124,energy,O
124,scale,O
124,calibration,O
124,.,O
125,A,O
125,comprehensive,O
125,study,O
125,of,O
125,multiparton,O
125,interactions,O
125,in,O
125,Xe-Xe,B-COLLISION
125,collisions,I-COLLISION
125,at,O
125,13.6,B-ENERGY
125,TeV,I-ENERGY
125,is,O
125,performed,O
125,with,O
125,the,O
125,FASER,B-DETECTOR
125,detector,O
125,at,O
125,LHC,B-FACILITY
125,.,O
125,The,O
125,ATLAS,B-EXPERIMENT
125,experiment,I-EXPERIMENT
125,measures,O
125,underlying,O
125,event,O
125,activity,O
125,in,O
125,events,O
125,containing,O
125,a,O
125,Xi,B-PARTICLE
125,baryon,I-PARTICLE
125,.,O
125,Tuned,O
125,Monte,O
125,Carlo,O
125,models,O
125,are,O
125,compared,O
125,with,O
125,data,O
125,across,O
125,multiple,O
125,observables,O
125,.,O
125,Activity,O
125,in,O
125,the,O
125,transverse,O
125,region,O
125,is,O
125,particularly,O
125,sensitive,O
125,to,O
125,MPI,O
125,.,O
126,A,O
126,search,O
126,for,O
126,long-lived,O
126,kaon,B-PARTICLE
126,decaying,O
126,inside,O
126,the,O
126,ATLAS,B-DETECTOR
126,detector,O
126,volume,O
126,is,O
126,conducted,O
126,at,O
126,RHIC,B-FACILITY
126,.,O
126,The,O
126,ALICE,B-EXPERIMENT
126,experiment,I-EXPERIMENT
126,targets,O
126,electron-positron,B-COLLISION
126,collisions,I-COLLISION
126,at,O
126,13,B-ENERGY
126,TeV,I-ENERGY
126,and,O
126,requires,O
126,displaced,O
126,vertex,O
126,signatures,O
126,.,O
126,No,O
126,excess,O
126,is,O
126,observed,O
126,over,O
126,the,O
126,Standard,O
126,Model,O
126,background,O
126,.,O
126,Model-independent,O
126,limits,O
126,are,O
126,placed,O
126,on,O
126,the,O
126,production,O
126,cross,O
126,section,O
126,times,O
126,branching,O
126,fraction,O
126,.,O
127,A,O
127,precise,O
127,measurement,O
127,of,O
127,Xi,B-PARTICLE
127,baryon,I-PARTICLE
127,decay,O
127,branching,O
127,fractions,O
127,is,O
127,performed,O
127,by,O
127,the,O
127,CMS,B-EXPERIMENT
127,experiment,I-EXPERIMENT
127,using,O
127,CDF,B-DETECTOR
127,data,O
127,at,O
127,Tevatron,B-FACILITY
127,.,O
127,The,O
127,analysis,O
127,uses,O
127,electron-positron,B-COLLISION
127,collisions,I-COLLISION
127,at,O
127,200,B-ENERGY
127,GeV,I-ENERGY
127,and,O
127,employs,O
127,a,O
127,full,O
127,amplitude,O
127,analysis,O
127,.,O
127,Results,O
127,improve,O
127,upon,O
127,previous,O
127,measurements,O
127,by,O
127,a,O
127,factor,O
127,of,O
127,three,O
127,.,O
127,No,O
127,evidence,O
127,for,O
127,CP,O
127,violation,O
127,is,O
127,observed,O
127,.,O
128,This,O
128,Letter,O
128,reports,O
128,the,O
128,observation,O
128,of,O
128,Xi,B-PARTICLE
128,baryon,I-PARTICLE
128,production,O
128,in,O
128,association,O
128,with,O
128,electroweak,O
128,bosons,O
128,in,O
128,electron-positron,B-COLLISION
128,collisions,I-COLLISION
128,at,O
128,5.02,B-ENERGY
128,TeV,I-ENERGY
128,.,O
128,The,O
128,MoEDAL,B-DETECTOR
128,detector,O
128,at,O
128,Tevatron,B-FACILITY
128,is,O
128,used,O
128,in,O
128,the,O
128,BaBar,B-EXPERIMENT
128,experiment,I-EXPERIMENT
128,analysis,O
128,.,O
128,A,O
128,multivariate,O
128,discriminant,O
128,separates,O
128,signal,O
128,from,O
128,the,O
128,dominant,O
128,bottom,B-PARTICLE
128,quark,I-PARTICLE
128,background,O
128,.,O
128,The,O
128,signal,O
128,strength,O
128,is,O
128,measured,O
128,with,O
128,a,O
128,relative,O
128,uncertainty,O
128,of,O
12800%,12%,O
128,.,O
129,The,O
129,BaBar,B-EXPERIMENT
129,experiment,I-EXPERIMENT
129,at,O
129,Large,B-FACILITY
129,Hadron,I-FACILITY
129,Collider,I-FACILITY
129,presents,O
129,a,O
129,measurement,O
129,of,O
129,chargino,B-PARTICLE
129,forward-backward,O
129,asymmetry,O
129,in,O
129,Xe-Xe,B-COLLISION
129,collisions,I-COLLISION
129,at,O
129,3.5,B-ENERGY
129,TeV,I-ENERGY
129,.,O
129,The,O
129,Belle,B-DETECTOR
129,II,I-DETECTOR
129,detector,O
129,provides,O
129,excellent,O
129,lepton,O
129,reconstruction,O
129,efficiency,O
129,.,O
129,Results,O
129,are,O
129,compared,O
129,with,O
129,NNLO,O
129,QCD,O
129,plus,O
129,NLO,O
129,EW,O
129,calculations,O
129,.,O
129,Deviations,O
129,from,O
129,Standard,O
129,Model,O
129,predictions,O
129,are,O
129,below,O
129,1.5,O
129,sigma,O
129,.,O
130,We,O
130,report,O
130,a,O
130,new,O
130,measurement,O
130,of,O
130,the,O
130,photon,B-PARTICLE
130,mass,O
130,using,O
130,the,O
130,NA62,B-DETECTOR
130,detector,O
130,at,O
130,HERA,B-FACILITY
130,.,O
130,The,O
130,COMPASS,B-EXPERIMENT
130,experiment,I-EXPERIMENT
130,analyses,O
130,proton-antiproton,B-COLLISION
130,collisions,I-COLLISION
130,data,O
130,at,O
130,0.9,B-ENERGY
130,TeV,I-ENERGY
130,in,O
130,the,O
130,dilepton,O
130,decay,O
130,channel,O
130,.,O
130,A,O
130,template,O
130,fit,O
130,to,O
130,the,O
130,invariant,O
130,mass,O
130,distribution,O
130,yields,O
130,a,O
130,precision,O
130,of,O
13000.00%,0.20%,O
130,.,O
130,This,O
130,represents,O
130,the,O
130,most,O
130,precise,O
130,single-experiment,O
130,measurement,O
130,to,O
130,date,O
130,.,O
131,The,O
131,FASER,B-EXPERIMENT
131,experiment,I-EXPERIMENT
131,presents,O
131,a,O
131,search,O
131,for,O
131,pair-produced,O
131,top,B-PARTICLE
131,quark,I-PARTICLE
131,in,O
131,heavy-ion,B-COLLISION
131,collisions,I-COLLISION
131,at,O
131,1.96,B-ENERGY
131,TeV,I-ENERGY
131,with,O
131,the,O
131,SND@LHC,B-DETECTOR
131,detector,O
131,at,O
131,SPS,B-FACILITY
131,.,O
131,Candidate,O
131,events,O
131,require,O
131,at,O
131,least,O
131,four,O
131,jets,O
131,and,O
131,large,O
131,missing,O
131,transverse,O
131,energy,O
131,.,O
131,The,O
131,observed,O
131,yield,O
131,is,O
131,consistent,O
131,with,O
131,the,O
131,Standard,O
131,Model,O
131,background,O
131,estimate,O
131,.,O
131,Exclusion,O
131,limits,O
131,are,O
131,derived,O
131,in,O
131,the,O
131,context,O
131,of,O
131,simplified,O
131,supersymmetric,O
131,models,O
131,.,O
132,A,O
132,differential,O
132,cross-section,O
132,measurement,O
132,of,O
132,tau,B-PARTICLE
132,neutrino,I-PARTICLE
132,production,O
132,in,O
132,p-Pb,B-COLLISION
132,collisions,I-COLLISION
132,at,O
132,8,B-ENERGY
132,TeV,I-ENERGY
132,is,O
132,presented,O
132,using,O
132,the,O
132,ATLAS,B-DETECTOR
132,detector,O
132,.,O
132,The,O
132,analysis,O
132,exploits,O
132,heavy-ion,B-COLLISION
132,collisions,I-COLLISION
132,data,O
132,collected,O
132,at,O
132,LEP,B-FACILITY
132,during,O
132,the,O
132,LHC,B-FACILITY
132,Run,O
132,2,O
132,period,O
132,.,O
132,The,O
132,KLOE-2,B-EXPERIMENT
132,experiment,I-EXPERIMENT
132,results,O
132,are,O
132,unfolded,O
132,to,O
132,the,O
132,particle,O
132,level,O
132,and,O
132,compared,O
132,to,O
132,Monte,O
132,Carlo,O
132,generators,O
132,.,O
132,NLO+PS,O
132,predictions,O
132,describe,O
132,the,O
132,data,O
132,well,O
132,.,O
133,We,O
133,study,O
133,the,O
133,suppression,O
133,of,O
133,tau,B-PARTICLE
133,neutrino,I-PARTICLE
133,yields,O
133,in,O
133,proton-proton,B-COLLISION
133,collisions,I-COLLISION
133,at,O
133,13,B-ENERGY
133,TeV,I-ENERGY
133,relative,O
133,to,O
133,p-Pb,B-COLLISION
133,collisions,I-COLLISION
133,using,O
133,the,O
133,NOvA,B-DETECTOR
133,detector,O
133,.,O
133,Data,O
133,from,O
133,the,O
133,ALICE,B-EXPERIMENT
133,experiment,I-EXPERIMENT
133,at,O
133,SuperKEKB,B-FACILITY
133,are,O
133,compared,O
133,to,O
133,perturbative,O
133,QCD,O
133,calculations,O
133,including,O
133,nuclear,O
133,effects,O
133,.,O
133,A,O
133,strong,O
133,suppression,O
133,is,O
133,observed,O
133,at,O
133,high,O
133,transverse,O
133,momenta,O
133,.,O
133,Results,O
133,are,O
133,consistent,O
133,with,O
133,parton,O
133,energy,O
133,loss,O
133,in,O
133,a,O
133,deconfined,O
133,medium,O
133,.,O
134,Elliptic,O
134,flow,O
134,measurements,O
134,of,O
134,dark,B-PARTICLE
134,matter,I-PARTICLE
134,in,O
134,Pb-Pb,B-COLLISION
134,collisions,I-COLLISION
134,at,O
134,100,B-ENERGY
134,TeV,I-ENERGY
134,are,O
134,reported,O
134,by,O
134,the,O
134,MicroBooNE,B-EXPERIMENT
134,experiment,I-EXPERIMENT
134,.,O
134,Data,O
134,collected,O
134,at,O
134,LEP,B-FACILITY
134,with,O
134,the,O
134,MoEDAL,B-DETECTOR
134,detector,O
134,span,O
134,multiple,O
134,centrality,O
134,classes,O
134,.,O
134,The,O
134,azimuthal,O
134,anisotropy,O
134,coefficients,O
134,are,O
134,extracted,O
134,using,O
134,the,O
134,two-particle,O
134,cumulant,O
134,method,O
134,.,O
134,Results,O
134,are,O
134,compared,O
134,with,O
134,viscous,O
134,hydrodynamic,O
134,calculations,O
134,.,O
135,The,O
135,ALICE,B-DETECTOR
135,detector,O
135,at,O
135,DESY,B-FACILITY
135,measures,O
135,antiproton,B-PARTICLE
135,production,O
135,cross,O
135,sections,O
135,differentially,O
135,in,O
135,rapidity,O
135,and,O
135,transverse,O
135,momentum,O
135,.,O
135,The,O
135,NA62,B-EXPERIMENT
135,experiment,I-EXPERIMENT
135,uses,O
135,Pb-Pb,B-COLLISION
135,collisions,I-COLLISION
135,at,O
135,900,B-ENERGY
135,GeV,I-ENERGY
135,corresponding,O
135,to,O
135,5.4,O
135,fb-1,O
135,.,O
135,PDF-sensitive,O
135,observables,O
135,are,O
135,constructed,O
135,and,O
135,compared,O
135,with,O
135,theoretical,O
135,predictions,O
135,.,O
135,These,O
135,data,O
135,will,O
135,constrain,O
135,next-generation,O
135,parton,O
135,distribution,O
135,functions,O
135,.,O
136,The,O
136,Belle,B-EXPERIMENT
136,II,I-EXPERIMENT
136,experiment,I-EXPERIMENT
136,reports,O
136,a,O
136,measurement,O
136,of,O
136,the,O
136,stop,B-PARTICLE
136,squark,I-PARTICLE
136,production,O
136,cross,O
136,section,O
136,in,O
136,deep-inelastic,B-COLLISION
136,scattering,I-COLLISION
136,at,O
136,centre-of-mass,O
136,energies,O
136,of,O
136,5.02,B-ENERGY
136,TeV,I-ENERGY
136,and,O
136,13,B-ENERGY
136,TeV,I-ENERGY
136,.,O
136,Data,O
136,collected,O
136,with,O
136,the,O
136,LHCb,B-DETECTOR
136,detector,O
136,at,O
136,Jefferson,B-FACILITY
136,Laboratory,I-FACILITY
136,are,O
136,used,O
136,.,O
136,The,O
136,ratio,O
136,of,O
136,cross,O
136,sections,O
136,is,O
136,found,O
136,to,O
136,be,O
136,in,O
136,agreement,O
136,with,O
136,NNLO,O
136,predictions,O
136,.,O
136,Parton,O
136,distribution,O
136,function,O
136,uncertainties,O
136,are,O
136,the,O
136,dominant,O
136,systematic,O
136,.,O
137,The,O
137,FASER,B-EXPERIMENT
137,experiment,I-EXPERIMENT
137,measures,O
137,the,O
137,transverse,O
137,momentum,O
137,spectrum,O
137,of,O
137,tau,B-PARTICLE
137,lepton,I-PARTICLE
137,in,O
137,Pb-Pb,B-COLLISION
137,collisions,I-COLLISION
137,at,O
137,900,B-ENERGY
137,GeV,I-ENERGY
137,using,O
137,the,O
137,CDF,B-DETECTOR
137,detector,O
137,at,O
137,Jefferson,B-FACILITY
137,Laboratory,I-FACILITY
137,.,O
137,A,O
137,Tsallis,O
137,distribution,O
137,provides,O
137,an,O
137,excellent,O
137,description,O
137,of,O
137,the,O
137,data,O
137,below,O
137,10,O
137,GeV/c,O
137,.,O
137,Comparisons,O
137,with,O
137,PYTHIA,O
137,and,O
137,HERWIG,O
137,event,O
137,generators,O
137,are,O
137,presented,O
137,.,O
137,The,O
137,integrated,O
137,yield,O
137,is,O
137,extracted,O
137,and,O
137,compared,O
137,with,O
137,previous,O
137,measurements,O
137,.,O
138,We,O
138,present,O
138,a,O
138,search,O
138,for,O
138,Upsilon,B-PARTICLE
138,meson,I-PARTICLE
138,production,O
138,in,O
138,pp,B-COLLISION
138,collisions,I-COLLISION
138,at,O
138,a,O
138,centre-of-mass,O
138,energy,O
138,of,O
138,100,B-ENERGY
138,TeV,I-ENERGY
138,with,O
138,the,O
138,Belle,B-DETECTOR
138,II,I-DETECTOR
138,detector,O
138,.,O
138,Data,O
138,were,O
138,recorded,O
138,at,O
138,Large,B-FACILITY
138,Hadron,I-FACILITY
138,Collider,I-FACILITY
138,during,O
138,Run,O
138,2,O
138,of,O
138,the,O
138,KLOE-2,B-EXPERIMENT
138,experiment,I-EXPERIMENT
138,.,O
138,No,O
138,significant,O
138,excess,O
138,above,O
138,the,O
138,expected,O
138,background,O
138,was,O
138,observed,O
138,.,O
138,Upper,O
138,limits,O
138,on,O
138,the,O
138,production,O
138,cross,O
138,section,O
138,are,O
138,set,O
138,at,O
13800%,95%,O
138,confidence,O
138,level,O
138,.,O
139,We,O
139,present,O
139,first,O
139,evidence,O
139,for,O
139,photon,B-PARTICLE
139,production,O
139,via,O
139,vector,O
139,boson,O
139,fusion,O
139,in,O
139,deep-inelastic,B-COLLISION
139,scattering,I-COLLISION
139,at,O
139,13.6,B-ENERGY
139,TeV,I-ENERGY
139,with,O
139,the,O
139,KLOE-2,B-DETECTOR
139,detector,O
139,.,O
139,The,O
139,TOTEM,B-EXPERIMENT
139,experiment,I-EXPERIMENT
139,at,O
139,SuperKEKB,B-FACILITY
139,selects,O
139,events,O
139,with,O
139,two,O
139,forward,O
139,jets,O
139,and,O
139,the,O
139,positron,B-PARTICLE
139,decay,O
139,signature,O
139,.,O
139,A,O
139,multivariate,O
139,technique,O
139,reduces,O
139,QCD,O
139,backgrounds,O
139,significantly,O
139,.,O
139,The,O
139,observed,O
139,significance,O
139,is,O
139,3.2,O
139,standard,O
139,deviations,O
139,.,O
140,We,O
140,search,O
140,for,O
140,anomalous,O
140,couplings,O
140,of,O
140,the,O
140,B,B-PARTICLE
140,meson,I-PARTICLE
140,using,O
140,the,O
140,Belle,B-EXPERIMENT
140,II,I-EXPERIMENT
140,experiment,I-EXPERIMENT
140,at,O
140,HERA,B-FACILITY
140,.,O
140,The,O
140,CMS,B-DETECTOR
140,detector,O
140,records,O
140,deep-inelastic,B-COLLISION
140,scattering,I-COLLISION
140,at,O
140,5.02,B-ENERGY
140,TeV,I-ENERGY
140,and,O
140,reconstructs,O
140,the,O
140,tau,B-PARTICLE
140,neutrino,I-PARTICLE
140,decay,O
140,topology,O
140,.,O
140,Wilson,O
140,coefficients,O
140,for,O
140,dimension-6,O
140,EFT,O
140,operators,O
140,are,O
140,constrained,O
140,from,O
140,the,O
140,data,O
140,.,O
140,The,O
140,results,O
140,represent,O
140,the,O
140,world's,O
140,most,O
140,stringent,O
140,constraints,O
140,on,O
140,several,O
140,operators,O
140,.,O
141,The,O
141,HERA-B,B-DETECTOR
141,detector,O
141,at,O
141,Fermilab,B-FACILITY
141,is,O
141,used,O
141,to,O
141,measure,O
141,the,O
141,inclusive,O
141,charm,B-PARTICLE
141,quark,I-PARTICLE
141,production,O
141,cross,O
141,section,O
141,in,O
141,ion-ion,B-COLLISION
141,collisions,I-COLLISION
141,at,O
141,100,B-ENERGY
141,TeV,I-ENERGY
141,.,O
141,The,O
141,T2K,B-EXPERIMENT
141,experiment,I-EXPERIMENT
141,employs,O
141,a,O
141,track-based,O
141,approach,O
141,to,O
141,reconstruct,O
141,the,O
141,signal,O
141,.,O
141,Theoretical,O
141,predictions,O
141,from,O
141,colour-glass,O
141,condensate,O
141,models,O
141,are,O
141,compared,O
141,to,O
141,data,O
141,.,O
141,Good,O
141,agreement,O
141,is,O
141,observed,O
141,at,O
141,low,O
141,transverse,O
141,momentum,O
141,.,O
142,A,O
142,measurement,O
142,of,O
142,B,B-PARTICLE
142,meson,I-PARTICLE
142,pair,O
142,production,O
142,cross,O
142,sections,O
142,in,O
142,pp,B-COLLISION
142,collisions,I-COLLISION
142,at,O
142,14,B-ENERGY
142,TeV,I-ENERGY
142,is,O
142,reported,O
142,.,O
142,The,O
142,analysis,O
142,uses,O
142,the,O
142,full,O
142,dataset,O
142,collected,O
142,by,O
142,the,O
142,TOTEM,B-DETECTOR
142,detector,O
142,at,O
142,HERA,B-FACILITY
142,.,O
142,Results,O
142,from,O
142,the,O
142,ATLAS,B-EXPERIMENT
142,experiment,I-EXPERIMENT
142,are,O
142,compared,O
142,with,O
142,next-to-leading-order,O
142,QCD,O
142,calculations,O
142,.,O
142,The,O
142,measured,O
142,values,O
142,are,O
142,consistent,O
142,with,O
142,theoretical,O
142,expectations,O
142,within,O
142,uncertainties,O
142,.,O
143,The,O
143,D0,B-EXPERIMENT
143,experiment,I-EXPERIMENT
143,at,O
143,Fermilab,B-FACILITY
143,reports,O
143,a,O
143,search,O
143,for,O
143,positron,B-PARTICLE
143,pair,O
143,production,O
143,in,O
143,electron-positron,B-COLLISION
143,collisions,I-COLLISION
143,at,O
143,0.9,B-ENERGY
143,TeV,I-ENERGY
143,with,O
143,the,O
143,LHCb,B-DETECTOR
143,detector,O
143,.,O
143,Events,O
143,are,O
143,selected,O
143,with,O
143,exactly,O
143,two,O
143,oppositely,O
143,charged,O
143,leptons,O
143,and,O
143,large,O
143,missing,O
143,transverse,O
143,energy,O
143,.,O
143,A,O
143,cut-and-count,O
143,analysis,O
143,is,O
143,performed,O
143,in,O
143,several,O
143,signal,O
143,regions,O
143,.,O
143,No,O
143,significant,O
143,deviation,O
143,from,O
143,the,O
143,expected,O
143,background,O
143,is,O
143,observed,O
143,.,O
144,We,O
144,report,O
144,evidence,O
144,for,O
144,the,O
144,associated,O
144,production,O
144,of,O
144,a,O
144,kaon,B-PARTICLE
144,with,O
144,a,O
144,chargino,B-PARTICLE
144,in,O
144,proton-proton,B-COLLISION
144,collisions,I-COLLISION
144,at,O
144,1.96,B-ENERGY
144,TeV,I-ENERGY
144,.,O
144,The,O
144,COMPASS,B-DETECTOR
144,detector,O
144,at,O
144,Brookhaven,B-FACILITY
144,National,I-FACILITY
144,Laboratory,I-FACILITY
144,recorded,O
144,the,O
144,dataset,O
144,used,O
144,in,O
144,this,O
144,analysis,O
144,.,O
144,Signal,O
144,extraction,O
144,was,O
144,performed,O
144,using,O
144,a,O
144,binned,O
144,maximum-likelihood,O
144,fit,O
144,.,O
144,The,O
144,COMPASS,B-EXPERIMENT
144,experiment,I-EXPERIMENT
144,result,O
144,establishes,O
144,this,O
144,process,O
144,at,O
144,4.2,O
144,standard,O
144,deviations,O
144,significance,O
144,.,O
145,Measurement,O
145,of,O
145,strange,B-PARTICLE
145,quark,I-PARTICLE
145,azimuthal,O
145,correlations,O
145,in,O
145,ion-ion,B-COLLISION
145,collisions,I-COLLISION
145,at,O
145,200,B-ENERGY
145,GeV,I-ENERGY
145,is,O
145,presented,O
145,by,O
145,the,O
145,FASER,B-EXPERIMENT
145,experiment,I-EXPERIMENT
145,.,O
145,The,O
145,HERA-B,B-DETECTOR
145,detector,O
145,at,O
145,SLAC,B-FACILITY
145,National,I-FACILITY
145,Accelerator,I-FACILITY
145,Laboratory,I-FACILITY
145,provides,O
145,high-granularity,O
145,calorimetric,O
145,information,O
145,.,O
145,Two-particle,O
145,correlation,O
145,functions,O
145,are,O
145,measured,O
145,as,O
145,a,O
145,function,O
145,of,O
145,pseudorapidity,O
145,and,O
145,azimuth,O
145,.,O
145,Long-range,O
145,correlations,O
145,characteristic,O
145,of,O
145,collective,O
145,behaviour,O
145,are,O
145,observed,O
145,.,O
146,Measurements,O
146,of,O
146,chargino,B-PARTICLE
146,polarisation,O
146,in,O
146,pp,B-COLLISION
146,collisions,I-COLLISION
146,at,O
146,2.76,B-ENERGY
146,TeV,I-ENERGY
146,are,O
146,reported,O
146,by,O
146,the,O
146,T2K,B-EXPERIMENT
146,experiment,I-EXPERIMENT
146,.,O
146,Data,O
146,collected,O
146,with,O
146,the,O
146,HERA-B,B-DETECTOR
146,detector,O
146,at,O
146,Fermilab,B-FACILITY
146,correspond,O
146,to,O
146,36,O
146,fb-1,O
146,.,O
146,Angular,O
146,distributions,O
146,of,O
146,the,O
146,decay,O
146,products,O
146,are,O
146,analysed,O
146,using,O
146,a,O
146,template,O
146,fit,O
146,method,O
146,.,O
146,Results,O
146,are,O
146,consistent,O
146,with,O
146,NLO,O
146,electroweak,O
146,predictions,O
146,.,O
147,The,O
147,properties,O
147,of,O
147,the,O
147,top,B-PARTICLE
147,quark,I-PARTICLE
147,are,O
147,studied,O
147,in,O
147,pp,B-COLLISION
147,collisions,I-COLLISION
147,at,O
147,1.96,B-ENERGY
147,TeV,I-ENERGY
147,using,O
147,the,O
147,HERA-B,B-DETECTOR
147,detector,O
147,.,O
147,The,O
147,COMPASS,B-EXPERIMENT
147,experiment,I-EXPERIMENT
147,at,O
147,Tevatron,B-FACILITY
147,collected,O
147,a,O
147,sample,O
147,of,O
147,10^8,O
147,signal,O
147,candidates,O
147,.,O
147,Mass,O
147,",",O
147,width,O
147,",",O
147,and,O
147,coupling,O
147,measurements,O
147,are,O
147,performed,O
147,with,O
147,unprecedented,O
147,precision,O
147,.,O
147,These,O
147,results,O
147,constrain,O
147,several,O
147,beyond-Standard-Model,O
147,scenarios,O
147,.,O
148,The,O
148,gluon,B-PARTICLE
148,was,O
148,observed,O
148,in,O
148,proton-proton,B-COLLISION
148,collisions,I-COLLISION
148,at,O
148,8,B-ENERGY
148,TeV,I-ENERGY
148,using,O
148,the,O
148,BaBar,B-DETECTOR
148,detector,O
148,at,O
148,LEP,B-FACILITY
148,.,O
148,The,O
148,CMS,B-EXPERIMENT
148,experiment,I-EXPERIMENT
148,collected,O
148,data,O
148,corresponding,O
148,to,O
148,an,O
148,integrated,O
148,luminosity,O
148,of,O
148,137,O
148,fb-1,O
148,.,O
148,Signal,O
148,events,O
148,were,O
148,reconstructed,O
148,using,O
148,a,O
148,multivariate,O
148,analysis,O
148,technique,O
148,.,O
148,The,O
148,measured,O
148,cross,O
148,section,O
148,is,O
148,in,O
148,good,O
148,agreement,O
148,with,O
148,Standard,O
148,Model,O
148,predictions,O
148,.,O
149,This,O
149,paper,O
149,describes,O
149,the,O
149,performance,O
149,of,O
149,the,O
149,NA62,B-DETECTOR
149,detector,O
149,during,O
149,deep-inelastic,B-COLLISION
149,scattering,I-COLLISION
149,data-taking,O
149,at,O
149,7,B-ENERGY
149,TeV,I-ENERGY
149,at,O
149,SPS,B-FACILITY
149,.,O
149,Reconstruction,O
149,efficiencies,O
149,for,O
149,Xi,B-PARTICLE
149,baryon,I-PARTICLE
149,tracks,O
149,were,O
149,evaluated,O
149,using,O
149,tag-and-probe,O
149,methods,O
149,.,O
149,The,O
149,FASER,B-EXPERIMENT
149,experiment,I-EXPERIMENT
149,achieved,O
149,a,O
149,signal-to-background,O
149,ratio,O
149,exceeding,O
149,50:1,O
149,in,O
149,the,O
149,signal,O
149,region,O
149,.,O
149,Systematic,O
149,uncertainties,O
149,are,O
149,dominated,O
149,by,O
149,jet,O
149,energy,O
149,scale,O
149,calibration,O
149,.,O
150,A,O
150,comprehensive,O
150,study,O
150,of,O
150,multiparton,O
150,interactions,O
150,in,O
150,proton-antiproton,B-COLLISION
150,collisions,I-COLLISION
150,at,O
150,2.76,B-ENERGY
150,TeV,I-ENERGY
150,is,O
150,performed,O
150,with,O
150,the,O
150,LHCf,B-DETECTOR
150,detector,O
150,at,O
150,SuperKEKB,B-FACILITY
150,.,O
150,The,O
150,LHCf,B-EXPERIMENT
150,experiment,I-EXPERIMENT
150,measures,O
150,underlying,O
150,event,O
150,activity,O
150,in,O
150,events,O
150,containing,O
150,a,O
150,Lambda,B-PARTICLE
150,baryon,I-PARTICLE
150,.,O
150,Tuned,O
150,Monte,O
150,Carlo,O
150,models,O
150,are,O
150,compared,O
150,with,O
150,data,O
150,across,O
150,multiple,O
150,observables,O
150,.,O
150,Activity,O
150,in,O
150,the,O
150,transverse,O
150,region,O
150,is,O
150,particularly,O
150,sensitive,O
150,to,O
150,MPI,O
150,.,O
151,A,O
151,search,O
151,for,O
151,long-lived,O
151,strange,B-PARTICLE
151,quark,I-PARTICLE
151,decaying,O
151,inside,O
151,the,O
151,CMS,B-DETECTOR
151,detector,O
151,volume,O
151,is,O
151,conducted,O
151,at,O
151,SLAC,B-FACILITY
151,National,I-FACILITY
151,Accelerator,I-FACILITY
151,Laboratory,I-FACILITY
151,.,O
151,The,O
151,COMPASS,B-EXPERIMENT
151,experiment,I-EXPERIMENT
151,targets,O
151,nucleus-nucleus,B-COLLISION
151,collisions,I-COLLISION
151,at,O
151,13.6,B-ENERGY
151,TeV,I-ENERGY
151,and,O
151,requires,O
151,displaced,O
151,vertex,O
151,signatures,O
151,.,O
151,No,O
151,excess,O
151,is,O
151,observed,O
151,over,O
151,the,O
151,Standard,O
151,Model,O
151,background,O
151,.,O
151,Model-independent,O
151,limits,O
151,are,O
151,placed,O
151,on,O
151,the,O
151,production,O
151,cross,O
151,section,O
151,times,O
151,branching,O
151,fraction,O
151,.,O
152,A,O
152,precise,O
152,measurement,O
152,of,O
152,dark,B-PARTICLE
152,matter,I-PARTICLE
152,decay,O
152,branching,O
152,fractions,O
152,is,O
152,performed,O
152,by,O
152,the,O
152,Belle,B-EXPERIMENT
152,II,I-EXPERIMENT
152,experiment,I-EXPERIMENT
152,using,O
152,KLOE-2,B-DETECTOR
152,data,O
152,at,O
152,SPS,B-FACILITY
152,.,O
152,The,O
152,analysis,O
152,uses,O
152,ion-ion,B-COLLISION
152,collisions,I-COLLISION
152,at,O
152,100,B-ENERGY
152,TeV,I-ENERGY
152,and,O
152,employs,O
152,a,O
152,full,O
152,amplitude,O
152,analysis,O
152,.,O
152,Results,O
152,improve,O
152,upon,O
152,previous,O
152,measurements,O
152,by,O
152,a,O
152,factor,O
152,of,O
152,three,O
152,.,O
152,No,O
152,evidence,O
152,for,O
152,CP,O
152,violation,O
152,is,O
152,observed,O
152,.,O
153,This,O
153,Letter,O
153,reports,O
153,the,O
153,observation,O
153,of,O
153,electron,B-PARTICLE
153,production,O
153,in,O
153,association,O
153,with,O
153,electroweak,O
153,bosons,O
153,in,O
153,ion-ion,B-COLLISION
153,collisions,I-COLLISION
153,at,O
153,13,B-ENERGY
153,TeV,I-ENERGY
153,.,O
153,The,O
153,CMS,B-DETECTOR
153,detector,O
153,at,O
153,DESY,B-FACILITY
153,is,O
153,used,O
153,in,O
153,the,O
153,LHCb,B-EXPERIMENT
153,experiment,I-EXPERIMENT
153,analysis,O
153,.,O
153,A,O
153,multivariate,O
153,discriminant,O
153,separates,O
153,signal,O
153,from,O
153,the,O
153,dominant,O
153,J/psi,B-PARTICLE
153,meson,I-PARTICLE
153,background,O
153,.,O
153,The,O
153,signal,O
153,strength,O
153,is,O
153,measured,O
153,with,O
153,a,O
153,relative,O
153,uncertainty,O
153,of,O
15300%,12%,O
153,.,O
154,The,O
154,LHCf,B-EXPERIMENT
154,experiment,I-EXPERIMENT
154,at,O
154,LEP,B-FACILITY
154,presents,O
154,a,O
154,measurement,O
154,of,O
154,Omega,B-PARTICLE
154,baryon,I-PARTICLE
154,forward-backward,O
154,asymmetry,O
154,in,O
154,proton-proton,B-COLLISION
154,collisions,I-COLLISION
154,at,O
154,13,B-ENERGY
154,TeV,I-ENERGY
154,.,O
154,The,O
154,MicroBooNE,B-DETECTOR
154,detector,O
154,provides,O
154,excellent,O
154,lepton,O
154,reconstruction,O
154,efficiency,O
154,.,O
154,Results,O
154,are,O
154,compared,O
154,with,O
154,NNLO,O
154,QCD,O
154,plus,O
154,NLO,O
154,EW,O
154,calculations,O
154,.,O
154,Deviations,O
154,from,O
154,Standard,O
154,Model,O
154,predictions,O
154,are,O
154,below,O
154,1.5,O
154,sigma,O
154,.,O
155,We,O
155,report,O
155,a,O
155,new,O
155,measurement,O
155,of,O
155,the,O
155,antiproton,B-PARTICLE
155,mass,O
155,using,O
155,the,O
155,LHCf,B-DETECTOR
155,detector,O
155,at,O
155,Fermilab,B-FACILITY
155,.,O
155,The,O
155,FASER,B-EXPERIMENT
155,experiment,I-EXPERIMENT
155,analyses,O
155,electron-positron,B-COLLISION
155,collisions,I-COLLISION
155,data,O
155,at,O
155,13.6,B-ENERGY
155,TeV,I-ENERGY
155,in,O
155,the,O
155,dilepton,O
155,decay,O
155,channel,O
155,.,O
155,A,O
155,template,O
155,fit,O
155,to,O
155,the,O
155,invariant,O
155,mass,O
155,distribution,O
155,yields,O
155,a,O
155,precision,O
155,of,O
15500.00%,0.20%,O
155,.,O
155,This,O
155,represents,O
155,the,O
155,most,O
155,precise,O
155,single-experiment,O
155,measurement,O
155,to,O
155,date,O
155,.,O
156,The,O
156,FASER,B-EXPERIMENT
156,experiment,I-EXPERIMENT
156,presents,O
156,a,O
156,search,O
156,for,O
156,pair-produced,O
156,muon,B-PARTICLE
156,neutrino,I-PARTICLE
156,in,O
156,ion-ion,B-COLLISION
156,collisions,I-COLLISION
156,at,O
156,3.5,B-ENERGY
156,TeV,I-ENERGY
156,with,O
156,the,O
156,ALICE,B-DETECTOR
156,detector,O
156,at,O
156,LEP,B-FACILITY
156,.,O
156,Candidate,O
156,events,O
156,require,O
156,at,O
156,least,O
156,four,O
156,jets,O
156,and,O
156,large,O
156,missing,O
156,transverse,O
156,energy,O
156,.,O
156,The,O
156,observed,O
156,yield,O
156,is,O
156,consistent,O
156,with,O
156,the,O
156,Standard,O
156,Model,O
156,background,O
156,estimate,O
156,.,O
156,Exclusion,O
156,limits,O
156,are,O
156,derived,O
156,in,O
156,the,O
156,context,O
156,of,O
156,simplified,O
156,supersymmetric,O
156,models,O
156,.,O
157,A,O
157,differential,O
157,cross-section,O
157,measurement,O
157,of,O
157,J/psi,B-PARTICLE
157,meson,I-PARTICLE
157,production,O
157,in,O
157,ion-ion,B-COLLISION
157,collisions,I-COLLISION
157,at,O
157,6.5,B-ENERGY
157,TeV,I-ENERGY
157,is,O
157,presented,O
157,using,O
157,the,O
157,SND@LHC,B-DETECTOR
157,detector,O
157,.,O
157,The,O
157,analysis,O
157,exploits,O
157,nucleus-nucleus,B-COLLISION
157,collisions,I-COLLISION
157,data,O
157,collected,O
157,at,O
157,HERA,B-FACILITY
157,during,O
157,the,O
157,LHC,B-FACILITY
157,Run,O
157,2,O
157,period,O
157,.,O
157,The,O
157,ALICE,B-EXPERIMENT
157,experiment,I-EXPERIMENT
157,results,O
157,are,O
157,unfolded,O
157,to,O
157,the,O
157,particle,O
157,level,O
157,and,O
157,compared,O
157,to,O
157,Monte,O
157,Carlo,O
157,generators,O
157,.,O
157,NLO+PS,O
157,predictions,O
157,describe,O
157,the,O
157,data,O
157,well,O
157,.,O
158,We,O
158,study,O
158,the,O
158,suppression,O
158,of,O
158,neutrino,B-PARTICLE
158,yields,O
158,in,O
158,Pb-Pb,B-COLLISION
158,collisions,I-COLLISION
158,at,O
158,0.9,B-ENERGY
158,TeV,I-ENERGY
158,relative,O
158,to,O
158,Xe-Xe,B-COLLISION
158,collisions,I-COLLISION
158,using,O
158,the,O
158,CMS,B-DETECTOR
158,detector,O
158,.,O
158,Data,O
158,from,O
158,the,O
158,MoEDAL,B-EXPERIMENT
158,experiment,I-EXPERIMENT
158,at,O
158,RHIC,B-FACILITY
158,are,O
158,compared,O
158,to,O
158,perturbative,O
158,QCD,O
158,calculations,O
158,including,O
158,nuclear,O
158,effects,O
158,.,O
158,A,O
158,strong,O
158,suppression,O
158,is,O
158,observed,O
158,at,O
158,high,O
158,transverse,O
158,momenta,O
158,.,O
158,Results,O
158,are,O
158,consistent,O
158,with,O
158,parton,O
158,energy,O
158,loss,O
158,in,O
158,a,O
158,deconfined,O
158,medium,O
158,.,O
159,Elliptic,O
159,flow,O
159,measurements,O
159,of,O
159,dark,B-PARTICLE
159,matter,I-PARTICLE
159,in,O
159,Xe-Xe,B-COLLISION
159,collisions,I-COLLISION
159,at,O
159,6.5,B-ENERGY
159,TeV,I-ENERGY
159,are,O
159,reported,O
159,by,O
159,the,O
159,LHCb,B-EXPERIMENT
159,experiment,I-EXPERIMENT
159,.,O
159,Data,O
159,collected,O
159,at,O
159,LHC,B-FACILITY
159,with,O
159,the,O
159,ALICE,B-DETECTOR
159,detector,O
159,span,O
159,multiple,O
159,centrality,O
159,classes,O
159,.,O
159,The,O
159,azimuthal,O
159,anisotropy,O
159,coefficients,O
159,are,O
159,extracted,O
159,using,O
159,the,O
159,two-particle,O
159,cumulant,O
159,method,O
159,.,O
159,Results,O
159,are,O
159,compared,O
159,with,O
159,viscous,O
159,hydrodynamic,O
159,calculations,O
159,.,O
160,The,O
160,T2K,B-DETECTOR
160,detector,O
160,at,O
160,RHIC,B-FACILITY
160,measures,O
160,B,B-PARTICLE
160,meson,I-PARTICLE
160,production,O
160,cross,O
160,sections,O
160,differentially,O
160,in,O
160,rapidity,O
160,and,O
160,transverse,O
160,momentum,O
160,.,O
160,The,O
160,CDF,B-EXPERIMENT
160,experiment,I-EXPERIMENT
160,uses,O
160,proton-proton,B-COLLISION
160,collisions,I-COLLISION
160,at,O
160,10.6,B-ENERGY
160,TeV,I-ENERGY
160,corresponding,O
160,to,O
160,5.4,O
160,fb-1,O
160,.,O
160,PDF-sensitive,O
160,observables,O
160,are,O
160,constructed,O
160,and,O
160,compared,O
160,with,O
160,theoretical,O
160,predictions,O
160,.,O
160,These,O
160,data,O
160,will,O
160,constrain,O
160,next-generation,O
160,parton,O
160,distribution,O
160,functions,O
160,.,O
161,The,O
161,BaBar,B-EXPERIMENT
161,experiment,I-EXPERIMENT
161,reports,O
161,a,O
161,measurement,O
161,of,O
161,the,O
161,kaon,B-PARTICLE
161,production,O
161,cross,O
161,section,O
161,in,O
161,deep-inelastic,B-COLLISION
161,scattering,I-COLLISION
161,at,O
161,centre-of-mass,O
161,energies,O
161,of,O
161,7,B-ENERGY
161,TeV,I-ENERGY
161,and,O
161,14,B-ENERGY
161,TeV,I-ENERGY
161,.,O
161,Data,O
161,collected,O
161,with,O
161,the,O
161,MoEDAL,B-DETECTOR
161,detector,O
161,at,O
161,Fermilab,B-FACILITY
161,are,O
161,used,O
161,.,O
161,The,O
161,ratio,O
161,of,O
161,cross,O
161,sections,O
161,is,O
161,found,O
161,to,O
161,be,O
161,in,O
161,agreement,O
161,with,O
161,NNLO,O
161,predictions,O
161,.,O
161,Parton,O
161,distribution,O
161,function,O
161,uncertainties,O
161,are,O
161,the,O
161,dominant,O
161,systematic,O
161,.,O
162,The,O
162,Belle,B-EXPERIMENT
162,II,I-EXPERIMENT
162,experiment,I-EXPERIMENT
162,measures,O
162,the,O
162,transverse,O
162,momentum,O
162,spectrum,O
162,of,O
162,antiproton,B-PARTICLE
162,in,O
162,Pb-Pb,B-COLLISION
162,collisions,I-COLLISION
162,at,O
162,7,B-ENERGY
162,TeV,I-ENERGY
162,using,O
162,the,O
162,D0,B-DETECTOR
162,detector,O
162,at,O
162,DESY,B-FACILITY
162,.,O
162,A,O
162,Tsallis,O
162,distribution,O
162,provides,O
162,an,O
162,excellent,O
162,description,O
162,of,O
162,the,O
162,data,O
162,below,O
162,10,O
162,GeV/c,O
162,.,O
162,Comparisons,O
162,with,O
162,PYTHIA,O
162,and,O
162,HERWIG,O
162,event,O
162,generators,O
162,are,O
162,presented,O
162,.,O
162,The,O
162,integrated,O
162,yield,O
162,is,O
162,extracted,O
162,and,O
162,compared,O
162,with,O
162,previous,O
162,measurements,O
162,.,O
163,We,O
163,present,O
163,a,O
163,search,O
163,for,O
163,chargino,B-PARTICLE
163,production,O
163,in,O
163,proton-proton,B-COLLISION
163,collisions,I-COLLISION
163,at,O
163,a,O
163,centre-of-mass,O
163,energy,O
163,of,O
163,8,B-ENERGY
163,TeV,I-ENERGY
163,with,O
163,the,O
163,HERA-B,B-DETECTOR
163,detector,O
163,.,O
163,Data,O
163,were,O
163,recorded,O
163,at,O
163,DESY,B-FACILITY
163,during,O
163,Run,O
163,2,O
163,of,O
163,the,O
163,TOTEM,B-EXPERIMENT
163,experiment,I-EXPERIMENT
163,.,O
163,No,O
163,significant,O
163,excess,O
163,above,O
163,the,O
163,expected,O
163,background,O
163,was,O
163,observed,O
163,.,O
163,Upper,O
163,limits,O
163,on,O
163,the,O
163,production,O
163,cross,O
163,section,O
163,are,O
163,set,O
163,at,O
16300%,95%,O
163,confidence,O
163,level,O
163,.,O
164,We,O
164,present,O
164,first,O
164,evidence,O
164,for,O
164,W,B-PARTICLE
164,boson,I-PARTICLE
164,production,O
164,via,O
164,vector,O
164,boson,O
164,fusion,O
164,in,O
164,Xe-Xe,B-COLLISION
164,collisions,I-COLLISION
164,at,O
164,8,B-ENERGY
164,TeV,I-ENERGY
164,with,O
164,the,O
164,HERA-B,B-DETECTOR
164,detector,O
164,.,O
164,The,O
164,BaBar,B-EXPERIMENT
164,experiment,I-EXPERIMENT
164,at,O
164,Jefferson,B-FACILITY
164,Laboratory,I-FACILITY
164,selects,O
164,events,O
164,with,O
164,two,O
164,forward,O
164,jets,O
164,and,O
164,the,O
164,D,B-PARTICLE
164,meson,I-PARTICLE
164,decay,O
164,signature,O
164,.,O
164,A,O
164,multivariate,O
164,technique,O
164,reduces,O
164,QCD,O
164,backgrounds,O
164,significantly,O
164,.,O
164,The,O
164,observed,O
164,significance,O
164,is,O
164,3.2,O
164,standard,O
164,deviations,O
164,.,O
165,We,O
165,search,O
165,for,O
165,anomalous,O
165,couplings,O
165,of,O
165,the,O
165,B,B-PARTICLE
165,meson,I-PARTICLE
165,using,O
165,the,O
165,CDF,B-EXPERIMENT
165,experiment,I-EXPERIMENT
165,at,O
165,HERA,B-FACILITY
165,.,O
165,The,O
165,T2K,B-DETECTOR
165,detector,O
165,records,O
165,Xe-Xe,B-COLLISION
165,collisions,I-COLLISION
165,at,O
165,6.5,B-ENERGY
165,TeV,I-ENERGY
165,and,O
165,reconstructs,O
165,the,O
165,Upsilon,B-PARTICLE
165,meson,I-PARTICLE
165,decay,O
165,topology,O
165,.,O
165,Wilson,O
165,coefficients,O
165,for,O
165,dimension-6,O
165,EFT,O
165,operators,O
165,are,O
165,constrained,O
165,from,O
165,the,O
165,data,O
165,.,O
165,The,O
165,results,O
165,represent,O
165,the,O
165,world's,O
165,most,O
165,stringent,O
165,constraints,O
165,on,O
165,several,O
165,operators,O
165,.,O
166,The,O
166,BaBar,B-DETECTOR
166,detector,O
166,at,O
166,KEK,B-FACILITY
166,is,O
166,used,O
166,to,O
166,measure,O
166,the,O
166,inclusive,O
166,tau,B-PARTICLE
166,neutrino,I-PARTICLE
166,production,O
166,cross,O
166,section,O
166,in,O
166,deep-inelastic,B-COLLISION
166,scattering,I-COLLISION
166,at,O
166,100,B-ENERGY
166,TeV,I-ENERGY
166,.,O
166,The,O
166,LHCf,B-EXPERIMENT
166,experiment,I-EXPERIMENT
166,employs,O
166,a,O
166,track-based,O
166,approach,O
166,to,O
166,reconstruct,O
166,the,O
166,signal,O
166,.,O
166,Theoretical,O
166,predictions,O
166,from,O
166,colour-glass,O
166,condensate,O
166,models,O
166,are,O
166,compared,O
166,to,O
166,data,O
166,.,O
166,Good,O
166,agreement,O
166,is,O
166,observed,O
166,at,O
166,low,O
166,transverse,O
166,momentum,O
166,.,O
167,A,O
167,measurement,O
167,of,O
167,Z,B-PARTICLE
167,boson,I-PARTICLE
167,pair,O
167,production,O
167,cross,O
167,sections,O
167,in,O
167,ion-ion,B-COLLISION
167,collisions,I-COLLISION
167,at,O
167,6.5,B-ENERGY
167,TeV,I-ENERGY
167,is,O
167,reported,O
167,.,O
167,The,O
167,analysis,O
167,uses,O
167,the,O
167,full,O
167,dataset,O
167,collected,O
167,by,O
167,the,O
167,MicroBooNE,B-DETECTOR
167,detector,O
167,at,O
167,CERN,B-FACILITY
167,.,O
167,Results,O
167,from,O
167,the,O
167,MicroBooNE,B-EXPERIMENT
167,experiment,I-EXPERIMENT
167,are,O
167,compared,O
167,with,O
167,next-to-leading-order,O
167,QCD,O
167,calculations,O
167,.,O
167,The,O
167,measured,O
167,values,O
167,are,O
167,consistent,O
167,with,O
167,theoretical,O
167,expectations,O
167,within,O
167,uncertainties,O
167,.,O
168,The,O
168,T2K,B-EXPERIMENT
168,experiment,I-EXPERIMENT
168,at,O
168,LHC,B-FACILITY
168,reports,O
168,a,O
168,search,O
168,for,O
168,chargino,B-PARTICLE
168,pair,O
168,production,O
168,in,O
168,heavy-ion,B-COLLISION
168,collisions,I-COLLISION
168,at,O
168,900,B-ENERGY
168,GeV,I-ENERGY
168,with,O
168,the,O
168,T2K,B-DETECTOR
168,detector,O
168,.,O
168,Events,O
168,are,O
168,selected,O
168,with,O
168,exactly,O
168,two,O
168,oppositely,O
168,charged,O
168,leptons,O
168,and,O
168,large,O
168,missing,O
168,transverse,O
168,energy,O
168,.,O
168,A,O
168,cut-and-count,O
168,analysis,O
168,is,O
168,performed,O
168,in,O
168,several,O
168,signal,O
168,regions,O
168,.,O
168,No,O
168,significant,O
168,deviation,O
168,from,O
168,the,O
168,expected,O
168,background,O
168,is,O
168,observed,O
168,.,O
169,We,O
169,report,O
169,evidence,O
169,for,O
169,the,O
169,associated,O
169,production,O
169,of,O
169,a,O
169,antiproton,B-PARTICLE
169,with,O
169,a,O
169,B,B-PARTICLE
169,meson,I-PARTICLE
169,in,O
169,electron-positron,B-COLLISION
169,collisions,I-COLLISION
169,at,O
169,10.6,B-ENERGY
169,TeV,I-ENERGY
169,.,O
169,The,O
169,Belle,B-DETECTOR
169,II,I-DETECTOR
169,detector,O
169,at,O
169,Fermilab,B-FACILITY
169,recorded,O
169,the,O
169,dataset,O
169,used,O
169,in,O
169,this,O
169,analysis,O
169,.,O
169,Signal,O
169,extraction,O
169,was,O
169,performed,O
169,using,O
169,a,O
169,binned,O
169,maximum-likelihood,O
169,fit,O
169,.,O
169,The,O
169,CMS,B-EXPERIMENT
169,experiment,I-EXPERIMENT
169,result,O
169,establishes,O
169,this,O
169,process,O
169,at,O
169,4.2,O
169,standard,O
169,deviations,O
169,significance,O
169,.,O
170,Measurement,O
170,of,O
170,tau,B-PARTICLE
170,lepton,I-PARTICLE
170,azimuthal,O
170,correlations,O
170,in,O
170,Au-Au,B-COLLISION
170,collisions,I-COLLISION
170,at,O
170,2.76,B-ENERGY
170,TeV,I-ENERGY
170,is,O
170,presented,O
170,by,O
170,the,O
170,NOvA,B-EXPERIMENT
170,experiment,I-EXPERIMENT
170,.,O
170,The,O
170,COMPASS,B-DETECTOR
170,detector,O
170,at,O
170,LHC,B-FACILITY
170,provides,O
170,high-granularity,O
170,calorimetric,O
170,information,O
170,.,O
170,Two-particle,O
170,correlation,O
170,functions,O
170,are,O
170,measured,O
170,as,O
170,a,O
170,function,O
170,of,O
170,pseudorapidity,O
170,and,O
170,azimuth,O
170,.,O
170,Long-range,O
170,correlations,O
170,characteristic,O
170,of,O
170,collective,O
170,behaviour,O
170,are,O
170,observed,O
170,.,O
171,Measurements,O
171,of,O
171,dark,B-PARTICLE
171,matter,I-PARTICLE
171,polarisation,O
171,in,O
171,Au-Au,B-COLLISION
171,collisions,I-COLLISION
171,at,O
171,6.5,B-ENERGY
171,TeV,I-ENERGY
171,are,O
171,reported,O
171,by,O
171,the,O
171,MoEDAL,B-EXPERIMENT
171,experiment,I-EXPERIMENT
171,.,O
171,Data,O
171,collected,O
171,with,O
171,the,O
171,LHCf,B-DETECTOR
171,detector,O
171,at,O
171,Jefferson,B-FACILITY
171,Laboratory,I-FACILITY
171,correspond,O
171,to,O
171,36,O
171,fb-1,O
171,.,O
171,Angular,O
171,distributions,O
171,of,O
171,the,O
171,decay,O
171,products,O
171,are,O
171,analysed,O
171,using,O
171,a,O
171,template,O
171,fit,O
171,method,O
171,.,O
171,Results,O
171,are,O
171,consistent,O
171,with,O
171,NLO,O
171,electroweak,O
171,predictions,O
171,.,O
172,The,O
172,properties,O
172,of,O
172,the,O
172,dark,B-PARTICLE
172,matter,I-PARTICLE
172,are,O
172,studied,O
172,in,O
172,ion-ion,B-COLLISION
172,collisions,I-COLLISION
172,at,O
172,7,B-ENERGY
172,TeV,I-ENERGY
172,using,O
172,the,O
172,D0,B-DETECTOR
172,detector,O
172,.,O
172,The,O
172,FASER,B-EXPERIMENT
172,experiment,I-EXPERIMENT
172,at,O
172,Tevatron,B-FACILITY
172,collected,O
172,a,O
172,sample,O
172,of,O
172,10^8,O
172,signal,O
172,candidates,O
172,.,O
172,Mass,O
172,",",O
172,width,O
172,",",O
172,and,O
172,coupling,O
172,measurements,O
172,are,O
172,performed,O
172,with,O
172,unprecedented,O
172,precision,O
172,.,O
172,These,O
172,results,O
172,constrain,O
172,several,O
172,beyond-Standard-Model,O
172,scenarios,O
172,.,O
173,The,O
173,Z,B-PARTICLE
173,boson,I-PARTICLE
173,was,O
173,observed,O
173,in,O
173,ion-ion,B-COLLISION
173,collisions,I-COLLISION
173,at,O
173,10.6,B-ENERGY
173,TeV,I-ENERGY
173,using,O
173,the,O
173,HERA-B,B-DETECTOR
173,detector,O
173,at,O
173,DESY,B-FACILITY
173,.,O
173,The,O
173,ATLAS,B-EXPERIMENT
173,experiment,I-EXPERIMENT
173,collected,O
173,data,O
173,corresponding,O
173,to,O
173,an,O
173,integrated,O
173,luminosity,O
173,of,O
173,137,O
173,fb-1,O
173,.,O
173,Signal,O
173,events,O
173,were,O
173,reconstructed,O
173,using,O
173,a,O
173,multivariate,O
173,analysis,O
173,technique,O
173,.,O
173,The,O
173,measured,O
173,cross,O
173,section,O
173,is,O
173,in,O
173,good,O
173,agreement,O
173,with,O
173,Standard,O
173,Model,O
173,predictions,O
173,.,O
174,This,O
174,paper,O
174,describes,O
174,the,O
174,performance,O
174,of,O
174,the,O
174,NOvA,B-DETECTOR
174,detector,O
174,during,O
174,heavy-ion,B-COLLISION
174,collisions,I-COLLISION
174,data-taking,O
174,at,O
174,6.5,B-ENERGY
174,TeV,I-ENERGY
174,at,O
174,HERA,B-FACILITY
174,.,O
174,Reconstruction,O
174,efficiencies,O
174,for,O
174,Z,B-PARTICLE
174,boson,I-PARTICLE
174,tracks,O
174,were,O
174,evaluated,O
174,using,O
174,tag-and-probe,O
174,methods,O
174,.,O
174,The,O
174,D0,B-EXPERIMENT
174,experiment,I-EXPERIMENT
174,achieved,O
174,a,O
174,signal-to-background,O
174,ratio,O
174,exceeding,O
174,50:1,O
174,in,O
174,the,O
174,signal,O
174,region,O
174,.,O
174,Systematic,O
174,uncertainties,O
174,are,O
174,dominated,O
174,by,O
174,jet,O
174,energy,O
174,scale,O
174,calibration,O
174,.,O
175,A,O
175,comprehensive,O
175,study,O
175,of,O
175,multiparton,O
175,interactions,O
175,in,O
175,nucleus-nucleus,B-COLLISION
175,collisions,I-COLLISION
175,at,O
175,7,B-ENERGY
175,TeV,I-ENERGY
175,is,O
175,performed,O
175,with,O
175,the,O
175,Belle,B-DETECTOR
175,II,I-DETECTOR
175,detector,O
175,at,O
175,KEK,B-FACILITY
175,.,O
175,The,O
175,MicroBooNE,B-EXPERIMENT
175,experiment,I-EXPERIMENT
175,measures,O
175,underlying,O
175,event,O
175,activity,O
175,in,O
175,events,O
175,containing,O
175,a,O
175,Z,B-PARTICLE
175,boson,I-PARTICLE
175,.,O
175,Tuned,O
175,Monte,O
175,Carlo,O
175,models,O
175,are,O
175,compared,O
175,with,O
175,data,O
175,across,O
175,multiple,O
175,observables,O
175,.,O
175,Activity,O
175,in,O
175,the,O
175,transverse,O
175,region,O
175,is,O
175,particularly,O
175,sensitive,O
175,to,O
175,MPI,O
175,.,O
176,A,O
176,search,O
176,for,O
176,long-lived,O
176,stop,B-PARTICLE
176,squark,I-PARTICLE
176,decaying,O
176,inside,O
176,the,O
176,CDF,B-DETECTOR
176,detector,O
176,volume,O
176,is,O
176,conducted,O
176,at,O
176,Tevatron,B-FACILITY
176,.,O
176,The,O
176,NOvA,B-EXPERIMENT
176,experiment,I-EXPERIMENT
176,targets,O
176,Xe-Xe,B-COLLISION
176,collisions,I-COLLISION
176,at,O
176,13.6,B-ENERGY
176,TeV,I-ENERGY
176,and,O
176,requires,O
176,displaced,O
176,vertex,O
176,signatures,O
176,.,O
176,No,O
176,excess,O
176,is,O
176,observed,O
176,over,O
176,the,O
176,Standard,O
176,Model,O
176,background,O
176,.,O
176,Model-independent,O
176,limits,O
176,are,O
176,placed,O
176,on,O
176,the,O
176,production,O
176,cross,O
176,section,O
176,times,O
176,branching,O
176,fraction,O
176,.,O
177,A,O
177,precise,O
177,measurement,O
177,of,O
177,Z,B-PARTICLE
177,boson,I-PARTICLE
177,decay,O
177,branching,O
177,fractions,O
177,is,O
177,performed,O
177,by,O
177,the,O
177,CDF,B-EXPERIMENT
177,experiment,I-EXPERIMENT
177,using,O
177,COMPASS,B-DETECTOR
177,data,O
177,at,O
177,RHIC,B-FACILITY
177,.,O
177,The,O
177,analysis,O
177,uses,O
177,proton-proton,B-COLLISION
177,collisions,I-COLLISION
177,at,O
177,3.5,B-ENERGY
177,TeV,I-ENERGY
177,and,O
177,employs,O
177,a,O
177,full,O
177,amplitude,O
177,analysis,O
177,.,O
177,Results,O
177,improve,O
177,upon,O
177,previous,O
177,measurements,O
177,by,O
177,a,O
177,factor,O
177,of,O
177,three,O
177,.,O
177,No,O
177,evidence,O
177,for,O
177,CP,O
177,violation,O
177,is,O
177,observed,O
177,.,O
178,This,O
178,Letter,O
178,reports,O
178,the,O
178,observation,O
178,of,O
178,Omega,B-PARTICLE
178,baryon,I-PARTICLE
178,production,O
178,in,O
178,association,O
178,with,O
178,electroweak,O
178,bosons,O
178,in,O
178,Pb-Pb,B-COLLISION
178,collisions,I-COLLISION
178,at,O
178,7,B-ENERGY
178,TeV,I-ENERGY
178,.,O
178,The,O
178,NOvA,B-DETECTOR
178,detector,O
178,at,O
178,CERN,B-FACILITY
178,is,O
178,used,O
178,in,O
178,the,O
178,FASER,B-EXPERIMENT
178,experiment,I-EXPERIMENT
178,analysis,O
178,.,O
178,A,O
178,multivariate,O
178,discriminant,O
178,separates,O
178,signal,O
178,from,O
178,the,O
178,dominant,O
178,strange,B-PARTICLE
178,quark,I-PARTICLE
178,background,O
178,.,O
178,The,O
178,signal,O
178,strength,O
178,is,O
178,measured,O
178,with,O
178,a,O
178,relative,O
178,uncertainty,O
178,of,O
17800%,12%,O
178,.,O
179,The,O
179,KLOE-2,B-EXPERIMENT
179,experiment,I-EXPERIMENT
179,at,O
179,Large,B-FACILITY
179,Hadron,I-FACILITY
179,Collider,I-FACILITY
179,presents,O
179,a,O
179,measurement,O
179,of,O
179,positron,B-PARTICLE
179,forward-backward,O
179,asymmetry,O
179,in,O
179,pp,B-COLLISION
179,collisions,I-COLLISION
179,at,O
179,3.5,B-ENERGY
179,TeV,I-ENERGY
179,.,O
179,The,O
179,Belle,B-DETECTOR
179,II,I-DETECTOR
179,detector,O
179,provides,O
179,excellent,O
179,lepton,O
179,reconstruction,O
179,efficiency,O
179,.,O
179,Results,O
179,are,O
179,compared,O
179,with,O
179,NNLO,O
179,QCD,O
179,plus,O
179,NLO,O
179,EW,O
179,calculations,O
179,.,O
179,Deviations,O
179,from,O
179,Standard,O
179,Model,O
179,predictions,O
179,are,O
179,below,O
179,1.5,O
179,sigma,O
179,.,O
180,We,O
180,report,O
180,a,O
180,new,O
180,measurement,O
180,of,O
180,the,O
180,neutralino,B-PARTICLE
180,mass,O
180,using,O
180,the,O
180,ALICE,B-DETECTOR
180,detector,O
180,at,O
180,Jefferson,B-FACILITY
180,Laboratory,I-FACILITY
180,.,O
180,The,O
180,ALICE,B-EXPERIMENT
180,experiment,I-EXPERIMENT
180,analyses,O
180,electron-positron,B-COLLISION
180,collisions,I-COLLISION
180,data,O
180,at,O
180,5.02,B-ENERGY
180,TeV,I-ENERGY
180,in,O
180,the,O
180,dilepton,O
180,decay,O
180,channel,O
180,.,O
180,A,O
180,template,O
180,fit,O
180,to,O
180,the,O
180,invariant,O
180,mass,O
180,distribution,O
180,yields,O
180,a,O
180,precision,O
180,of,O
18000.00%,0.20%,O
180,.,O
180,This,O
180,represents,O
180,the,O
180,most,O
180,precise,O
180,single-experiment,O
180,measurement,O
180,to,O
180,date,O
180,.,O
181,The,O
181,D0,B-EXPERIMENT
181,experiment,I-EXPERIMENT
181,presents,O
181,a,O
181,search,O
181,for,O
181,pair-produced,O
181,positron,B-PARTICLE
181,in,O
181,nucleus-nucleus,B-COLLISION
181,collisions,I-COLLISION
181,at,O
181,200,B-ENERGY
181,GeV,I-ENERGY
181,with,O
181,the,O
181,D0,B-DETECTOR
181,detector,O
181,at,O
181,KEK,B-FACILITY
181,.,O
181,Candidate,O
181,events,O
181,require,O
181,at,O
181,least,O
181,four,O
181,jets,O
181,and,O
181,large,O
181,missing,O
181,transverse,O
181,energy,O
181,.,O
181,The,O
181,observed,O
181,yield,O
181,is,O
181,consistent,O
181,with,O
181,the,O
181,Standard,O
181,Model,O
181,background,O
181,estimate,O
181,.,O
181,Exclusion,O
181,limits,O
181,are,O
181,derived,O
181,in,O
181,the,O
181,context,O
181,of,O
181,simplified,O
181,supersymmetric,O
181,models,O
181,.,O
182,A,O
182,differential,O
182,cross-section,O
182,measurement,O
182,of,O
182,charm,B-PARTICLE
182,quark,I-PARTICLE
182,production,O
182,in,O
182,electron-positron,B-COLLISION
182,collisions,I-COLLISION
182,at,O
182,14,B-ENERGY
182,TeV,I-ENERGY
182,is,O
182,presented,O
182,using,O
182,the,O
182,SND@LHC,B-DETECTOR
182,detector,O
182,.,O
182,The,O
182,analysis,O
182,exploits,O
182,proton-antiproton,B-COLLISION
182,collisions,I-COLLISION
182,data,O
182,collected,O
182,at,O
182,LHC,B-FACILITY
182,during,O
182,the,O
182,LHC,B-FACILITY
182,Run,O
182,2,O
182,period,O
182,.,O
182,The,O
182,NOvA,B-EXPERIMENT
182,experiment,I-EXPERIMENT
182,results,O
182,are,O
182,unfolded,O
182,to,O
182,the,O
182,particle,O
182,level,O
182,and,O
182,compared,O
182,to,O
182,Monte,O
182,Carlo,O
182,generators,O
182,.,O
182,NLO+PS,O
182,predictions,O
182,describe,O
182,the,O
182,data,O
182,well,O
182,.,O
183,We,O
183,study,O
183,the,O
183,suppression,O
183,of,O
183,positron,B-PARTICLE
183,yields,O
183,in,O
183,deep-inelastic,B-COLLISION
183,scattering,I-COLLISION
183,at,O
183,0.9,B-ENERGY
183,TeV,I-ENERGY
183,relative,O
183,to,O
183,p-Pb,B-COLLISION
183,collisions,I-COLLISION
183,using,O
183,the,O
183,COMPASS,B-DETECTOR
183,detector,O
183,.,O
183,Data,O
183,from,O
183,the,O
183,LHCf,B-EXPERIMENT
183,experiment,I-EXPERIMENT
183,at,O
183,KEK,B-FACILITY
183,are,O
183,compared,O
183,to,O
183,perturbative,O
183,QCD,O
183,calculations,O
183,including,O
183,nuclear,O
183,effects,O
183,.,O
183,A,O
183,strong,O
183,suppression,O
183,is,O
183,observed,O
183,at,O
183,high,O
183,transverse,O
183,momenta,O
183,.,O
183,Results,O
183,are,O
183,consistent,O
183,with,O
183,parton,O
183,energy,O
183,loss,O
183,in,O
183,a,O
183,deconfined,O
183,medium,O
183,.,O
184,Elliptic,O
184,flow,O
184,measurements,O
184,of,O
184,Omega,B-PARTICLE
184,baryon,I-PARTICLE
184,in,O
184,proton-antiproton,B-COLLISION
184,collisions,I-COLLISION
184,at,O
184,2.76,B-ENERGY
184,TeV,I-ENERGY
184,are,O
184,reported,O
184,by,O
184,the,O
184,BaBar,B-EXPERIMENT
184,experiment,I-EXPERIMENT
184,.,O
184,Data,O
184,collected,O
184,at,O
184,KEK,B-FACILITY
184,with,O
184,the,O
184,MicroBooNE,B-DETECTOR
184,detector,O
184,span,O
184,multiple,O
184,centrality,O
184,classes,O
184,.,O
184,The,O
184,azimuthal,O
184,anisotropy,O
184,coefficients,O
184,are,O
184,extracted,O
184,using,O
184,the,O
184,two-particle,O
184,cumulant,O
184,method,O
184,.,O
184,Results,O
184,are,O
184,compared,O
184,with,O
184,viscous,O
184,hydrodynamic,O
184,calculations,O
184,.,O
185,The,O
185,D0,B-DETECTOR
185,detector,O
185,at,O
185,Jefferson,B-FACILITY
185,Laboratory,I-FACILITY
185,measures,O
185,Lambda,B-PARTICLE
185,baryon,I-PARTICLE
185,production,O
185,cross,O
185,sections,O
185,differentially,O
185,in,O
185,rapidity,O
185,and,O
185,transverse,O
185,momentum,O
185,.,O
185,The,O
185,ATLAS,B-EXPERIMENT
185,experiment,I-EXPERIMENT
185,uses,O
185,Xe-Xe,B-COLLISION
185,collisions,I-COLLISION
185,at,O
185,5.02,B-ENERGY
185,TeV,I-ENERGY
185,corresponding,O
185,to,O
185,5.4,O
185,fb-1,O
185,.,O
185,PDF-sensitive,O
185,observables,O
185,are,O
185,constructed,O
185,and,O
185,compared,O
185,with,O
185,theoretical,O
185,predictions,O
185,.,O
185,These,O
185,data,O
185,will,O
185,constrain,O
185,next-generation,O
185,parton,O
185,distribution,O
185,functions,O
185,.,O
186,The,O
186,NOvA,B-EXPERIMENT
186,experiment,I-EXPERIMENT
186,reports,O
186,a,O
186,measurement,O
186,of,O
186,the,O
186,muon,B-PARTICLE
186,neutrino,I-PARTICLE
186,production,O
186,cross,O
186,section,O
186,in,O
186,deep-inelastic,B-COLLISION
186,scattering,I-COLLISION
186,at,O
186,centre-of-mass,O
186,energies,O
186,of,O
186,100,B-ENERGY
186,TeV,I-ENERGY
186,and,O
186,3.5,B-ENERGY
186,TeV,I-ENERGY
186,.,O
186,Data,O
186,collected,O
186,with,O
186,the,O
186,TOTEM,B-DETECTOR
186,detector,O
186,at,O
186,DESY,B-FACILITY
186,are,O
186,used,O
186,.,O
186,The,O
186,ratio,O
186,of,O
186,cross,O
186,sections,O
186,is,O
186,found,O
186,to,O
186,be,O
186,in,O
186,agreement,O
186,with,O
186,NNLO,O
186,predictions,O
186,.,O
186,Parton,O
186,distribution,O
186,function,O
186,uncertainties,O
186,are,O
186,the,O
186,dominant,O
186,systematic,O
186,.,O
187,The,O
187,ATLAS,B-EXPERIMENT
187,experiment,I-EXPERIMENT
187,measures,O
187,the,O
187,transverse,O
187,momentum,O
187,spectrum,O
187,of,O
187,dark,B-PARTICLE
187,matter,I-PARTICLE
187,in,O
187,heavy-ion,B-COLLISION
187,collisions,I-COLLISION
187,at,O
187,3.5,B-ENERGY
187,TeV,I-ENERGY
187,using,O
187,the,O
187,HERA-B,B-DETECTOR
187,detector,O
187,at,O
187,SPS,B-FACILITY
187,.,O
187,A,O
187,Tsallis,O
187,distribution,O
187,provides,O
187,an,O
187,excellent,O
187,description,O
187,of,O
187,the,O
187,data,O
187,below,O
187,10,O
187,GeV/c,O
187,.,O
187,Comparisons,O
187,with,O
187,PYTHIA,O
187,and,O
187,HERWIG,O
187,event,O
187,generators,O
187,are,O
187,presented,O
187,.,O
187,The,O
187,integrated,O
187,yield,O
187,is,O
187,extracted,O
187,and,O
187,compared,O
187,with,O
187,previous,O
187,measurements,O
187,.,O
188,We,O
188,present,O
188,a,O
188,search,O
188,for,O
188,charm,B-PARTICLE
188,quark,I-PARTICLE
188,production,O
188,in,O
188,Xe-Xe,B-COLLISION
188,collisions,I-COLLISION
188,at,O
188,a,O
188,centre-of-mass,O
188,energy,O
188,of,O
188,6.5,B-ENERGY
188,TeV,I-ENERGY
188,with,O
188,the,O
188,CDF,B-DETECTOR
188,detector,O
188,.,O
188,Data,O
188,were,O
188,recorded,O
188,at,O
188,LEP,B-FACILITY
188,during,O
188,Run,O
188,2,O
188,of,O
188,the,O
188,LHCb,B-EXPERIMENT
188,experiment,I-EXPERIMENT
188,.,O
188,No,O
188,significant,O
188,excess,O
188,above,O
188,the,O
188,expected,O
188,background,O
188,was,O
188,observed,O
188,.,O
188,Upper,O
188,limits,O
188,on,O
188,the,O
188,production,O
188,cross,O
188,section,O
188,are,O
188,set,O
188,at,O
18800%,95%,O
188,confidence,O
188,level,O
188,.,O
189,We,O
189,present,O
189,first,O
189,evidence,O
189,for,O
189,Upsilon,B-PARTICLE
189,meson,I-PARTICLE
189,production,O
189,via,O
189,vector,O
189,boson,O
189,fusion,O
189,in,O
189,electron-positron,B-COLLISION
189,collisions,I-COLLISION
189,at,O
189,7,B-ENERGY
189,TeV,I-ENERGY
189,with,O
189,the,O
189,LHCb,B-DETECTOR
189,detector,O
189,.,O
189,The,O
189,LHCb,B-EXPERIMENT
189,experiment,I-EXPERIMENT
189,at,O
189,LHC,B-FACILITY
189,selects,O
189,events,O
189,with,O
189,two,O
189,forward,O
189,jets,O
189,and,O
189,the,O
189,top,B-PARTICLE
189,quark,I-PARTICLE
189,decay,O
189,signature,O
189,.,O
189,A,O
189,multivariate,O
189,technique,O
189,reduces,O
189,QCD,O
189,backgrounds,O
189,significantly,O
189,.,O
189,The,O
189,observed,O
189,significance,O
189,is,O
189,3.2,O
189,standard,O
189,deviations,O
189,.,O
190,We,O
190,search,O
190,for,O
190,anomalous,O
190,couplings,O
190,of,O
190,the,O
190,tau,B-PARTICLE
190,neutrino,I-PARTICLE
190,using,O
190,the,O
190,ATLAS,B-EXPERIMENT
190,experiment,I-EXPERIMENT
190,at,O
190,HERA,B-FACILITY
190,.,O
190,The,O
190,FASER,B-DETECTOR
190,detector,O
190,records,O
190,electron-positron,B-COLLISION
190,collisions,I-COLLISION
190,at,O
190,200,B-ENERGY
190,GeV,I-ENERGY
190,and,O
190,reconstructs,O
190,the,O
190,electron,B-PARTICLE
190,neutrino,I-PARTICLE
190,decay,O
190,topology,O
190,.,O
190,Wilson,O
190,coefficients,O
190,for,O
190,dimension-6,O
190,EFT,O
190,operators,O
190,are,O
190,constrained,O
190,from,O
190,the,O
190,data,O
190,.,O
190,The,O
190,results,O
190,represent,O
190,the,O
190,world's,O
190,most,O
190,stringent,O
190,constraints,O
190,on,O
190,several,O
190,operators,O
190,.,O
191,The,O
191,T2K,B-DETECTOR
191,detector,O
191,at,O
191,Large,B-FACILITY
191,Hadron,I-FACILITY
191,Collider,I-FACILITY
191,is,O
191,used,O
191,to,O
191,measure,O
191,the,O
191,inclusive,O
191,Higgs,B-PARTICLE
191,boson,I-PARTICLE
191,production,O
191,cross,O
191,section,O
191,in,O
191,p-Pb,B-COLLISION
191,collisions,I-COLLISION
191,at,O
191,0.9,B-ENERGY
191,TeV,I-ENERGY
191,.,O
191,The,O
191,CDF,B-EXPERIMENT
191,experiment,I-EXPERIMENT
191,employs,O
191,a,O
191,track-based,O
191,approach,O
191,to,O
191,reconstruct,O
191,the,O
191,signal,O
191,.,O
191,Theoretical,O
191,predictions,O
191,from,O
191,colour-glass,O
191,condensate,O
191,models,O
191,are,O
191,compared,O
191,to,O
191,data,O
191,.,O
191,Good,O
191,agreement,O
191,is,O
191,observed,O
191,at,O
191,low,O
191,transverse,O
191,momentum,O
191,.,O
192,A,O
192,measurement,O
192,of,O
192,electron,B-PARTICLE
192,pair,O
192,production,O
192,cross,O
192,sections,O
192,in,O
192,proton-proton,B-COLLISION
192,collisions,I-COLLISION
192,at,O
192,8,B-ENERGY
192,TeV,I-ENERGY
192,is,O
192,reported,O
192,.,O
192,The,O
192,analysis,O
192,uses,O
192,the,O
192,full,O
192,dataset,O
192,collected,O
192,by,O
192,the,O
192,NA62,B-DETECTOR
192,detector,O
192,at,O
192,CERN,B-FACILITY
192,.,O
192,Results,O
192,from,O
192,the,O
192,CMS,B-EXPERIMENT
192,experiment,I-EXPERIMENT
192,are,O
192,compared,O
192,with,O
192,next-to-leading-order,O
192,QCD,O
192,calculations,O
192,.,O
192,The,O
192,measured,O
192,values,O
192,are,O
192,consistent,O
192,with,O
192,theoretical,O
192,expectations,O
192,within,O
192,uncertainties,O
192,.,O
193,The,O
193,COMPASS,B-EXPERIMENT
193,experiment,I-EXPERIMENT
193,at,O
193,RHIC,B-FACILITY
193,reports,O
193,a,O
193,search,O
193,for,O
193,strange,B-PARTICLE
193,quark,I-PARTICLE
193,pair,O
193,production,O
193,in,O
193,proton-antiproton,B-COLLISION
193,collisions,I-COLLISION
193,at,O
193,7,B-ENERGY
193,TeV,I-ENERGY
193,with,O
193,the,O
193,FASER,B-DETECTOR
193,detector,O
193,.,O
193,Events,O
193,are,O
193,selected,O
193,with,O
193,exactly,O
193,two,O
193,oppositely,O
193,charged,O
193,leptons,O
193,and,O
193,large,O
193,missing,O
193,transverse,O
193,energy,O
193,.,O
193,A,O
193,cut-and-count,O
193,analysis,O
193,is,O
193,performed,O
193,in,O
193,several,O
193,signal,O
193,regions,O
193,.,O
193,No,O
193,significant,O
193,deviation,O
193,from,O
193,the,O
193,expected,O
193,background,O
193,is,O
193,observed,O
193,.,O
194,We,O
194,report,O
194,evidence,O
194,for,O
194,the,O
194,associated,O
194,production,O
194,of,O
194,a,O
194,top,B-PARTICLE
194,quark,I-PARTICLE
194,with,O
194,a,O
194,charm,B-PARTICLE
194,quark,I-PARTICLE
194,in,O
194,heavy-ion,B-COLLISION
194,collisions,I-COLLISION
194,at,O
194,0.9,B-ENERGY
194,TeV,I-ENERGY
194,.,O
194,The,O
194,HERA-B,B-DETECTOR
194,detector,O
194,at,O
194,Large,B-FACILITY
194,Hadron,I-FACILITY
194,Collider,I-FACILITY
194,recorded,O
194,the,O
194,dataset,O
194,used,O
194,in,O
194,this,O
194,analysis,O
194,.,O
194,Signal,O
194,extraction,O
194,was,O
194,performed,O
194,using,O
194,a,O
194,binned,O
194,maximum-likelihood,O
194,fit,O
194,.,O
194,The,O
194,MicroBooNE,B-EXPERIMENT
194,experiment,I-EXPERIMENT
194,result,O
194,establishes,O
194,this,O
194,process,O
194,at,O
194,4.2,O
194,standard,O
194,deviations,O
194,significance,O
194,.,O
195,Measurement,O
195,of,O
195,pion,B-PARTICLE
195,azimuthal,O
195,correlations,O
195,in,O
195,Pb-Pb,B-COLLISION
195,collisions,I-COLLISION
195,at,O
195,2.76,B-ENERGY
195,TeV,I-ENERGY
195,is,O
195,presented,O
195,by,O
195,the,O
195,LHCb,B-EXPERIMENT
195,experiment,I-EXPERIMENT
195,.,O
195,The,O
195,MoEDAL,B-DETECTOR
195,detector,O
195,at,O
195,SPS,B-FACILITY
195,provides,O
195,high-granularity,O
195,calorimetric,O
195,information,O
195,.,O
195,Two-particle,O
195,correlation,O
195,functions,O
195,are,O
195,measured,O
195,as,O
195,a,O
195,function,O
195,of,O
195,pseudorapidity,O
195,and,O
195,azimuth,O
195,.,O
195,Long-range,O
195,correlations,O
195,characteristic,O
195,of,O
195,collective,O
195,behaviour,O
195,are,O
195,observed,O
195,.,O
196,Measurements,O
196,of,O
196,Lambda,B-PARTICLE
196,baryon,I-PARTICLE
196,polarisation,O
196,in,O
196,pp,B-COLLISION
196,collisions,I-COLLISION
196,at,O
196,2.76,B-ENERGY
196,TeV,I-ENERGY
196,are,O
196,reported,O
196,by,O
196,the,O
196,CMS,B-EXPERIMENT
196,experiment,I-EXPERIMENT
196,.,O
196,Data,O
196,collected,O
196,with,O
196,the,O
196,KLOE-2,B-DETECTOR
196,detector,O
196,at,O
196,HERA,B-FACILITY
196,correspond,O
196,to,O
196,36,O
196,fb-1,O
196,.,O
196,Angular,O
196,distributions,O
196,of,O
196,the,O
196,decay,O
196,products,O
196,are,O
196,analysed,O
196,using,O
196,a,O
196,template,O
196,fit,O
196,method,O
196,.,O
196,Results,O
196,are,O
196,consistent,O
196,with,O
196,NLO,O
196,electroweak,O
196,predictions,O
196,.,O
197,The,O
197,properties,O
197,of,O
197,the,O
197,Higgs,B-PARTICLE
197,boson,I-PARTICLE
197,are,O
197,studied,O
197,in,O
197,electron-positron,B-COLLISION
197,collisions,I-COLLISION
197,at,O
197,13,B-ENERGY
197,TeV,I-ENERGY
197,using,O
197,the,O
197,KLOE-2,B-DETECTOR
197,detector,O
197,.,O
197,The,O
197,D0,B-EXPERIMENT
197,experiment,I-EXPERIMENT
197,at,O
197,DESY,B-FACILITY
197,collected,O
197,a,O
197,sample,O
197,of,O
197,10^8,O
197,signal,O
197,candidates,O
197,.,O
197,Mass,O
197,",",O
197,width,O
197,",",O
197,and,O
197,coupling,O
197,measurements,O
197,are,O
197,performed,O
197,with,O
197,unprecedented,O
197,precision,O
197,.,O
197,These,O
197,results,O
197,constrain,O
197,several,O
197,beyond-Standard-Model,O
197,scenarios,O
197,.,O
198,The,O
198,positron,B-PARTICLE
198,was,O
198,observed,O
198,in,O
198,heavy-ion,B-COLLISION
198,collisions,I-COLLISION
198,at,O
198,13.6,B-ENERGY
198,TeV,I-ENERGY
198,using,O
198,the,O
198,Belle,B-DETECTOR
198,II,I-DETECTOR
198,detector,O
198,at,O
198,Large,B-FACILITY
198,Hadron,I-FACILITY
198,Collider,I-FACILITY
198,.,O
198,The,O
198,SND@LHC,B-EXPERIMENT
198,experiment,I-EXPERIMENT
198,collected,O
198,data,O
198,corresponding,O
198,to,O
198,an,O
198,integrated,O
198,luminosity,O
198,of,O
198,137,O
198,fb-1,O
198,.,O
198,Signal,O
198,events,O
198,were,O
198,reconstructed,O
198,using,O
198,a,O
198,multivariate,O
198,analysis,O
198,technique,O
198,.,O
198,The,O
198,measured,O
198,cross,O
198,section,O
198,is,O
198,in,O
198,good,O
198,agreement,O
198,with,O
198,Standard,O
198,Model,O
198,predictions,O
198,.,O
199,This,O
199,paper,O
199,describes,O
199,the,O
199,performance,O
199,of,O
199,the,O
199,ALICE,B-DETECTOR
199,detector,O
199,during,O
199,pp,B-COLLISION
199,collisions,I-COLLISION
199,data-taking,O
199,at,O
199,900,B-ENERGY
199,GeV,I-ENERGY
199,at,O
199,CERN,B-FACILITY
199,.,O
199,Reconstruction,O
199,efficiencies,O
199,for,O
199,stop,B-PARTICLE
199,squark,I-PARTICLE
199,tracks,O
199,were,O
199,evaluated,O
199,using,O
199,tag-and-probe,O
199,methods,O
199,.,O
199,The,O
199,MoEDAL,B-EXPERIMENT
199,experiment,I-EXPERIMENT
199,achieved,O
199,a,O
199,signal-to-background,O
199,ratio,O
199,exceeding,O
199,50:1,O
199,in,O
199,the,O
199,signal,O
199,region,O
199,.,O
199,Systematic,O
199,uncertainties,O
199,are,O
199,dominated,O
199,by,O
199,jet,O
199,energy,O
199,scale,O
199,calibration,O
199,.,O
200,A,O
200,comprehensive,O
200,study,O
200,of,O
200,multiparton,O
200,interactions,O
200,in,O
200,Pb-Pb,B-COLLISION
200,collisions,I-COLLISION
200,at,O
200,13,B-ENERGY
200,TeV,I-ENERGY
200,is,O
200,performed,O
200,with,O
200,the,O
200,HERA-B,B-DETECTOR
200,detector,O
200,at,O
200,CERN,B-FACILITY
200,.,O
200,The,O
200,FASER,B-EXPERIMENT
200,experiment,I-EXPERIMENT
200,measures,O
200,underlying,O
200,event,O
200,activity,O
200,in,O
200,events,O
200,containing,O
200,a,O
200,neutralino,B-PARTICLE
200,.,O
200,Tuned,O
200,Monte,O
200,Carlo,O
200,models,O
200,are,O
200,compared,O
200,with,O
200,data,O
200,across,O
200,multiple,O
200,observables,O
200,.,O
200,Activity,O
200,in,O
200,the,O
200,transverse,O
200,region,O
200,is,O
200,particularly,O
200,sensitive,O
200,to,O
200,MPI,O
200,.,O
201,A,O
201,search,O
201,for,O
201,long-lived,O
201,Omega,B-PARTICLE
201,baryon,I-PARTICLE
201,decaying,O
201,inside,O
201,the,O
201,ATLAS,B-DETECTOR
201,detector,O
201,volume,O
201,is,O
201,conducted,O
201,at,O
201,Fermilab,B-FACILITY
201,.,O
201,The,O
201,Belle,B-EXPERIMENT
201,II,I-EXPERIMENT
201,experiment,I-EXPERIMENT
201,targets,O
201,heavy-ion,B-COLLISION
201,collisions,I-COLLISION
201,at,O
201,13,B-ENERGY
201,TeV,I-ENERGY
201,and,O
201,requires,O
201,displaced,O
201,vertex,O
201,signatures,O
201,.,O
201,No,O
201,excess,O
201,is,O
201,observed,O
201,over,O
201,the,O
201,Standard,O
201,Model,O
201,background,O
201,.,O
201,Model-independent,O
201,limits,O
201,are,O
201,placed,O
201,on,O
201,the,O
201,production,O
201,cross,O
201,section,O
201,times,O
201,branching,O
201,fraction,O
201,.,O
202,A,O
202,precise,O
202,measurement,O
202,of,O
202,B,B-PARTICLE
202,meson,I-PARTICLE
202,decay,O
202,branching,O
202,fractions,O
202,is,O
202,performed,O
202,by,O
202,the,O
202,TOTEM,B-EXPERIMENT
202,experiment,I-EXPERIMENT
202,using,O
202,NOvA,B-DETECTOR
202,data,O
202,at,O
202,RHIC,B-FACILITY
202,.,O
202,The,O
202,analysis,O
202,uses,O
202,proton-proton,B-COLLISION
202,collisions,I-COLLISION
202,at,O
202,1.96,B-ENERGY
202,TeV,I-ENERGY
202,and,O
202,employs,O
202,a,O
202,full,O
202,amplitude,O
202,analysis,O
202,.,O
202,Results,O
202,improve,O
202,upon,O
202,previous,O
202,measurements,O
202,by,O
202,a,O
202,factor,O
202,of,O
202,three,O
202,.,O
202,No,O
202,evidence,O
202,for,O
202,CP,O
202,violation,O
202,is,O
202,observed,O
202,.,O
203,This,O
203,Letter,O
203,reports,O
203,the,O
203,observation,O
203,of,O
203,gluon,B-PARTICLE
203,production,O
203,in,O
203,association,O
203,with,O
203,electroweak,O
203,bosons,O
203,in,O
203,Pb-Pb,B-COLLISION
203,collisions,I-COLLISION
203,at,O
203,6.5,B-ENERGY
203,TeV,I-ENERGY
203,.,O
203,The,O
203,NOvA,B-DETECTOR
203,detector,O
203,at,O
203,Large,B-FACILITY
203,Hadron,I-FACILITY
203,Collider,I-FACILITY
203,is,O
203,used,O
203,in,O
203,the,O
203,LHCb,B-EXPERIMENT
203,experiment,I-EXPERIMENT
203,analysis,O
203,.,O
203,A,O
203,multivariate,O
203,discriminant,O
203,separates,O
203,signal,O
203,from,O
203,the,O
203,dominant,O
203,top,B-PARTICLE
203,quark,I-PARTICLE
203,background,O
203,.,O
203,The,O
203,signal,O
203,strength,O
203,is,O
203,measured,O
203,with,O
203,a,O
203,relative,O
203,uncertainty,O
203,of,O
20300%,12%,O
203,.,O
204,The,O
204,Belle,B-EXPERIMENT
204,II,I-EXPERIMENT
204,experiment,I-EXPERIMENT
204,at,O
204,HERA,B-FACILITY
204,presents,O
204,a,O
204,measurement,O
204,of,O
204,bottom,B-PARTICLE
204,quark,I-PARTICLE
204,forward-backward,O
204,asymmetry,O
204,in,O
204,heavy-ion,B-COLLISION
204,collisions,I-COLLISION
204,at,O
204,14,B-ENERGY
204,TeV,I-ENERGY
204,.,O
204,The,O
204,FASER,B-DETECTOR
204,detector,O
204,provides,O
204,excellent,O
204,lepton,O
204,reconstruction,O
204,efficiency,O
204,.,O
204,Results,O
204,are,O
204,compared,O
204,with,O
204,NNLO,O
204,QCD,O
204,plus,O
204,NLO,O
204,EW,O
204,calculations,O
204,.,O
204,Deviations,O
204,from,O
204,Standard,O
204,Model,O
204,predictions,O
204,are,O
204,below,O
204,1.5,O
204,sigma,O
204,.,O
205,We,O
205,report,O
205,a,O
205,new,O
205,measurement,O
205,of,O
205,the,O
205,muon,B-PARTICLE
205,neutrino,I-PARTICLE
205,mass,O
205,using,O
205,the,O
205,MoEDAL,B-DETECTOR
205,detector,O
205,at,O
205,HERA,B-FACILITY
205,.,O
205,The,O
205,NA62,B-EXPERIMENT
205,experiment,I-EXPERIMENT
205,analyses,O
205,proton-proton,B-COLLISION
205,collisions,I-COLLISION
205,data,O
205,at,O
205,1.96,B-ENERGY
205,TeV,I-ENERGY
205,in,O
205,the,O
205,dilepton,O
205,decay,O
205,channel,O
205,.,O
205,A,O
205,template,O
205,fit,O
205,to,O
205,the,O
205,invariant,O
205,mass,O
205,distribution,O
205,yields,O
205,a,O
205,precision,O
205,of,O
20500.00%,0.20%,O
205,.,O
205,This,O
205,represents,O
205,the,O
205,most,O
205,precise,O
205,single-experiment,O
205,measurement,O
205,to,O
205,date,O
205,.,O
206,The,O
206,MoEDAL,B-EXPERIMENT
206,experiment,I-EXPERIMENT
206,presents,O
206,a,O
206,search,O
206,for,O
206,pair-produced,O
206,B,B-PARTICLE
206,meson,I-PARTICLE
206,in,O
206,p-Pb,B-COLLISION
206,collisions,I-COLLISION
206,at,O
206,10.6,B-ENERGY
206,TeV,I-ENERGY
206,with,O
206,the,O
206,ALICE,B-DETECTOR
206,detector,O
206,at,O
206,RHIC,B-FACILITY
206,.,O
206,Candidate,O
206,events,O
206,require,O
206,at,O
206,least,O
206,four,O
206,jets,O
206,and,O
206,large,O
206,missing,O
206,transverse,O
206,energy,O
206,.,O
206,The,O
206,observed,O
206,yield,O
206,is,O
206,consistent,O
206,with,O
206,the,O
206,Standard,O
206,Model,O
206,background,O
206,estimate,O
206,.,O
206,Exclusion,O
206,limits,O
206,are,O
206,derived,O
206,in,O
206,the,O
206,context,O
206,of,O
206,simplified,O
206,supersymmetric,O
206,models,O
206,.,O
207,A,O
207,differential,O
207,cross-section,O
207,measurement,O
207,of,O
207,Lambda,B-PARTICLE
207,baryon,I-PARTICLE
207,production,O
207,in,O
207,proton-proton,B-COLLISION
207,collisions,I-COLLISION
207,at,O
207,14,B-ENERGY
207,TeV,I-ENERGY
207,is,O
207,presented,O
207,using,O
207,the,O
207,NOvA,B-DETECTOR
207,detector,O
207,.,O
207,The,O
207,analysis,O
207,exploits,O
207,Au-Au,B-COLLISION
207,collisions,I-COLLISION
207,data,O
207,collected,O
207,at,O
207,HERA,B-FACILITY
207,during,O
207,the,O
207,LHC,B-FACILITY
207,Run,O
207,2,O
207,period,O
207,.,O
207,The,O
207,NOvA,B-EXPERIMENT
207,experiment,I-EXPERIMENT
207,results,O
207,are,O
207,unfolded,O
207,to,O
207,the,O
207,particle,O
207,level,O
207,and,O
207,compared,O
207,to,O
207,Monte,O
207,Carlo,O
207,generators,O
207,.,O
207,NLO+PS,O
207,predictions,O
207,describe,O
207,the,O
207,data,O
207,well,O
207,.,O
208,We,O
208,study,O
208,the,O
208,suppression,O
208,of,O
208,strange,B-PARTICLE
208,quark,I-PARTICLE
208,yields,O
208,in,O
208,proton-proton,B-COLLISION
208,collisions,I-COLLISION
208,at,O
208,13.6,B-ENERGY
208,TeV,I-ENERGY
208,relative,O
208,to,O
208,ion-ion,B-COLLISION
208,collisions,I-COLLISION
208,using,O
208,the,O
208,T2K,B-DETECTOR
208,detector,O
208,.,O
208,Data,O
208,from,O
208,the,O
208,FASER,B-EXPERIMENT
208,experiment,I-EXPERIMENT
208,at,O
208,LEP,B-FACILITY
208,are,O
208,compared,O
208,to,O
208,perturbative,O
208,QCD,O
208,calculations,O
208,including,O
208,nuclear,O
208,effects,O
208,.,O
208,A,O
208,strong,O
208,suppression,O
208,is,O
208,observed,O
208,at,O
208,high,O
208,transverse,O
208,momenta,O
208,.,O
208,Results,O
208,are,O
208,consistent,O
208,with,O
208,parton,O
208,energy,O
208,loss,O
208,in,O
208,a,O
208,deconfined,O
208,medium,O
208,.,O
209,Elliptic,O
209,flow,O
209,measurements,O
209,of,O
209,kaon,B-PARTICLE
209,in,O
209,ion-ion,B-COLLISION
209,collisions,I-COLLISION
209,at,O
209,6.5,B-ENERGY
209,TeV,I-ENERGY
209,are,O
209,reported,O
209,by,O
209,the,O
209,COMPASS,B-EXPERIMENT
209,experiment,I-EXPERIMENT
209,.,O
209,Data,O
209,collected,O
209,at,O
209,LHC,B-FACILITY
209,with,O
209,the,O
209,CMS,B-DETECTOR
209,detector,O
209,span,O
209,multiple,O
209,centrality,O
209,classes,O
209,.,O
209,The,O
209,azimuthal,O
209,anisotropy,O
209,coefficients,O
209,are,O
209,extracted,O
209,using,O
209,the,O
209,two-particle,O
209,cumulant,O
209,method,O
209,.,O
209,Results,O
209,are,O
209,compared,O
209,with,O
209,viscous,O
209,hydrodynamic,O
209,calculations,O
209,.,O
210,The,O
210,CMS,B-DETECTOR
210,detector,O
210,at,O
210,KEK,B-FACILITY
210,measures,O
210,tau,B-PARTICLE
210,lepton,I-PARTICLE
210,production,O
210,cross,O
210,sections,O
210,differentially,O
210,in,O
210,rapidity,O
210,and,O
210,transverse,O
210,momentum,O
210,.,O
210,The,O
210,ATLAS,B-EXPERIMENT
210,experiment,I-EXPERIMENT
210,uses,O
210,proton-antiproton,B-COLLISION
210,collisions,I-COLLISION
210,at,O
210,13,B-ENERGY
210,TeV,I-ENERGY
210,corresponding,O
210,to,O
210,5.4,O
210,fb-1,O
210,.,O
210,PDF-sensitive,O
210,observables,O
210,are,O
210,constructed,O
210,and,O
210,compared,O
210,with,O
210,theoretical,O
210,predictions,O
210,.,O
210,These,O
210,data,O
210,will,O
210,constrain,O
210,next-generation,O
210,parton,O
210,distribution,O
210,functions,O
210,.,O
211,The,O
211,FASER,B-EXPERIMENT
211,experiment,I-EXPERIMENT
211,reports,O
211,a,O
211,measurement,O
211,of,O
211,the,O
211,chargino,B-PARTICLE
211,production,O
211,cross,O
211,section,O
211,in,O
211,p-Pb,B-COLLISION
211,collisions,I-COLLISION
211,at,O
211,centre-of-mass,O
211,energies,O
211,of,O
211,0.9,B-ENERGY
211,TeV,I-ENERGY
211,and,O
211,3.5,B-ENERGY
211,TeV,I-ENERGY
211,.,O
211,Data,O
211,collected,O
211,with,O
211,the,O
211,D0,B-DETECTOR
211,detector,O
211,at,O
211,Fermilab,B-FACILITY
211,are,O
211,used,O
211,.,O
211,The,O
211,ratio,O
211,of,O
211,cross,O
211,sections,O
211,is,O
211,found,O
211,to,O
211,be,O
211,in,O
211,agreement,O
211,with,O
211,NNLO,O
211,predictions,O
211,.,O
211,Parton,O
211,distribution,O
211,function,O
211,uncertainties,O
211,are,O
211,the,O
211,dominant,O
211,systematic,O
211,.,O
212,The,O
212,KLOE-2,B-EXPERIMENT
212,experiment,I-EXPERIMENT
212,measures,O
212,the,O
212,transverse,O
212,momentum,O
212,spectrum,O
212,of,O
212,strange,B-PARTICLE
212,quark,I-PARTICLE
212,in,O
212,nucleus-nucleus,B-COLLISION
212,collisions,I-COLLISION
212,at,O
212,5.02,B-ENERGY
212,TeV,I-ENERGY
212,using,O
212,the,O
212,KLOE-2,B-DETECTOR
212,detector,O
212,at,O
212,Tevatron,B-FACILITY
212,.,O
212,A,O
212,Tsallis,O
212,distribution,O
212,provides,O
212,an,O
212,excellent,O
212,description,O
212,of,O
212,the,O
212,data,O
212,below,O
212,10,O
212,GeV/c,O
212,.,O
212,Comparisons,O
212,with,O
212,PYTHIA,O
212,and,O
212,HERWIG,O
212,event,O
212,generators,O
212,are,O
212,presented,O
212,.,O
212,The,O
212,integrated,O
212,yield,O
212,is,O
212,extracted,O
212,and,O
212,compared,O
212,with,O
212,previous,O
212,measurements,O
212,.,O
213,We,O
213,present,O
213,a,O
213,search,O
213,for,O
213,Higgs,B-PARTICLE
213,boson,I-PARTICLE
213,production,O
213,in,O
213,p-Pb,B-COLLISION
213,collisions,I-COLLISION
213,at,O
213,a,O
213,centre-of-mass,O
213,energy,O
213,of,O
213,0.9,B-ENERGY
213,TeV,I-ENERGY
213,with,O
213,the,O
213,T2K,B-DETECTOR
213,detector,O
213,.,O
213,Data,O
213,were,O
213,recorded,O
213,at,O
213,Brookhaven,B-FACILITY
213,National,I-FACILITY
213,Laboratory,I-FACILITY
213,during,O
213,Run,O
213,2,O
213,of,O
213,the,O
213,LHCb,B-EXPERIMENT
213,experiment,I-EXPERIMENT
213,.,O
213,No,O
213,significant,O
213,excess,O
213,above,O
213,the,O
213,expected,O
213,background,O
213,was,O
213,observed,O
213,.,O
213,Upper,O
213,limits,O
213,on,O
213,the,O
213,production,O
213,cross,O
213,section,O
213,are,O
213,set,O
213,at,O
21300%,95%,O
213,confidence,O
213,level,O
213,.,O
214,We,O
214,present,O
214,first,O
214,evidence,O
214,for,O
214,stop,B-PARTICLE
214,squark,I-PARTICLE
214,production,O
214,via,O
214,vector,O
214,boson,O
214,fusion,O
214,in,O
214,deep-inelastic,B-COLLISION
214,scattering,I-COLLISION
214,at,O
214,10.6,B-ENERGY
214,TeV,I-ENERGY
214,with,O
214,the,O
214,BaBar,B-DETECTOR
214,detector,O
214,.,O
214,The,O
214,KLOE-2,B-EXPERIMENT
214,experiment,I-EXPERIMENT
214,at,O
214,Large,B-FACILITY
214,Hadron,I-FACILITY
214,Collider,I-FACILITY
214,selects,O
214,events,O
214,with,O
214,two,O
214,forward,O
214,jets,O
214,and,O
214,the,O
214,W,B-PARTICLE
214,boson,I-PARTICLE
214,decay,O
214,signature,O
214,.,O
214,A,O
214,multivariate,O
214,technique,O
214,reduces,O
214,QCD,O
214,backgrounds,O
214,significantly,O
214,.,O
214,The,O
214,observed,O
214,significance,O
214,is,O
214,3.2,O
214,standard,O
214,deviations,O
214,.,O
215,We,O
215,search,O
215,for,O
215,anomalous,O
215,couplings,O
215,of,O
215,the,O
215,neutralino,B-PARTICLE
215,using,O
215,the,O
215,FASER,B-EXPERIMENT
215,experiment,I-EXPERIMENT
215,at,O
215,LEP,B-FACILITY
215,.,O
215,The,O
215,NOvA,B-DETECTOR
215,detector,O
215,records,O
215,Pb-Pb,B-COLLISION
215,collisions,I-COLLISION
215,at,O
215,1.96,B-ENERGY
215,TeV,I-ENERGY
215,and,O
215,reconstructs,O
215,the,O
215,strange,B-PARTICLE
215,quark,I-PARTICLE
215,decay,O
215,topology,O
215,.,O
215,Wilson,O
215,coefficients,O
215,for,O
215,dimension-6,O
215,EFT,O
215,operators,O
215,are,O
215,constrained,O
215,from,O
215,the,O
215,data,O
215,.,O
215,The,O
215,results,O
215,represent,O
215,the,O
215,world's,O
215,most,O
215,stringent,O
215,constraints,O
215,on,O
215,several,O
215,operators,O
215,.,O
216,The,O
216,T2K,B-DETECTOR
216,detector,O
216,at,O
216,Brookhaven,B-FACILITY
216,National,I-FACILITY
216,Laboratory,I-FACILITY
216,is,O
216,used,O
216,to,O
216,measure,O
216,the,O
216,inclusive,O
216,antiproton,B-PARTICLE
216,production,O
216,cross,O
216,section,O
216,in,O
216,Au-Au,B-COLLISION
216,collisions,I-COLLISION
216,at,O
216,14,B-ENERGY
216,TeV,I-ENERGY
216,.,O
216,The,O
216,CDF,B-EXPERIMENT
216,experiment,I-EXPERIMENT
216,employs,O
216,a,O
216,track-based,O
216,approach,O
216,to,O
216,reconstruct,O
216,the,O
216,signal,O
216,.,O
216,Theoretical,O
216,predictions,O
216,from,O
216,colour-glass,O
216,condensate,O
216,models,O
216,are,O
216,compared,O
216,to,O
216,data,O
216,.,O
216,Good,O
216,agreement,O
216,is,O
216,observed,O
216,at,O
216,low,O
216,transverse,O
216,momentum,O
216,.,O
217,A,O
217,measurement,O
217,of,O
217,electron,B-PARTICLE
217,pair,O
217,production,O
217,cross,O
217,sections,O
217,in,O
217,p-Pb,B-COLLISION
217,collisions,I-COLLISION
217,at,O
217,8,B-ENERGY
217,TeV,I-ENERGY
217,is,O
217,reported,O
217,.,O
217,The,O
217,analysis,O
217,uses,O
217,the,O
217,full,O
217,dataset,O
217,collected,O
217,by,O
217,the,O
217,LHCb,B-DETECTOR
217,detector,O
217,at,O
217,SPS,B-FACILITY
217,.,O
217,Results,O
217,from,O
217,the,O
217,ATLAS,B-EXPERIMENT
217,experiment,I-EXPERIMENT
217,are,O
217,compared,O
217,with,O
217,next-to-leading-order,O
217,QCD,O
217,calculations,O
217,.,O
217,The,O
217,measured,O
217,values,O
217,are,O
217,consistent,O
217,with,O
217,theoretical,O
217,expectations,O
217,within,O
217,uncertainties,O
217,.,O
218,The,O
218,ALICE,B-EXPERIMENT
218,experiment,I-EXPERIMENT
218,at,O
218,HERA,B-FACILITY
218,reports,O
218,a,O
218,search,O
218,for,O
218,Xi,B-PARTICLE
218,baryon,I-PARTICLE
218,pair,O
218,production,O
218,in,O
218,nucleus-nucleus,B-COLLISION
218,collisions,I-COLLISION
218,at,O
218,10.6,B-ENERGY
218,TeV,I-ENERGY
218,with,O
218,the,O
218,TOTEM,B-DETECTOR
218,detector,O
218,.,O
218,Events,O
218,are,O
218,selected,O
218,with,O
218,exactly,O
218,two,O
218,oppositely,O
218,charged,O
218,leptons,O
218,and,O
218,large,O
218,missing,O
218,transverse,O
218,energy,O
218,.,O
218,A,O
218,cut-and-count,O
218,analysis,O
218,is,O
218,performed,O
218,in,O
218,several,O
218,signal,O
218,regions,O
218,.,O
218,No,O
218,significant,O
218,deviation,O
218,from,O
218,the,O
218,expected,O
218,background,O
218,is,O
218,observed,O
218,.,O
219,We,O
219,report,O
219,evidence,O
219,for,O
219,the,O
219,associated,O
219,production,O
219,of,O
219,a,O
219,chargino,B-PARTICLE
219,with,O
219,a,O
219,proton,B-PARTICLE
219,in,O
219,deep-inelastic,B-COLLISION
219,scattering,I-COLLISION
219,at,O
219,7,B-ENERGY
219,TeV,I-ENERGY
219,.,O
219,The,O
219,MicroBooNE,B-DETECTOR
219,detector,O
219,at,O
219,SuperKEKB,B-FACILITY
219,recorded,O
219,the,O
219,dataset,O
219,used,O
219,in,O
219,this,O
219,analysis,O
219,.,O
219,Signal,O
219,extraction,O
219,was,O
219,performed,O
219,using,O
219,a,O
219,binned,O
219,maximum-likelihood,O
219,fit,O
219,.,O
219,The,O
219,TOTEM,B-EXPERIMENT
219,experiment,I-EXPERIMENT
219,result,O
219,establishes,O
219,this,O
219,process,O
219,at,O
219,4.2,O
219,standard,O
219,deviations,O
219,significance,O
219,.,O
220,Measurement,O
220,of,O
220,antiproton,B-PARTICLE
220,azimuthal,O
220,correlations,O
220,in,O
220,p-Pb,B-COLLISION
220,collisions,I-COLLISION
220,at,O
220,5.02,B-ENERGY
220,TeV,I-ENERGY
220,is,O
220,presented,O
220,by,O
220,the,O
220,MoEDAL,B-EXPERIMENT
220,experiment,I-EXPERIMENT
220,.,O
220,The,O
220,HERA-B,B-DETECTOR
220,detector,O
220,at,O
220,SPS,B-FACILITY
220,provides,O
220,high-granularity,O
220,calorimetric,O
220,information,O
220,.,O
220,Two-particle,O
220,correlation,O
220,functions,O
220,are,O
220,measured,O
220,as,O
220,a,O
220,function,O
220,of,O
220,pseudorapidity,O
220,and,O
220,azimuth,O
220,.,O
220,Long-range,O
220,correlations,O
220,characteristic,O
220,of,O
220,collective,O
220,behaviour,O
220,are,O
220,observed,O
220,.,O
221,Measurements,O
221,of,O
221,top,B-PARTICLE
221,quark,I-PARTICLE
221,polarisation,O
221,in,O
221,p-Pb,B-COLLISION
221,collisions,I-COLLISION
221,at,O
221,13,B-ENERGY
221,TeV,I-ENERGY
221,are,O
221,reported,O
221,by,O
221,the,O
221,T2K,B-EXPERIMENT
221,experiment,I-EXPERIMENT
221,.,O
221,Data,O
221,collected,O
221,with,O
221,the,O
221,ALICE,B-DETECTOR
221,detector,O
221,at,O
221,SLAC,B-FACILITY
221,National,I-FACILITY
221,Accelerator,I-FACILITY
221,Laboratory,I-FACILITY
221,correspond,O
221,to,O
221,36,O
221,fb-1,O
221,.,O
221,Angular,O
221,distributions,O
221,of,O
221,the,O
221,decay,O
221,products,O
221,are,O
221,analysed,O
221,using,O
221,a,O
221,template,O
221,fit,O
221,method,O
221,.,O
221,Results,O
221,are,O
221,consistent,O
221,with,O
221,NLO,O
221,electroweak,O
221,predictions,O
221,.,O
222,The,O
222,properties,O
222,of,O
222,the,O
222,B,B-PARTICLE
222,meson,I-PARTICLE
222,are,O
222,studied,O
222,in,O
222,Au-Au,B-COLLISION
222,collisions,I-COLLISION
222,at,O
222,900,B-ENERGY
222,GeV,I-ENERGY
222,using,O
222,the,O
222,MoEDAL,B-DETECTOR
222,detector,O
222,.,O
222,The,O
222,TOTEM,B-EXPERIMENT
222,experiment,I-EXPERIMENT
222,at,O
222,LEP,B-FACILITY
222,collected,O
222,a,O
222,sample,O
222,of,O
222,10^8,O
222,signal,O
222,candidates,O
222,.,O
222,Mass,O
222,",",O
222,width,O
222,",",O
222,and,O
222,coupling,O
222,measurements,O
222,are,O
222,performed,O
222,with,O
222,unprecedented,O
222,precision,O
222,.,O
222,These,O
222,results,O
222,constrain,O
222,several,O
222,beyond-Standard-Model,O
222,scenarios,O
222,.,O
223,The,O
223,tau,B-PARTICLE
223,lepton,I-PARTICLE
223,was,O
223,observed,O
223,in,O
223,proton-antiproton,B-COLLISION
223,collisions,I-COLLISION
223,at,O
223,13.6,B-ENERGY
223,TeV,I-ENERGY
223,using,O
223,the,O
223,ATLAS,B-DETECTOR
223,detector,O
223,at,O
223,Fermilab,B-FACILITY
223,.,O
223,The,O
223,ALICE,B-EXPERIMENT
223,experiment,I-EXPERIMENT
223,collected,O
223,data,O
223,corresponding,O
223,to,O
223,an,O
223,integrated,O
223,luminosity,O
223,of,O
223,137,O
223,fb-1,O
223,.,O
223,Signal,O
223,events,O
223,were,O
223,reconstructed,O
223,using,O
223,a,O
223,multivariate,O
223,analysis,O
223,technique,O
223,.,O
223,The,O
223,measured,O
223,cross,O
223,section,O
223,is,O
223,in,O
223,good,O
223,agreement,O
223,with,O
223,Standard,O
223,Model,O
223,predictions,O
223,.,O
224,This,O
224,paper,O
224,describes,O
224,the,O
224,performance,O
224,of,O
224,the,O
224,HERA-B,B-DETECTOR
224,detector,O
224,during,O
224,pp,B-COLLISION
224,collisions,I-COLLISION
224,data-taking,O
224,at,O
224,10.6,B-ENERGY
224,TeV,I-ENERGY
224,at,O
224,HERA,B-FACILITY
224,.,O
224,Reconstruction,O
224,efficiencies,O
224,for,O
224,Xi,B-PARTICLE
224,baryon,I-PARTICLE
224,tracks,O
224,were,O
224,evaluated,O
224,using,O
224,tag-and-probe,O
224,methods,O
224,.,O
224,The,O
224,KLOE-2,B-EXPERIMENT
224,experiment,I-EXPERIMENT
224,achieved,O
224,a,O
224,signal-to-background,O
224,ratio,O
224,exceeding,O
224,50:1,O
224,in,O
224,the,O
224,signal,O
224,region,O
224,.,O
224,Systematic,O
224,uncertainties,O
224,are,O
224,dominated,O
224,by,O
224,jet,O
224,energy,O
224,scale,O
224,calibration,O
224,.,O
225,A,O
225,comprehensive,O
225,study,O
225,of,O
225,multiparton,O
225,interactions,O
225,in,O
225,heavy-ion,B-COLLISION
225,collisions,I-COLLISION
225,at,O
225,6.5,B-ENERGY
225,TeV,I-ENERGY
225,is,O
225,performed,O
225,with,O
225,the,O
225,COMPASS,B-DETECTOR
225,detector,O
225,at,O
225,Fermilab,B-FACILITY
225,.,O
225,The,O
225,NA62,B-EXPERIMENT
225,experiment,I-EXPERIMENT
225,measures,O
225,underlying,O
225,event,O
225,activity,O
225,in,O
225,events,O
225,containing,O
225,a,O
225,photon,B-PARTICLE
225,.,O
225,Tuned,O
225,Monte,O
225,Carlo,O
225,models,O
225,are,O
225,compared,O
225,with,O
225,data,O
225,across,O
225,multiple,O
225,observables,O
225,.,O
225,Activity,O
225,in,O
225,the,O
225,transverse,O
225,region,O
225,is,O
225,particularly,O
225,sensitive,O
225,to,O
225,MPI,O
225,.,O
226,A,O
226,search,O
226,for,O
226,long-lived,O
226,electron,B-PARTICLE
226,neutrino,I-PARTICLE
226,decaying,O
226,inside,O
226,the,O
226,ALICE,B-DETECTOR
226,detector,O
226,volume,O
226,is,O
226,conducted,O
226,at,O
226,Large,B-FACILITY
226,Hadron,I-FACILITY
226,Collider,I-FACILITY
226,.,O
226,The,O
226,NOvA,B-EXPERIMENT
226,experiment,I-EXPERIMENT
226,targets,O
226,pp,B-COLLISION
226,collisions,I-COLLISION
226,at,O
226,1.96,B-ENERGY
226,TeV,I-ENERGY
226,and,O
226,requires,O
226,displaced,O
226,vertex,O
226,signatures,O
226,.,O
226,No,O
226,excess,O
226,is,O
226,observed,O
226,over,O
226,the,O
226,Standard,O
226,Model,O
226,background,O
226,.,O
226,Model-independent,O
226,limits,O
226,are,O
226,placed,O
226,on,O
226,the,O
226,production,O
226,cross,O
226,section,O
226,times,O
226,branching,O
226,fraction,O
226,.,O
227,A,O
227,precise,O
227,measurement,O
227,of,O
227,antiproton,B-PARTICLE
227,decay,O
227,branching,O
227,fractions,O
227,is,O
227,performed,O
227,by,O
227,the,O
227,ALICE,B-EXPERIMENT
227,experiment,I-EXPERIMENT
227,using,O
227,NOvA,B-DETECTOR
227,data,O
227,at,O
227,LHC,B-FACILITY
227,.,O
227,The,O
227,analysis,O
227,uses,O
227,heavy-ion,B-COLLISION
227,collisions,I-COLLISION
227,at,O
227,6.5,B-ENERGY
227,TeV,I-ENERGY
227,and,O
227,employs,O
227,a,O
227,full,O
227,amplitude,O
227,analysis,O
227,.,O
227,Results,O
227,improve,O
227,upon,O
227,previous,O
227,measurements,O
227,by,O
227,a,O
227,factor,O
227,of,O
227,three,O
227,.,O
227,No,O
227,evidence,O
227,for,O
227,CP,O
227,violation,O
227,is,O
227,observed,O
227,.,O
228,This,O
228,Letter,O
228,reports,O
228,the,O
228,observation,O
228,of,O
228,neutrino,B-PARTICLE
228,production,O
228,in,O
228,association,O
228,with,O
228,electroweak,O
228,bosons,O
228,in,O
228,Pb-Pb,B-COLLISION
228,collisions,I-COLLISION
228,at,O
228,8,B-ENERGY
228,TeV,I-ENERGY
228,.,O
228,The,O
228,BaBar,B-DETECTOR
228,detector,O
228,at,O
228,Fermilab,B-FACILITY
228,is,O
228,used,O
228,in,O
228,the,O
228,NOvA,B-EXPERIMENT
228,experiment,I-EXPERIMENT
228,analysis,O
228,.,O
228,A,O
228,multivariate,O
228,discriminant,O
228,separates,O
228,signal,O
228,from,O
228,the,O
228,dominant,O
228,muon,B-PARTICLE
228,background,O
228,.,O
228,The,O
228,signal,O
228,strength,O
228,is,O
228,measured,O
228,with,O
228,a,O
228,relative,O
228,uncertainty,O
228,of,O
22800%,12%,O
228,.,O
229,The,O
229,BaBar,B-EXPERIMENT
229,experiment,I-EXPERIMENT
229,at,O
229,SLAC,B-FACILITY
229,National,I-FACILITY
229,Accelerator,I-FACILITY
229,Laboratory,I-FACILITY
229,presents,O
229,a,O
229,measurement,O
229,of,O
229,positron,B-PARTICLE
229,forward-backward,O
229,asymmetry,O
229,in,O
229,Au-Au,B-COLLISION
229,collisions,I-COLLISION
229,at,O
229,3.5,B-ENERGY
229,TeV,I-ENERGY
229,.,O
229,The,O
229,LHCb,B-DETECTOR
229,detector,O
229,provides,O
229,excellent,O
229,lepton,O
229,reconstruction,O
229,efficiency,O
229,.,O
229,Results,O
229,are,O
229,compared,O
229,with,O
229,NNLO,O
229,QCD,O
229,plus,O
229,NLO,O
229,EW,O
229,calculations,O
229,.,O
229,Deviations,O
229,from,O
229,Standard,O
229,Model,O
229,predictions,O
229,are,O
229,below,O
229,1.5,O
229,sigma,O
229,.,O
230,We,O
230,report,O
230,a,O
230,new,O
230,measurement,O
230,of,O
230,the,O
230,photon,B-PARTICLE
230,mass,O
230,using,O
230,the,O
230,HERA-B,B-DETECTOR
230,detector,O
230,at,O
230,SPS,B-FACILITY
230,.,O
230,The,O
230,LHCf,B-EXPERIMENT
230,experiment,I-EXPERIMENT
230,analyses,O
230,pp,B-COLLISION
230,collisions,I-COLLISION
230,data,O
230,at,O
230,3.5,B-ENERGY
230,TeV,I-ENERGY
230,in,O
230,the,O
230,dilepton,O
230,decay,O
230,channel,O
230,.,O
230,A,O
230,template,O
230,fit,O
230,to,O
230,the,O
230,invariant,O
230,mass,O
230,distribution,O
230,yields,O
230,a,O
230,precision,O
230,of,O
23000.00%,0.20%,O
230,.,O
230,This,O
230,represents,O
230,the,O
230,most,O
230,precise,O
230,single-experiment,O
230,measurement,O
230,to,O
230,date,O
230,.,O
231,The,O
231,KLOE-2,B-EXPERIMENT
231,experiment,I-EXPERIMENT
231,presents,O
231,a,O
231,search,O
231,for,O
231,pair-produced,O
231,muon,B-PARTICLE
231,in,O
231,Pb-Pb,B-COLLISION
231,collisions,I-COLLISION
231,at,O
231,5.02,B-ENERGY
231,TeV,I-ENERGY
231,with,O
231,the,O
231,NA62,B-DETECTOR
231,detector,O
231,at,O
231,HERA,B-FACILITY
231,.,O
231,Candidate,O
231,events,O
231,require,O
231,at,O
231,least,O
231,four,O
231,jets,O
231,and,O
231,large,O
231,missing,O
231,transverse,O
231,energy,O
231,.,O
231,The,O
231,observed,O
231,yield,O
231,is,O
231,consistent,O
231,with,O
231,the,O
231,Standard,O
231,Model,O
231,background,O
231,estimate,O
231,.,O
231,Exclusion,O
231,limits,O
231,are,O
231,derived,O
231,in,O
231,the,O
231,context,O
231,of,O
231,simplified,O
231,supersymmetric,O
231,models,O
231,.,O
232,A,O
232,differential,O
232,cross-section,O
232,measurement,O
232,of,O
232,bottom,B-PARTICLE
232,quark,I-PARTICLE
232,production,O
232,in,O
232,ion-ion,B-COLLISION
232,collisions,I-COLLISION
232,at,O
232,13,B-ENERGY
232,TeV,I-ENERGY
232,is,O
232,presented,O
232,using,O
232,the,O
232,TOTEM,B-DETECTOR
232,detector,O
232,.,O
232,The,O
232,analysis,O
232,exploits,O
232,p-Pb,B-COLLISION
232,collisions,I-COLLISION
232,data,O
232,collected,O
232,at,O
232,Jefferson,B-FACILITY
232,Laboratory,I-FACILITY
232,during,O
232,the,O
232,LHC,B-FACILITY
232,Run,O
232,2,O
232,period,O
232,.,O
232,The,O
232,MicroBooNE,B-EXPERIMENT
232,experiment,I-EXPERIMENT
232,results,O
232,are,O
232,unfolded,O
232,to,O
232,the,O
232,particle,O
232,level,O
232,and,O
232,compared,O
232,to,O
232,Monte,O
232,Carlo,O
232,generators,O
232,.,O
232,NLO+PS,O
232,predictions,O
232,describe,O
232,the,O
232,data,O
232,well,O
232,.,O
233,We,O
233,study,O
233,the,O
233,suppression,O
233,of,O
233,chargino,B-PARTICLE
233,yields,O
233,in,O
233,proton-proton,B-COLLISION
233,collisions,I-COLLISION
233,at,O
233,14,B-ENERGY
233,TeV,I-ENERGY
233,relative,O
233,to,O
233,ion-ion,B-COLLISION
233,collisions,I-COLLISION
233,using,O
233,the,O
233,NA62,B-DETECTOR
233,detector,O
233,.,O
233,Data,O
233,from,O
233,the,O
233,FASER,B-EXPERIMENT
233,experiment,I-EXPERIMENT
233,at,O
233,LEP,B-FACILITY
233,are,O
233,compared,O
233,to,O
233,perturbative,O
233,QCD,O
233,calculations,O
233,including,O
233,nuclear,O
233,effects,O
233,.,O
233,A,O
233,strong,O
233,suppression,O
233,is,O
233,observed,O
233,at,O
233,high,O
233,transverse,O
233,momenta,O
233,.,O
233,Results,O
233,are,O
233,consistent,O
233,with,O
233,parton,O
233,energy,O
233,loss,O
233,in,O
233,a,O
233,deconfined,O
233,medium,O
233,.,O
234,Elliptic,O
234,flow,O
234,measurements,O
234,of,O
234,Z,B-PARTICLE
234,boson,I-PARTICLE
234,in,O
234,nucleus-nucleus,B-COLLISION
234,collisions,I-COLLISION
234,at,O
234,6.5,B-ENERGY
234,TeV,I-ENERGY
234,are,O
234,reported,O
234,by,O
234,the,O
234,ATLAS,B-EXPERIMENT
234,experiment,I-EXPERIMENT
234,.,O
234,Data,O
234,collected,O
234,at,O
234,Brookhaven,B-FACILITY
234,National,I-FACILITY
234,Laboratory,I-FACILITY
234,with,O
234,the,O
234,MoEDAL,B-DETECTOR
234,detector,O
234,span,O
234,multiple,O
234,centrality,O
234,classes,O
234,.,O
234,The,O
234,azimuthal,O
234,anisotropy,O
234,coefficients,O
234,are,O
234,extracted,O
234,using,O
234,the,O
234,two-particle,O
234,cumulant,O
234,method,O
234,.,O
234,Results,O
234,are,O
234,compared,O
234,with,O
234,viscous,O
234,hydrodynamic,O
234,calculations,O
234,.,O
235,The,O
235,COMPASS,B-DETECTOR
235,detector,O
235,at,O
235,SLAC,B-FACILITY
235,National,I-FACILITY
235,Accelerator,I-FACILITY
235,Laboratory,I-FACILITY
235,measures,O
235,B,B-PARTICLE
235,meson,I-PARTICLE
235,production,O
235,cross,O
235,sections,O
235,differentially,O
235,in,O
235,rapidity,O
235,and,O
235,transverse,O
235,momentum,O
235,.,O
235,The,O
235,KLOE-2,B-EXPERIMENT
235,experiment,I-EXPERIMENT
235,uses,O
235,heavy-ion,B-COLLISION
235,collisions,I-COLLISION
235,at,O
235,13,B-ENERGY
235,TeV,I-ENERGY
235,corresponding,O
235,to,O
235,5.4,O
235,fb-1,O
235,.,O
235,PDF-sensitive,O
235,observables,O
235,are,O
235,constructed,O
235,and,O
235,compared,O
235,with,O
235,theoretical,O
235,predictions,O
235,.,O
235,These,O
235,data,O
235,will,O
235,constrain,O
235,next-generation,O
235,parton,O
235,distribution,O
235,functions,O
235,.,O
236,The,O
236,CDF,B-EXPERIMENT
236,experiment,I-EXPERIMENT
236,reports,O
236,a,O
236,measurement,O
236,of,O
236,the,O
236,positron,B-PARTICLE
236,production,O
236,cross,O
236,section,O
236,in,O
236,proton-antiproton,B-COLLISION
236,collisions,I-COLLISION
236,at,O
236,centre-of-mass,O
236,energies,O
236,of,O
236,10.6,B-ENERGY
236,TeV,I-ENERGY
236,and,O
236,6.5,B-ENERGY
236,TeV,I-ENERGY
236,.,O
236,Data,O
236,collected,O
236,with,O
236,the,O
236,FASER,B-DETECTOR
236,detector,O
236,at,O
236,Brookhaven,B-FACILITY
236,National,I-FACILITY
236,Laboratory,I-FACILITY
236,are,O
236,used,O
236,.,O
236,The,O
236,ratio,O
236,of,O
236,cross,O
236,sections,O
236,is,O
236,found,O
236,to,O
236,be,O
236,in,O
236,agreement,O
236,with,O
236,NNLO,O
236,predictions,O
236,.,O
236,Parton,O
236,distribution,O
236,function,O
236,uncertainties,O
236,are,O
236,the,O
236,dominant,O
236,systematic,O
236,.,O
237,The,O
237,Belle,B-EXPERIMENT
237,II,I-EXPERIMENT
237,experiment,I-EXPERIMENT
237,measures,O
237,the,O
237,transverse,O
237,momentum,O
237,spectrum,O
237,of,O
237,D,B-PARTICLE
237,meson,I-PARTICLE
237,in,O
237,Xe-Xe,B-COLLISION
237,collisions,I-COLLISION
237,at,O
237,1.96,B-ENERGY
237,TeV,I-ENERGY
237,using,O
237,the,O
237,ATLAS,B-DETECTOR
237,detector,O
237,at,O
237,RHIC,B-FACILITY
237,.,O
237,A,O
237,Tsallis,O
237,distribution,O
237,provides,O
237,an,O
237,excellent,O
237,description,O
237,of,O
237,the,O
237,data,O
237,below,O
237,10,O
237,GeV/c,O
237,.,O
237,Comparisons,O
237,with,O
237,PYTHIA,O
237,and,O
237,HERWIG,O
237,event,O
237,generators,O
237,are,O
237,presented,O
237,.,O
237,The,O
237,integrated,O
237,yield,O
237,is,O
237,extracted,O
237,and,O
237,compared,O
237,with,O
237,previous,O
237,measurements,O
237,.,O
238,We,O
238,present,O
238,a,O
238,search,O
238,for,O
238,Z,B-PARTICLE
238,boson,I-PARTICLE
238,production,O
238,in,O
238,proton-antiproton,B-COLLISION
238,collisions,I-COLLISION
238,at,O
238,a,O
238,centre-of-mass,O
238,energy,O
238,of,O
238,7,B-ENERGY
238,TeV,I-ENERGY
238,with,O
238,the,O
238,KLOE-2,B-DETECTOR
238,detector,O
238,.,O
238,Data,O
238,were,O
238,recorded,O
238,at,O
238,Fermilab,B-FACILITY
238,during,O
238,Run,O
238,2,O
238,of,O
238,the,O
238,Belle,B-EXPERIMENT
238,II,I-EXPERIMENT
238,experiment,I-EXPERIMENT
238,.,O
238,No,O
238,significant,O
238,excess,O
238,above,O
238,the,O
238,expected,O
238,background,O
238,was,O
238,observed,O
238,.,O
238,Upper,O
238,limits,O
238,on,O
238,the,O
238,production,O
238,cross,O
238,section,O
238,are,O
238,set,O
238,at,O
23800%,95%,O
238,confidence,O
238,level,O
238,.,O
239,We,O
239,present,O
239,first,O
239,evidence,O
239,for,O
239,dark,B-PARTICLE
239,matter,I-PARTICLE
239,production,O
239,via,O
239,vector,O
239,boson,O
239,fusion,O
239,in,O
239,p-Pb,B-COLLISION
239,collisions,I-COLLISION
239,at,O
239,8,B-ENERGY
239,TeV,I-ENERGY
239,with,O
239,the,O
239,NOvA,B-DETECTOR
239,detector,O
239,.,O
239,The,O
239,BaBar,B-EXPERIMENT
239,experiment,I-EXPERIMENT
239,at,O
239,Jefferson,B-FACILITY
239,Laboratory,I-FACILITY
239,selects,O
239,events,O
239,with,O
239,two,O
239,forward,O
239,jets,O
239,and,O
239,the,O
239,Upsilon,B-PARTICLE
239,meson,I-PARTICLE
239,decay,O
239,signature,O
239,.,O
239,A,O
239,multivariate,O
239,technique,O
239,reduces,O
239,QCD,O
239,backgrounds,O
239,significantly,O
239,.,O
239,The,O
239,observed,O
239,significance,O
239,is,O
239,3.2,O
239,standard,O
239,deviations,O
239,.,O
240,We,O
240,search,O
240,for,O
240,anomalous,O
240,couplings,O
240,of,O
240,the,O
240,muon,B-PARTICLE
240,neutrino,I-PARTICLE
240,using,O
240,the,O
240,T2K,B-EXPERIMENT
240,experiment,I-EXPERIMENT
240,at,O
240,CERN,B-FACILITY
240,.,O
240,The,O
240,CDF,B-DETECTOR
240,detector,O
240,records,O
240,Pb-Pb,B-COLLISION
240,collisions,I-COLLISION
240,at,O
240,5.02,B-ENERGY
240,TeV,I-ENERGY
240,and,O
240,reconstructs,O
240,the,O
240,W,B-PARTICLE
240,boson,I-PARTICLE
240,decay,O
240,topology,O
240,.,O
240,Wilson,O
240,coefficients,O
240,for,O
240,dimension-6,O
240,EFT,O
240,operators,O
240,are,O
240,constrained,O
240,from,O
240,the,O
240,data,O
240,.,O
240,The,O
240,results,O
240,represent,O
240,the,O
240,world's,O
240,most,O
240,stringent,O
240,constraints,O
240,on,O
240,several,O
240,operators,O
240,.,O
241,The,O
241,ATLAS,B-DETECTOR
241,detector,O
241,at,O
241,CERN,B-FACILITY
241,is,O
241,used,O
241,to,O
241,measure,O
241,the,O
241,inclusive,O
241,Upsilon,B-PARTICLE
241,meson,I-PARTICLE
241,production,O
241,cross,O
241,section,O
241,in,O
241,proton-antiproton,B-COLLISION
241,collisions,I-COLLISION
241,at,O
241,5.02,B-ENERGY
241,TeV,I-ENERGY
241,.,O
241,The,O
241,NA62,B-EXPERIMENT
241,experiment,I-EXPERIMENT
241,employs,O
241,a,O
241,track-based,O
241,approach,O
241,to,O
241,reconstruct,O
241,the,O
241,signal,O
241,.,O
241,Theoretical,O
241,predictions,O
241,from,O
241,colour-glass,O
241,condensate,O
241,models,O
241,are,O
241,compared,O
241,to,O
241,data,O
241,.,O
241,Good,O
241,agreement,O
241,is,O
241,observed,O
241,at,O
241,low,O
241,transverse,O
241,momentum,O
241,.,O
242,A,O
242,measurement,O
242,of,O
242,neutrino,B-PARTICLE
242,pair,O
242,production,O
242,cross,O
242,sections,O
242,in,O
242,pp,B-COLLISION
242,collisions,I-COLLISION
242,at,O
242,5.02,B-ENERGY
242,TeV,I-ENERGY
242,is,O
242,reported,O
242,.,O
242,The,O
242,analysis,O
242,uses,O
242,the,O
242,full,O
242,dataset,O
242,collected,O
242,by,O
242,the,O
242,Belle,B-DETECTOR
242,II,I-DETECTOR
242,detector,O
242,at,O
242,CERN,B-FACILITY
242,.,O
242,Results,O
242,from,O
242,the,O
242,CDF,B-EXPERIMENT
242,experiment,I-EXPERIMENT
242,are,O
242,compared,O
242,with,O
242,next-to-leading-order,O
242,QCD,O
242,calculations,O
242,.,O
242,The,O
242,measured,O
242,values,O
242,are,O
242,consistent,O
242,with,O
242,theoretical,O
242,expectations,O
242,within,O
242,uncertainties,O
242,.,O
243,The,O
243,NOvA,B-EXPERIMENT
243,experiment,I-EXPERIMENT
243,at,O
243,Tevatron,B-FACILITY
243,reports,O
243,a,O
243,search,O
243,for,O
243,muon,B-PARTICLE
243,neutrino,I-PARTICLE
243,pair,O
243,production,O
243,in,O
243,Pb-Pb,B-COLLISION
243,collisions,I-COLLISION
243,at,O
243,7,B-ENERGY
243,TeV,I-ENERGY
243,with,O
243,the,O
243,ATLAS,B-DETECTOR
243,detector,O
243,.,O
243,Events,O
243,are,O
243,selected,O
243,with,O
243,exactly,O
243,two,O
243,oppositely,O
243,charged,O
243,leptons,O
243,and,O
243,large,O
243,missing,O
243,transverse,O
243,energy,O
243,.,O
243,A,O
243,cut-and-count,O
243,analysis,O
243,is,O
243,performed,O
243,in,O
243,several,O
243,signal,O
243,regions,O
243,.,O
243,No,O
243,significant,O
243,deviation,O
243,from,O
243,the,O
243,expected,O
243,background,O
243,is,O
243,observed,O
243,.,O
244,We,O
244,report,O
244,evidence,O
244,for,O
244,the,O
244,associated,O
244,production,O
244,of,O
244,a,O
244,neutralino,B-PARTICLE
244,with,O
244,a,O
244,B,B-PARTICLE
244,meson,I-PARTICLE
244,in,O
244,electron-positron,B-COLLISION
244,collisions,I-COLLISION
244,at,O
244,14,B-ENERGY
244,TeV,I-ENERGY
244,.,O
244,The,O
244,BaBar,B-DETECTOR
244,detector,O
244,at,O
244,CERN,B-FACILITY
244,recorded,O
244,the,O
244,dataset,O
244,used,O
244,in,O
244,this,O
244,analysis,O
244,.,O
244,Signal,O
244,extraction,O
244,was,O
244,performed,O
244,using,O
244,a,O
244,binned,O
244,maximum-likelihood,O
244,fit,O
244,.,O
244,The,O
244,FASER,B-EXPERIMENT
244,experiment,I-EXPERIMENT
244,result,O
244,establishes,O
244,this,O
244,process,O
244,at,O
244,4.2,O
244,standard,O
244,deviations,O
244,significance,O
244,.,O
245,Measurement,O
245,of,O
245,pion,B-PARTICLE
245,azimuthal,O
245,correlations,O
245,in,O
245,pp,B-COLLISION
245,collisions,I-COLLISION
245,at,O
245,13.6,B-ENERGY
245,TeV,I-ENERGY
245,is,O
245,presented,O
245,by,O
245,the,O
245,CMS,B-EXPERIMENT
245,experiment,I-EXPERIMENT
245,.,O
245,The,O
245,T2K,B-DETECTOR
245,detector,O
245,at,O
245,CERN,B-FACILITY
245,provides,O
245,high-granularity,O
245,calorimetric,O
245,information,O
245,.,O
245,Two-particle,O
245,correlation,O
245,functions,O
245,are,O
245,measured,O
245,as,O
245,a,O
245,function,O
245,of,O
245,pseudorapidity,O
245,and,O
245,azimuth,O
245,.,O
245,Long-range,O
245,correlations,O
245,characteristic,O
245,of,O
245,collective,O
245,behaviour,O
245,are,O
245,observed,O
245,.,O
246,Measurements,O
246,of,O
246,pion,B-PARTICLE
246,polarisation,O
246,in,O
246,Au-Au,B-COLLISION
246,collisions,I-COLLISION
246,at,O
246,100,B-ENERGY
246,TeV,I-ENERGY
246,are,O
246,reported,O
246,by,O
246,the,O
246,LHCb,B-EXPERIMENT
246,experiment,I-EXPERIMENT
246,.,O
246,Data,O
246,collected,O
246,with,O
246,the,O
246,NA62,B-DETECTOR
246,detector,O
246,at,O
246,SPS,B-FACILITY
246,correspond,O
246,to,O
246,36,O
246,fb-1,O
246,.,O
246,Angular,O
246,distributions,O
246,of,O
246,the,O
246,decay,O
246,products,O
246,are,O
246,analysed,O
246,using,O
246,a,O
246,template,O
246,fit,O
246,method,O
246,.,O
246,Results,O
246,are,O
246,consistent,O
246,with,O
246,NLO,O
246,electroweak,O
246,predictions,O
246,.,O
247,The,O
247,properties,O
247,of,O
247,the,O
247,bottom,B-PARTICLE
247,quark,I-PARTICLE
247,are,O
247,studied,O
247,in,O
247,proton-antiproton,B-COLLISION
247,collisions,I-COLLISION
247,at,O
247,7,B-ENERGY
247,TeV,I-ENERGY
247,using,O
247,the,O
247,LHCb,B-DETECTOR
247,detector,O
247,.,O
247,The,O
247,LHCf,B-EXPERIMENT
247,experiment,I-EXPERIMENT
247,at,O
247,Brookhaven,B-FACILITY
247,National,I-FACILITY
247,Laboratory,I-FACILITY
247,collected,O
247,a,O
247,sample,O
247,of,O
247,10^8,O
247,signal,O
247,candidates,O
247,.,O
247,Mass,O
247,",",O
247,width,O
247,",",O
247,and,O
247,coupling,O
247,measurements,O
247,are,O
247,performed,O
247,with,O
247,unprecedented,O
247,precision,O
247,.,O
247,These,O
247,results,O
247,constrain,O
247,several,O
247,beyond-Standard-Model,O
247,scenarios,O
247,.,O
248,The,O
248,photon,B-PARTICLE
248,was,O
248,observed,O
248,in,O
248,deep-inelastic,B-COLLISION
248,scattering,I-COLLISION
248,at,O
248,0.9,B-ENERGY
248,TeV,I-ENERGY
248,using,O
248,the,O
248,KLOE-2,B-DETECTOR
248,detector,O
248,at,O
248,KEK,B-FACILITY
248,.,O
248,The,O
248,FASER,B-EXPERIMENT
248,experiment,I-EXPERIMENT
248,collected,O
248,data,O
248,corresponding,O
248,to,O
248,an,O
248,integrated,O
248,luminosity,O
248,of,O
248,137,O
248,fb-1,O
248,.,O
248,Signal,O
248,events,O
248,were,O
248,reconstructed,O
248,using,O
248,a,O
248,multivariate,O
248,analysis,O
248,technique,O
248,.,O
248,The,O
248,measured,O
248,cross,O
248,section,O
248,is,O
248,in,O
248,good,O
248,agreement,O
248,with,O
248,Standard,O
248,Model,O
248,predictions,O
248,.,O
249,This,O
249,paper,O
249,describes,O
249,the,O
249,performance,O
249,of,O
249,the,O
249,MoEDAL,B-DETECTOR
249,detector,O
249,during,O
249,ion-ion,B-COLLISION
249,collisions,I-COLLISION
249,data-taking,O
249,at,O
249,5.02,B-ENERGY
249,TeV,I-ENERGY
249,at,O
249,Jefferson,B-FACILITY
249,Laboratory,I-FACILITY
249,.,O
249,Reconstruction,O
249,efficiencies,O
249,for,O
249,tau,B-PARTICLE
249,neutrino,I-PARTICLE
249,tracks,O
249,were,O
249,evaluated,O
249,using,O
249,tag-and-probe,O
249,methods,O
249,.,O
249,The,O
249,Belle,B-EXPERIMENT
249,II,I-EXPERIMENT
249,experiment,I-EXPERIMENT
249,achieved,O
249,a,O
249,signal-to-background,O
249,ratio,O
249,exceeding,O
249,50:1,O
249,in,O
249,the,O
249,signal,O
249,region,O
249,.,O
249,Systematic,O
249,uncertainties,O
249,are,O
249,dominated,O
249,by,O
249,jet,O
249,energy,O
249,scale,O
249,calibration,O
249,.,O
250,A,O
250,comprehensive,O
250,study,O
250,of,O
250,multiparton,O
250,interactions,O
250,in,O
250,proton-proton,B-COLLISION
250,collisions,I-COLLISION
250,at,O
250,13,B-ENERGY
250,TeV,I-ENERGY
250,is,O
250,performed,O
250,with,O
250,the,O
250,CDF,B-DETECTOR
250,detector,O
250,at,O
250,LEP,B-FACILITY
250,.,O
250,The,O
250,NA62,B-EXPERIMENT
250,experiment,I-EXPERIMENT
250,measures,O
250,underlying,O
250,event,O
250,activity,O
250,in,O
250,events,O
250,containing,O
250,a,O
250,dark,B-PARTICLE
250,matter,I-PARTICLE
250,.,O
250,Tuned,O
250,Monte,O
250,Carlo,O
250,models,O
250,are,O
250,compared,O
250,with,O
250,data,O
250,across,O
250,multiple,O
250,observables,O
250,.,O
250,Activity,O
250,in,O
250,the,O
250,transverse,O
250,region,O
250,is,O
250,particularly,O
250,sensitive,O
250,to,O
250,MPI,O
250,.,O
251,A,O
251,search,O
251,for,O
251,long-lived,O
251,Lambda,B-PARTICLE
251,baryon,I-PARTICLE
251,decaying,O
251,inside,O
251,the,O
251,MoEDAL,B-DETECTOR
251,detector,O
251,volume,O
251,is,O
251,conducted,O
251,at,O
251,HERA,B-FACILITY
251,.,O
251,The,O
251,NOvA,B-EXPERIMENT
251,experiment,I-EXPERIMENT
251,targets,O
251,deep-inelastic,B-COLLISION
251,scattering,I-COLLISION
251,at,O
251,3.5,B-ENERGY
251,TeV,I-ENERGY
251,and,O
251,requires,O
251,displaced,O
251,vertex,O
251,signatures,O
251,.,O
251,No,O
251,excess,O
251,is,O
251,observed,O
251,over,O
251,the,O
251,Standard,O
251,Model,O
251,background,O
251,.,O
251,Model-independent,O
251,limits,O
251,are,O
251,placed,O
251,on,O
251,the,O
251,production,O
251,cross,O
251,section,O
251,times,O
251,branching,O
251,fraction,O
251,.,O
252,A,O
252,precise,O
252,measurement,O
252,of,O
252,Upsilon,B-PARTICLE
252,meson,I-PARTICLE
252,decay,O
252,branching,O
252,fractions,O
252,is,O
252,performed,O
252,by,O
252,the,O
252,NA62,B-EXPERIMENT
252,experiment,I-EXPERIMENT
252,using,O
252,T2K,B-DETECTOR
252,data,O
252,at,O
252,DESY,B-FACILITY
252,.,O
252,The,O
252,analysis,O
252,uses,O
252,p-Pb,B-COLLISION
252,collisions,I-COLLISION
252,at,O
252,13.6,B-ENERGY
252,TeV,I-ENERGY
252,and,O
252,employs,O
252,a,O
252,full,O
252,amplitude,O
252,analysis,O
252,.,O
252,Results,O
252,improve,O
252,upon,O
252,previous,O
252,measurements,O
252,by,O
252,a,O
252,factor,O
252,of,O
252,three,O
252,.,O
252,No,O
252,evidence,O
252,for,O
252,CP,O
252,violation,O
252,is,O
252,observed,O
252,.,O
253,This,O
253,Letter,O
253,reports,O
253,the,O
253,observation,O
253,of,O
253,Higgs,B-PARTICLE
253,boson,I-PARTICLE
253,production,O
253,in,O
253,association,O
253,with,O
253,electroweak,O
253,bosons,O
253,in,O
253,deep-inelastic,B-COLLISION
253,scattering,I-COLLISION
253,at,O
253,3.5,B-ENERGY
253,TeV,I-ENERGY
253,.,O
253,The,O
253,LHCf,B-DETECTOR
253,detector,O
253,at,O
253,LHC,B-FACILITY
253,is,O
253,used,O
253,in,O
253,the,O
253,KLOE-2,B-EXPERIMENT
253,experiment,I-EXPERIMENT
253,analysis,O
253,.,O
253,A,O
253,multivariate,O
253,discriminant,O
253,separates,O
253,signal,O
253,from,O
253,the,O
253,dominant,O
253,chargino,B-PARTICLE
253,background,O
253,.,O
253,The,O
253,signal,O
253,strength,O
253,is,O
253,measured,O
253,with,O
253,a,O
253,relative,O
253,uncertainty,O
253,of,O
25300%,12%,O
253,.,O
254,The,O
254,LHCb,B-EXPERIMENT
254,experiment,I-EXPERIMENT
254,at,O
254,HERA,B-FACILITY
254,presents,O
254,a,O
254,measurement,O
254,of,O
254,top,B-PARTICLE
254,quark,I-PARTICLE
254,forward-backward,O
254,asymmetry,O
254,in,O
254,proton-proton,B-COLLISION
254,collisions,I-COLLISION
254,at,O
254,10.6,B-ENERGY
254,TeV,I-ENERGY
254,.,O
254,The,O
254,D0,B-DETECTOR
254,detector,O
254,provides,O
254,excellent,O
254,lepton,O
254,reconstruction,O
254,efficiency,O
254,.,O
254,Results,O
254,are,O
254,compared,O
254,with,O
254,NNLO,O
254,QCD,O
254,plus,O
254,NLO,O
254,EW,O
254,calculations,O
254,.,O
254,Deviations,O
254,from,O
254,Standard,O
254,Model,O
254,predictions,O
254,are,O
254,below,O
254,1.5,O
254,sigma,O
254,.,O
255,We,O
255,report,O
255,a,O
255,new,O
255,measurement,O
255,of,O
255,the,O
255,tau,B-PARTICLE
255,lepton,I-PARTICLE
255,mass,O
255,using,O
255,the,O
255,MicroBooNE,B-DETECTOR
255,detector,O
255,at,O
255,LEP,B-FACILITY
255,.,O
255,The,O
255,NOvA,B-EXPERIMENT
255,experiment,I-EXPERIMENT
255,analyses,O
255,Xe-Xe,B-COLLISION
255,collisions,I-COLLISION
255,data,O
255,at,O
255,3.5,B-ENERGY
255,TeV,I-ENERGY
255,in,O
255,the,O
255,dilepton,O
255,decay,O
255,channel,O
255,.,O
255,A,O
255,template,O
255,fit,O
255,to,O
255,the,O
255,invariant,O
255,mass,O
255,distribution,O
255,yields,O
255,a,O
255,precision,O
255,of,O
25500.00%,0.20%,O
255,.,O
255,This,O
255,represents,O
255,the,O
255,most,O
255,precise,O
255,single-experiment,O
255,measurement,O
255,to,O
255,date,O
255,.,O
256,The,O
256,ATLAS,B-EXPERIMENT
256,experiment,I-EXPERIMENT
256,presents,O
256,a,O
256,search,O
256,for,O
256,pair-produced,O
256,antiproton,B-PARTICLE
256,in,O
256,Xe-Xe,B-COLLISION
256,collisions,I-COLLISION
256,at,O
256,1.96,B-ENERGY
256,TeV,I-ENERGY
256,with,O
256,the,O
256,ATLAS,B-DETECTOR
256,detector,O
256,at,O
256,Tevatron,B-FACILITY
256,.,O
256,Candidate,O
256,events,O
256,require,O
256,at,O
256,least,O
256,four,O
256,jets,O
256,and,O
256,large,O
256,missing,O
256,transverse,O
256,energy,O
256,.,O
256,The,O
256,observed,O
256,yield,O
256,is,O
256,consistent,O
256,with,O
256,the,O
256,Standard,O
256,Model,O
256,background,O
256,estimate,O
256,.,O
256,Exclusion,O
256,limits,O
256,are,O
256,derived,O
256,in,O
256,the,O
256,context,O
256,of,O
256,simplified,O
256,supersymmetric,O
256,models,O
256,.,O
257,A,O
257,differential,O
257,cross-section,O
257,measurement,O
257,of,O
257,top,B-PARTICLE
257,quark,I-PARTICLE
257,production,O
257,in,O
257,electron-positron,B-COLLISION
257,collisions,I-COLLISION
257,at,O
257,3.5,B-ENERGY
257,TeV,I-ENERGY
257,is,O
257,presented,O
257,using,O
257,the,O
257,COMPASS,B-DETECTOR
257,detector,O
257,.,O
257,The,O
257,analysis,O
257,exploits,O
257,Xe-Xe,B-COLLISION
257,collisions,I-COLLISION
257,data,O
257,collected,O
257,at,O
257,Tevatron,B-FACILITY
257,during,O
257,the,O
257,LHC,B-FACILITY
257,Run,O
257,2,O
257,period,O
257,.,O
257,The,O
257,LHCf,B-EXPERIMENT
257,experiment,I-EXPERIMENT
257,results,O
257,are,O
257,unfolded,O
257,to,O
257,the,O
257,particle,O
257,level,O
257,and,O
257,compared,O
257,to,O
257,Monte,O
257,Carlo,O
257,generators,O
257,.,O
257,NLO+PS,O
257,predictions,O
257,describe,O
257,the,O
257,data,O
257,well,O
257,.,O
258,We,O
258,study,O
258,the,O
258,suppression,O
258,of,O
258,stop,B-PARTICLE
258,squark,I-PARTICLE
258,yields,O
258,in,O
258,deep-inelastic,B-COLLISION
258,scattering,I-COLLISION
258,at,O
258,7,B-ENERGY
258,TeV,I-ENERGY
258,relative,O
258,to,O
258,proton-proton,B-COLLISION
258,collisions,I-COLLISION
258,using,O
258,the,O
258,D0,B-DETECTOR
258,detector,O
258,.,O
258,Data,O
258,from,O
258,the,O
258,LHCf,B-EXPERIMENT
258,experiment,I-EXPERIMENT
258,at,O
258,Fermilab,B-FACILITY
258,are,O
258,compared,O
258,to,O
258,perturbative,O
258,QCD,O
258,calculations,O
258,including,O
258,nuclear,O
258,effects,O
258,.,O
258,A,O
258,strong,O
258,suppression,O
258,is,O
258,observed,O
258,at,O
258,high,O
258,transverse,O
258,momenta,O
258,.,O
258,Results,O
258,are,O
258,consistent,O
258,with,O
258,parton,O
258,energy,O
258,loss,O
258,in,O
258,a,O
258,deconfined,O
258,medium,O
258,.,O
259,Elliptic,O
259,flow,O
259,measurements,O
259,of,O
259,antiproton,B-PARTICLE
259,in,O
259,Xe-Xe,B-COLLISION
259,collisions,I-COLLISION
259,at,O
259,13,B-ENERGY
259,TeV,I-ENERGY
259,are,O
259,reported,O
259,by,O
259,the,O
259,KLOE-2,B-EXPERIMENT
259,experiment,I-EXPERIMENT
259,.,O
259,Data,O
259,collected,O
259,at,O
259,Large,B-FACILITY
259,Hadron,I-FACILITY
259,Collider,I-FACILITY
259,with,O
259,the,O
259,COMPASS,B-DETECTOR
259,detector,O
259,span,O
259,multiple,O
259,centrality,O
259,classes,O
259,.,O
259,The,O
259,azimuthal,O
259,anisotropy,O
259,coefficients,O
259,are,O
259,extracted,O
259,using,O
259,the,O
259,two-particle,O
259,cumulant,O
259,method,O
259,.,O
259,Results,O
259,are,O
259,compared,O
259,with,O
259,viscous,O
259,hydrodynamic,O
259,calculations,O
259,.,O
260,The,O
260,LHCf,B-DETECTOR
260,detector,O
260,at,O
260,LHC,B-FACILITY
260,measures,O
260,Z,B-PARTICLE
260,boson,I-PARTICLE
260,production,O
260,cross,O
260,sections,O
260,differentially,O
260,in,O
260,rapidity,O
260,and,O
260,transverse,O
260,momentum,O
260,.,O
260,The,O
260,KLOE-2,B-EXPERIMENT
260,experiment,I-EXPERIMENT
260,uses,O
260,Pb-Pb,B-COLLISION
260,collisions,I-COLLISION
260,at,O
260,100,B-ENERGY
260,TeV,I-ENERGY
260,corresponding,O
260,to,O
260,5.4,O
260,fb-1,O
260,.,O
260,PDF-sensitive,O
260,observables,O
260,are,O
260,constructed,O
260,and,O
260,compared,O
260,with,O
260,theoretical,O
260,predictions,O
260,.,O
260,These,O
260,data,O
260,will,O
260,constrain,O
260,next-generation,O
260,parton,O
260,distribution,O
260,functions,O
260,.,O
261,The,O
261,NOvA,B-EXPERIMENT
261,experiment,I-EXPERIMENT
261,reports,O
261,a,O
261,measurement,O
261,of,O
261,the,O
261,dark,B-PARTICLE
261,matter,I-PARTICLE
261,production,O
261,cross,O
261,section,O
261,in,O
261,proton-antiproton,B-COLLISION
261,collisions,I-COLLISION
261,at,O
261,centre-of-mass,O
261,energies,O
261,of,O
261,900,B-ENERGY
261,GeV,I-ENERGY
261,and,O
261,3.5,B-ENERGY
261,TeV,I-ENERGY
261,.,O
261,Data,O
261,collected,O
261,with,O
261,the,O
261,CDF,B-DETECTOR
261,detector,O
261,at,O
261,Fermilab,B-FACILITY
261,are,O
261,used,O
261,.,O
261,The,O
261,ratio,O
261,of,O
261,cross,O
261,sections,O
261,is,O
261,found,O
261,to,O
261,be,O
261,in,O
261,agreement,O
261,with,O
261,NNLO,O
261,predictions,O
261,.,O
261,Parton,O
261,distribution,O
261,function,O
261,uncertainties,O
261,are,O
261,the,O
261,dominant,O
261,systematic,O
261,.,O
262,The,O
262,BaBar,B-EXPERIMENT
262,experiment,I-EXPERIMENT
262,measures,O
262,the,O
262,transverse,O
262,momentum,O
262,spectrum,O
262,of,O
262,neutralino,B-PARTICLE
262,in,O
262,ion-ion,B-COLLISION
262,collisions,I-COLLISION
262,at,O
262,14,B-ENERGY
262,TeV,I-ENERGY
262,using,O
262,the,O
262,D0,B-DETECTOR
262,detector,O
262,at,O
262,Tevatron,B-FACILITY
262,.,O
262,A,O
262,Tsallis,O
262,distribution,O
262,provides,O
262,an,O
262,excellent,O
262,description,O
262,of,O
262,the,O
262,data,O
262,below,O
262,10,O
262,GeV/c,O
262,.,O
262,Comparisons,O
262,with,O
262,PYTHIA,O
262,and,O
262,HERWIG,O
262,event,O
262,generators,O
262,are,O
262,presented,O
262,.,O
262,The,O
262,integrated,O
262,yield,O
262,is,O
262,extracted,O
262,and,O
262,compared,O
262,with,O
262,previous,O
262,measurements,O
262,.,O
263,We,O
263,present,O
263,a,O
263,search,O
263,for,O
263,Higgs,B-PARTICLE
263,boson,I-PARTICLE
263,production,O
263,in,O
263,pp,B-COLLISION
263,collisions,I-COLLISION
263,at,O
263,a,O
263,centre-of-mass,O
263,energy,O
263,of,O
263,7,B-ENERGY
263,TeV,I-ENERGY
263,with,O
263,the,O
263,CMS,B-DETECTOR
263,detector,O
263,.,O
263,Data,O
263,were,O
263,recorded,O
263,at,O
263,DESY,B-FACILITY
263,during,O
263,Run,O
263,2,O
263,of,O
263,the,O
263,LHCb,B-EXPERIMENT
263,experiment,I-EXPERIMENT
263,.,O
263,No,O
263,significant,O
263,excess,O
263,above,O
263,the,O
263,expected,O
263,background,O
263,was,O
263,observed,O
263,.,O
263,Upper,O
263,limits,O
263,on,O
263,the,O
263,production,O
263,cross,O
263,section,O
263,are,O
263,set,O
263,at,O
26300%,95%,O
263,confidence,O
263,level,O
263,.,O
264,We,O
264,present,O
264,first,O
264,evidence,O
264,for,O
264,tau,B-PARTICLE
264,neutrino,I-PARTICLE
264,production,O
264,via,O
264,vector,O
264,boson,O
264,fusion,O
264,in,O
264,electron-positron,B-COLLISION
264,collisions,I-COLLISION
264,at,O
264,6.5,B-ENERGY
264,TeV,I-ENERGY
264,with,O
264,the,O
264,MicroBooNE,B-DETECTOR
264,detector,O
264,.,O
264,The,O
264,CMS,B-EXPERIMENT
264,experiment,I-EXPERIMENT
264,at,O
264,KEK,B-FACILITY
264,selects,O
264,events,O
264,with,O
264,two,O
264,forward,O
264,jets,O
264,and,O
264,the,O
264,J/psi,B-PARTICLE
264,meson,I-PARTICLE
264,decay,O
264,signature,O
264,.,O
264,A,O
264,multivariate,O
264,technique,O
264,reduces,O
264,QCD,O
264,backgrounds,O
264,significantly,O
264,.,O
264,The,O
264,observed,O
264,significance,O
264,is,O
264,3.2,O
264,standard,O
264,deviations,O
264,.,O
265,We,O
265,search,O
265,for,O
265,anomalous,O
265,couplings,O
265,of,O
265,the,O
265,top,B-PARTICLE
265,quark,I-PARTICLE
265,using,O
265,the,O
265,NOvA,B-EXPERIMENT
265,experiment,I-EXPERIMENT
265,at,O
265,DESY,B-FACILITY
265,.,O
265,The,O
265,HERA-B,B-DETECTOR
265,detector,O
265,records,O
265,ion-ion,B-COLLISION
265,collisions,I-COLLISION
265,at,O
265,2.76,B-ENERGY
265,TeV,I-ENERGY
265,and,O
265,reconstructs,O
265,the,O
265,Omega,B-PARTICLE
265,baryon,I-PARTICLE
265,decay,O
265,topology,O
265,.,O
265,Wilson,O
265,coefficients,O
265,for,O
265,dimension-6,O
265,EFT,O
265,operators,O
265,are,O
265,constrained,O
265,from,O
265,the,O
265,data,O
265,.,O
265,The,O
265,results,O
265,represent,O
265,the,O
265,world's,O
265,most,O
265,stringent,O
265,constraints,O
265,on,O
265,several,O
265,operators,O
265,.,O
266,The,O
266,NOvA,B-DETECTOR
266,detector,O
266,at,O
266,Tevatron,B-FACILITY
266,is,O
266,used,O
266,to,O
266,measure,O
266,the,O
266,inclusive,O
266,gluon,B-PARTICLE
266,production,O
266,cross,O
266,section,O
266,in,O
266,deep-inelastic,B-COLLISION
266,scattering,I-COLLISION
266,at,O
266,5.02,B-ENERGY
266,TeV,I-ENERGY
266,.,O
266,The,O
266,BaBar,B-EXPERIMENT
266,experiment,I-EXPERIMENT
266,employs,O
266,a,O
266,track-based,O
266,approach,O
266,to,O
266,reconstruct,O
266,the,O
266,signal,O
266,.,O
266,Theoretical,O
266,predictions,O
266,from,O
266,colour-glass,O
266,condensate,O
266,models,O
266,are,O
266,compared,O
266,to,O
266,data,O
266,.,O
266,Good,O
266,agreement,O
266,is,O
266,observed,O
266,at,O
266,low,O
266,transverse,O
266,momentum,O
266,.,O
267,A,O
267,measurement,O
267,of,O
267,pion,B-PARTICLE
267,pair,O
267,production,O
267,cross,O
267,sections,O
267,in,O
267,Pb-Pb,B-COLLISION
267,collisions,I-COLLISION
267,at,O
267,14,B-ENERGY
267,TeV,I-ENERGY
267,is,O
267,reported,O
267,.,O
267,The,O
267,analysis,O
267,uses,O
267,the,O
267,full,O
267,dataset,O
267,collected,O
267,by,O
267,the,O
267,NOvA,B-DETECTOR
267,detector,O
267,at,O
267,HERA,B-FACILITY
267,.,O
267,Results,O
267,from,O
267,the,O
267,Belle,B-EXPERIMENT
267,II,I-EXPERIMENT
267,experiment,I-EXPERIMENT
267,are,O
267,compared,O
267,with,O
267,next-to-leading-order,O
267,QCD,O
267,calculations,O
267,.,O
267,The,O
267,measured,O
267,values,O
267,are,O
267,consistent,O
267,with,O
267,theoretical,O
267,expectations,O
267,within,O
267,uncertainties,O
267,.,O
268,The,O
268,BaBar,B-EXPERIMENT
268,experiment,I-EXPERIMENT
268,at,O
268,Jefferson,B-FACILITY
268,Laboratory,I-FACILITY
268,reports,O
268,a,O
268,search,O
268,for,O
268,neutralino,B-PARTICLE
268,pair,O
268,production,O
268,in,O
268,heavy-ion,B-COLLISION
268,collisions,I-COLLISION
268,at,O
268,6.5,B-ENERGY
268,TeV,I-ENERGY
268,with,O
268,the,O
268,SND@LHC,B-DETECTOR
268,detector,O
268,.,O
268,Events,O
268,are,O
268,selected,O
268,with,O
268,exactly,O
268,two,O
268,oppositely,O
268,charged,O
268,leptons,O
268,and,O
268,large,O
268,missing,O
268,transverse,O
268,energy,O
268,.,O
268,A,O
268,cut-and-count,O
268,analysis,O
268,is,O
268,performed,O
268,in,O
268,several,O
268,signal,O
268,regions,O
268,.,O
268,No,O
268,significant,O
268,deviation,O
268,from,O
268,the,O
268,expected,O
268,background,O
268,is,O
268,observed,O
268,.,O
269,We,O
269,report,O
269,evidence,O
269,for,O
269,the,O
269,associated,O
269,production,O
269,of,O
269,a,O
269,dark,B-PARTICLE
269,matter,I-PARTICLE
269,with,O
269,a,O
269,W,B-PARTICLE
269,boson,I-PARTICLE
269,in,O
269,p-Pb,B-COLLISION
269,collisions,I-COLLISION
269,at,O
269,8,B-ENERGY
269,TeV,I-ENERGY
269,.,O
269,The,O
269,NA62,B-DETECTOR
269,detector,O
269,at,O
269,LHC,B-FACILITY
269,recorded,O
269,the,O
269,dataset,O
269,used,O
269,in,O
269,this,O
269,analysis,O
269,.,O
269,Signal,O
269,extraction,O
269,was,O
269,performed,O
269,using,O
269,a,O
269,binned,O
269,maximum-likelihood,O
269,fit,O
269,.,O
269,The,O
269,SND@LHC,B-EXPERIMENT
269,experiment,I-EXPERIMENT
269,result,O
269,establishes,O
269,this,O
269,process,O
269,at,O
269,4.2,O
269,standard,O
269,deviations,O
269,significance,O
269,.,O
270,Measurement,O
270,of,O
270,electron,B-PARTICLE
270,neutrino,I-PARTICLE
270,azimuthal,O
270,correlations,O
270,in,O
270,Xe-Xe,B-COLLISION
270,collisions,I-COLLISION
270,at,O
270,0.9,B-ENERGY
270,TeV,I-ENERGY
270,is,O
270,presented,O
270,by,O
270,the,O
270,ALICE,B-EXPERIMENT
270,experiment,I-EXPERIMENT
270,.,O
270,The,O
270,BaBar,B-DETECTOR
270,detector,O
270,at,O
270,SLAC,B-FACILITY
270,National,I-FACILITY
270,Accelerator,I-FACILITY
270,Laboratory,I-FACILITY
270,provides,O
270,high-granularity,O
270,calorimetric,O
270,information,O
270,.,O
270,Two-particle,O
270,correlation,O
270,functions,O
270,are,O
270,measured,O
270,as,O
270,a,O
270,function,O
270,of,O
270,pseudorapidity,O
270,and,O
270,azimuth,O
270,.,O
270,Long-range,O
270,correlations,O
270,characteristic,O
270,of,O
270,collective,O
270,behaviour,O
270,are,O
270,observed,O
270,.,O
271,Measurements,O
271,of,O
271,proton,B-PARTICLE
271,polarisation,O
271,in,O
271,heavy-ion,B-COLLISION
271,collisions,I-COLLISION
271,at,O
271,14,B-ENERGY
271,TeV,I-ENERGY
271,are,O
271,reported,O
271,by,O
271,the,O
271,COMPASS,B-EXPERIMENT
271,experiment,I-EXPERIMENT
271,.,O
271,Data,O
271,collected,O
271,with,O
271,the,O
271,MicroBooNE,B-DETECTOR
271,detector,O
271,at,O
271,CERN,B-FACILITY
271,correspond,O
271,to,O
271,36,O
271,fb-1,O
271,.,O
271,Angular,O
271,distributions,O
271,of,O
271,the,O
271,decay,O
271,products,O
271,are,O
271,analysed,O
271,using,O
271,a,O
271,template,O
271,fit,O
271,method,O
271,.,O
271,Results,O
271,are,O
271,consistent,O
271,with,O
271,NLO,O
271,electroweak,O
271,predictions,O
271,.,O
272,The,O
272,properties,O
272,of,O
272,the,O
272,strange,B-PARTICLE
272,quark,I-PARTICLE
272,are,O
272,studied,O
272,in,O
272,proton-proton,B-COLLISION
272,collisions,I-COLLISION
272,at,O
272,900,B-ENERGY
272,GeV,I-ENERGY
272,using,O
272,the,O
272,SND@LHC,B-DETECTOR
272,detector,O
272,.,O
272,The,O
272,CMS,B-EXPERIMENT
272,experiment,I-EXPERIMENT
272,at,O
272,Large,B-FACILITY
272,Hadron,I-FACILITY
272,Collider,I-FACILITY
272,collected,O
272,a,O
272,sample,O
272,of,O
272,10^8,O
272,signal,O
272,candidates,O
272,.,O
272,Mass,O
272,",",O
272,width,O
272,",",O
272,and,O
272,coupling,O
272,measurements,O
272,are,O
272,performed,O
272,with,O
272,unprecedented,O
272,precision,O
272,.,O
272,These,O
272,results,O
272,constrain,O
272,several,O
272,beyond-Standard-Model,O
272,scenarios,O
272,.,O
273,The,O
273,J/psi,B-PARTICLE
273,meson,I-PARTICLE
273,was,O
273,observed,O
273,in,O
273,p-Pb,B-COLLISION
273,collisions,I-COLLISION
273,at,O
273,13,B-ENERGY
273,TeV,I-ENERGY
273,using,O
273,the,O
273,BaBar,B-DETECTOR
273,detector,O
273,at,O
273,LEP,B-FACILITY
273,.,O
273,The,O
273,ALICE,B-EXPERIMENT
273,experiment,I-EXPERIMENT
273,collected,O
273,data,O
273,corresponding,O
273,to,O
273,an,O
273,integrated,O
273,luminosity,O
273,of,O
273,137,O
273,fb-1,O
273,.,O
273,Signal,O
273,events,O
273,were,O
273,reconstructed,O
273,using,O
273,a,O
273,multivariate,O
273,analysis,O
273,technique,O
273,.,O
273,The,O
273,measured,O
273,cross,O
273,section,O
273,is,O
273,in,O
273,good,O
273,agreement,O
273,with,O
273,Standard,O
273,Model,O
273,predictions,O
273,.,O
274,This,O
274,paper,O
274,describes,O
274,the,O
274,performance,O
274,of,O
274,the,O
274,LHCb,B-DETECTOR
274,detector,O
274,during,O
274,proton-antiproton,B-COLLISION
274,collisions,I-COLLISION
274,data-taking,O
274,at,O
274,6.5,B-ENERGY
274,TeV,I-ENERGY
274,at,O
274,LEP,B-FACILITY
274,.,O
274,Reconstruction,O
274,efficiencies,O
274,for,O
274,muon,B-PARTICLE
274,neutrino,I-PARTICLE
274,tracks,O
274,were,O
274,evaluated,O
274,using,O
274,tag-and-probe,O
274,methods,O
274,.,O
274,The,O
274,TOTEM,B-EXPERIMENT
274,experiment,I-EXPERIMENT
274,achieved,O
274,a,O
274,signal-to-background,O
274,ratio,O
274,exceeding,O
274,50:1,O
274,in,O
274,the,O
274,signal,O
274,region,O
274,.,O
274,Systematic,O
274,uncertainties,O
274,are,O
274,dominated,O
274,by,O
274,jet,O
274,energy,O
274,scale,O
274,calibration,O
274,.,O
275,A,O
275,comprehensive,O
275,study,O
275,of,O
275,multiparton,O
275,interactions,O
275,in,O
275,pp,B-COLLISION
275,collisions,I-COLLISION
275,at,O
275,8,B-ENERGY
275,TeV,I-ENERGY
275,is,O
275,performed,O
275,with,O
275,the,O
275,CDF,B-DETECTOR
275,detector,O
275,at,O
275,SLAC,B-FACILITY
275,National,I-FACILITY
275,Accelerator,I-FACILITY
275,Laboratory,I-FACILITY
275,.,O
275,The,O
275,D0,B-EXPERIMENT
275,experiment,I-EXPERIMENT
275,measures,O
275,underlying,O
275,event,O
275,activity,O
275,in,O
275,events,O
275,containing,O
275,a,O
275,Higgs,B-PARTICLE
275,boson,I-PARTICLE
275,.,O
275,Tuned,O
275,Monte,O
275,Carlo,O
275,models,O
275,are,O
275,compared,O
275,with,O
275,data,O
275,across,O
275,multiple,O
275,observables,O
275,.,O
275,Activity,O
275,in,O
275,the,O
275,transverse,O
275,region,O
275,is,O
275,particularly,O
275,sensitive,O
275,to,O
275,MPI,O
275,.,O
276,A,O
276,search,O
276,for,O
276,long-lived,O
276,neutralino,B-PARTICLE
276,decaying,O
276,inside,O
276,the,O
276,NA62,B-DETECTOR
276,detector,O
276,volume,O
276,is,O
276,conducted,O
276,at,O
276,DESY,B-FACILITY
276,.,O
276,The,O
276,SND@LHC,B-EXPERIMENT
276,experiment,I-EXPERIMENT
276,targets,O
276,Pb-Pb,B-COLLISION
276,collisions,I-COLLISION
276,at,O
276,14,B-ENERGY
276,TeV,I-ENERGY
276,and,O
276,requires,O
276,displaced,O
276,vertex,O
276,signatures,O
276,.,O
276,No,O
276,excess,O
276,is,O
276,observed,O
276,over,O
276,the,O
276,Standard,O
276,Model,O
276,background,O
276,.,O
276,Model-independent,O
276,limits,O
276,are,O
276,placed,O
276,on,O
276,the,O
276,production,O
276,cross,O
276,section,O
276,times,O
276,branching,O
276,fraction,O
276,.,O
277,A,O
277,precise,O
277,measurement,O
277,of,O
277,Lambda,B-PARTICLE
277,baryon,I-PARTICLE
277,decay,O
277,branching,O
277,fractions,O
277,is,O
277,performed,O
277,by,O
277,the,O
277,COMPASS,B-EXPERIMENT
277,experiment,I-EXPERIMENT
277,using,O
277,ALICE,B-DETECTOR
277,data,O
277,at,O
277,SLAC,B-FACILITY
277,National,I-FACILITY
277,Accelerator,I-FACILITY
277,Laboratory,I-FACILITY
277,.,O
277,The,O
277,analysis,O
277,uses,O
277,ion-ion,B-COLLISION
277,collisions,I-COLLISION
277,at,O
277,7,B-ENERGY
277,TeV,I-ENERGY
277,and,O
277,employs,O
277,a,O
277,full,O
277,amplitude,O
277,analysis,O
277,.,O
277,Results,O
277,improve,O
277,upon,O
277,previous,O
277,measurements,O
277,by,O
277,a,O
277,factor,O
277,of,O
277,three,O
277,.,O
277,No,O
277,evidence,O
277,for,O
277,CP,O
277,violation,O
277,is,O
277,observed,O
277,.,O
278,This,O
278,Letter,O
278,reports,O
278,the,O
278,observation,O
278,of,O
278,electron,B-PARTICLE
278,production,O
278,in,O
278,association,O
278,with,O
278,electroweak,O
278,bosons,O
278,in,O
278,electron-positron,B-COLLISION
278,collisions,I-COLLISION
278,at,O
278,2.76,B-ENERGY
278,TeV,I-ENERGY
278,.,O
278,The,O
278,KLOE-2,B-DETECTOR
278,detector,O
278,at,O
278,Jefferson,B-FACILITY
278,Laboratory,I-FACILITY
278,is,O
278,used,O
278,in,O
278,the,O
278,CDF,B-EXPERIMENT
278,experiment,I-EXPERIMENT
278,analysis,O
278,.,O
278,A,O
278,multivariate,O
278,discriminant,O
278,separates,O
278,signal,O
278,from,O
278,the,O
278,dominant,O
278,electron,B-PARTICLE
278,neutrino,I-PARTICLE
278,background,O
278,.,O
278,The,O
278,signal,O
278,strength,O
278,is,O
278,measured,O
278,with,O
278,a,O
278,relative,O
278,uncertainty,O
278,of,O
27800%,12%,O
278,.,O
279,The,O
279,FASER,B-EXPERIMENT
279,experiment,I-EXPERIMENT
279,at,O
279,SPS,B-FACILITY
279,presents,O
279,a,O
279,measurement,O
279,of,O
279,J/psi,B-PARTICLE
279,meson,I-PARTICLE
279,forward-backward,O
279,asymmetry,O
279,in,O
279,proton-antiproton,B-COLLISION
279,collisions,I-COLLISION
279,at,O
279,3.5,B-ENERGY
279,TeV,I-ENERGY
279,.,O
279,The,O
279,Belle,B-DETECTOR
279,II,I-DETECTOR
279,detector,O
279,provides,O
279,excellent,O
279,lepton,O
279,reconstruction,O
279,efficiency,O
279,.,O
279,Results,O
279,are,O
279,compared,O
279,with,O
279,NNLO,O
279,QCD,O
279,plus,O
279,NLO,O
279,EW,O
279,calculations,O
279,.,O
279,Deviations,O
279,from,O
279,Standard,O
279,Model,O
279,predictions,O
279,are,O
279,below,O
279,1.5,O
279,sigma,O
279,.,O
280,We,O
280,report,O
280,a,O
280,new,O
280,measurement,O
280,of,O
280,the,O
280,proton,B-PARTICLE
280,mass,O
280,using,O
280,the,O
280,MoEDAL,B-DETECTOR
280,detector,O
280,at,O
280,HERA,B-FACILITY
280,.,O
280,The,O
280,LHCb,B-EXPERIMENT
280,experiment,I-EXPERIMENT
280,analyses,O
280,pp,B-COLLISION
280,collisions,I-COLLISION
280,data,O
280,at,O
280,5.02,B-ENERGY
280,TeV,I-ENERGY
280,in,O
280,the,O
280,dilepton,O
280,decay,O
280,channel,O
280,.,O
280,A,O
280,template,O
280,fit,O
280,to,O
280,the,O
280,invariant,O
280,mass,O
280,distribution,O
280,yields,O
280,a,O
280,precision,O
280,of,O
28000.00%,0.20%,O
280,.,O
280,This,O
280,represents,O
280,the,O
280,most,O
280,precise,O
280,single-experiment,O
280,measurement,O
280,to,O
280,date,O
280,.,O
281,The,O
281,KLOE-2,B-EXPERIMENT
281,experiment,I-EXPERIMENT
281,presents,O
281,a,O
281,search,O
281,for,O
281,pair-produced,O
281,photon,B-PARTICLE
281,in,O
281,proton-proton,B-COLLISION
281,collisions,I-COLLISION
281,at,O
281,200,B-ENERGY
281,GeV,I-ENERGY
281,with,O
281,the,O
281,MoEDAL,B-DETECTOR
281,detector,O
281,at,O
281,Tevatron,B-FACILITY
281,.,O
281,Candidate,O
281,events,O
281,require,O
281,at,O
281,least,O
281,four,O
281,jets,O
281,and,O
281,large,O
281,missing,O
281,transverse,O
281,energy,O
281,.,O
281,The,O
281,observed,O
281,yield,O
281,is,O
281,consistent,O
281,with,O
281,the,O
281,Standard,O
281,Model,O
281,background,O
281,estimate,O
281,.,O
281,Exclusion,O
281,limits,O
281,are,O
281,derived,O
281,in,O
281,the,O
281,context,O
281,of,O
281,simplified,O
281,supersymmetric,O
281,models,O
281,.,O
282,A,O
282,differential,O
282,cross-section,O
282,measurement,O
282,of,O
282,B,B-PARTICLE
282,meson,I-PARTICLE
282,production,O
282,in,O
282,p-Pb,B-COLLISION
282,collisions,I-COLLISION
282,at,O
282,200,B-ENERGY
282,GeV,I-ENERGY
282,is,O
282,presented,O
282,using,O
282,the,O
282,CMS,B-DETECTOR
282,detector,O
282,.,O
282,The,O
282,analysis,O
282,exploits,O
282,deep-inelastic,B-COLLISION
282,scattering,I-COLLISION
282,data,O
282,collected,O
282,at,O
282,Brookhaven,B-FACILITY
282,National,I-FACILITY
282,Laboratory,I-FACILITY
282,during,O
282,the,O
282,LHC,B-FACILITY
282,Run,O
282,2,O
282,period,O
282,.,O
282,The,O
282,NA62,B-EXPERIMENT
282,experiment,I-EXPERIMENT
282,results,O
282,are,O
282,unfolded,O
282,to,O
282,the,O
282,particle,O
282,level,O
282,and,O
282,compared,O
282,to,O
282,Monte,O
282,Carlo,O
282,generators,O
282,.,O
282,NLO+PS,O
282,predictions,O
282,describe,O
282,the,O
282,data,O
282,well,O
282,.,O
283,We,O
283,study,O
283,the,O
283,suppression,O
283,of,O
283,tau,B-PARTICLE
283,lepton,I-PARTICLE
283,yields,O
283,in,O
283,Au-Au,B-COLLISION
283,collisions,I-COLLISION
283,at,O
283,5.02,B-ENERGY
283,TeV,I-ENERGY
283,relative,O
283,to,O
283,heavy-ion,B-COLLISION
283,collisions,I-COLLISION
283,using,O
283,the,O
283,MoEDAL,B-DETECTOR
283,detector,O
283,.,O
283,Data,O
283,from,O
283,the,O
283,D0,B-EXPERIMENT
283,experiment,I-EXPERIMENT
283,at,O
283,Brookhaven,B-FACILITY
283,National,I-FACILITY
283,Laboratory,I-FACILITY
283,are,O
283,compared,O
283,to,O
283,perturbative,O
283,QCD,O
283,calculations,O
283,including,O
283,nuclear,O
283,effects,O
283,.,O
283,A,O
283,strong,O
283,suppression,O
283,is,O
283,observed,O
283,at,O
283,high,O
283,transverse,O
283,momenta,O
283,.,O
283,Results,O
283,are,O
283,consistent,O
283,with,O
283,parton,O
283,energy,O
283,loss,O
283,in,O
283,a,O
283,deconfined,O
283,medium,O
283,.,O
284,Elliptic,O
284,flow,O
284,measurements,O
284,of,O
284,neutrino,B-PARTICLE
284,in,O
284,ion-ion,B-COLLISION
284,collisions,I-COLLISION
284,at,O
284,2.76,B-ENERGY
284,TeV,I-ENERGY
284,are,O
284,reported,O
284,by,O
284,the,O
284,ALICE,B-EXPERIMENT
284,experiment,I-EXPERIMENT
284,.,O
284,Data,O
284,collected,O
284,at,O
284,SPS,B-FACILITY
284,with,O
284,the,O
284,LHCf,B-DETECTOR
284,detector,O
284,span,O
284,multiple,O
284,centrality,O
284,classes,O
284,.,O
284,The,O
284,azimuthal,O
284,anisotropy,O
284,coefficients,O
284,are,O
284,extracted,O
284,using,O
284,the,O
284,two-particle,O
284,cumulant,O
284,method,O
284,.,O
284,Results,O
284,are,O
284,compared,O
284,with,O
284,viscous,O
284,hydrodynamic,O
284,calculations,O
284,.,O
285,The,O
285,ALICE,B-DETECTOR
285,detector,O
285,at,O
285,Tevatron,B-FACILITY
285,measures,O
285,pion,B-PARTICLE
285,production,O
285,cross,O
285,sections,O
285,differentially,O
285,in,O
285,rapidity,O
285,and,O
285,transverse,O
285,momentum,O
285,.,O
285,The,O
285,NOvA,B-EXPERIMENT
285,experiment,I-EXPERIMENT
285,uses,O
285,electron-positron,B-COLLISION
285,collisions,I-COLLISION
285,at,O
285,200,B-ENERGY
285,GeV,I-ENERGY
285,corresponding,O
285,to,O
285,5.4,O
285,fb-1,O
285,.,O
285,PDF-sensitive,O
285,observables,O
285,are,O
285,constructed,O
285,and,O
285,compared,O
285,with,O
285,theoretical,O
285,predictions,O
285,.,O
285,These,O
285,data,O
285,will,O
285,constrain,O
285,next-generation,O
285,parton,O
285,distribution,O
285,functions,O
285,.,O
286,The,O
286,SND@LHC,B-EXPERIMENT
286,experiment,I-EXPERIMENT
286,reports,O
286,a,O
286,measurement,O
286,of,O
286,the,O
286,positron,B-PARTICLE
286,production,O
286,cross,O
286,section,O
286,in,O
286,electron-positron,B-COLLISION
286,collisions,I-COLLISION
286,at,O
286,centre-of-mass,O
286,energies,O
286,of,O
286,14,B-ENERGY
286,TeV,I-ENERGY
286,and,O
286,5.02,B-ENERGY
286,TeV,I-ENERGY
286,.,O
286,Data,O
286,collected,O
286,with,O
286,the,O
286,D0,B-DETECTOR
286,detector,O
286,at,O
286,KEK,B-FACILITY
286,are,O
286,used,O
286,.,O
286,The,O
286,ratio,O
286,of,O
286,cross,O
286,sections,O
286,is,O
286,found,O
286,to,O
286,be,O
286,in,O
286,agreement,O
286,with,O
286,NNLO,O
286,predictions,O
286,.,O
286,Parton,O
286,distribution,O
286,function,O
286,uncertainties,O
286,are,O
286,the,O
286,dominant,O
286,systematic,O
286,.,O
287,The,O
287,KLOE-2,B-EXPERIMENT
287,experiment,I-EXPERIMENT
287,measures,O
287,the,O
287,transverse,O
287,momentum,O
287,spectrum,O
287,of,O
287,W,B-PARTICLE
287,boson,I-PARTICLE
287,in,O
287,ion-ion,B-COLLISION
287,collisions,I-COLLISION
287,at,O
287,3.5,B-ENERGY
287,TeV,I-ENERGY
287,using,O
287,the,O
287,HERA-B,B-DETECTOR
287,detector,O
287,at,O
287,CERN,B-FACILITY
287,.,O
287,A,O
287,Tsallis,O
287,distribution,O
287,provides,O
287,an,O
287,excellent,O
287,description,O
287,of,O
287,the,O
287,data,O
287,below,O
287,10,O
287,GeV/c,O
287,.,O
287,Comparisons,O
287,with,O
287,PYTHIA,O
287,and,O
287,HERWIG,O
287,event,O
287,generators,O
287,are,O
287,presented,O
287,.,O
287,The,O
287,integrated,O
287,yield,O
287,is,O
287,extracted,O
287,and,O
287,compared,O
287,with,O
287,previous,O
287,measurements,O
287,.,O
288,We,O
288,present,O
288,a,O
288,search,O
288,for,O
288,strange,B-PARTICLE
288,quark,I-PARTICLE
288,production,O
288,in,O
288,proton-proton,B-COLLISION
288,collisions,I-COLLISION
288,at,O
288,a,O
288,centre-of-mass,O
288,energy,O
288,of,O
288,14,B-ENERGY
288,TeV,I-ENERGY
288,with,O
288,the,O
288,MoEDAL,B-DETECTOR
288,detector,O
288,.,O
288,Data,O
288,were,O
288,recorded,O
288,at,O
288,SuperKEKB,B-FACILITY
288,during,O
288,Run,O
288,2,O
288,of,O
288,the,O
288,NA62,B-EXPERIMENT
288,experiment,I-EXPERIMENT
288,.,O
288,No,O
288,significant,O
288,excess,O
288,above,O
288,the,O
288,expected,O
288,background,O
288,was,O
288,observed,O
288,.,O
288,Upper,O
288,limits,O
288,on,O
288,the,O
288,production,O
288,cross,O
288,section,O
288,are,O
288,set,O
288,at,O
28800%,95%,O
288,confidence,O
288,level,O
288,.,O
289,We,O
289,present,O
289,first,O
289,evidence,O
289,for,O
289,D,B-PARTICLE
289,meson,I-PARTICLE
289,production,O
289,via,O
289,vector,O
289,boson,O
289,fusion,O
289,in,O
289,nucleus-nucleus,B-COLLISION
289,collisions,I-COLLISION
289,at,O
289,14,B-ENERGY
289,TeV,I-ENERGY
289,with,O
289,the,O
289,NOvA,B-DETECTOR
289,detector,O
289,.,O
289,The,O
289,NA62,B-EXPERIMENT
289,experiment,I-EXPERIMENT
289,at,O
289,RHIC,B-FACILITY
289,selects,O
289,events,O
289,with,O
289,two,O
289,forward,O
289,jets,O
289,and,O
289,the,O
289,dark,B-PARTICLE
289,matter,I-PARTICLE
289,decay,O
289,signature,O
289,.,O
289,A,O
289,multivariate,O
289,technique,O
289,reduces,O
289,QCD,O
289,backgrounds,O
289,significantly,O
289,.,O
289,The,O
289,observed,O
289,significance,O
289,is,O
289,3.2,O
289,standard,O
289,deviations,O
289,.,O
290,We,O
290,search,O
290,for,O
290,anomalous,O
290,couplings,O
290,of,O
290,the,O
290,gluon,B-PARTICLE
290,using,O
290,the,O
290,SND@LHC,B-EXPERIMENT
290,experiment,I-EXPERIMENT
290,at,O
290,HERA,B-FACILITY
290,.,O
290,The,O
290,LHCf,B-DETECTOR
290,detector,O
290,records,O
290,ion-ion,B-COLLISION
290,collisions,I-COLLISION
290,at,O
290,1.96,B-ENERGY
290,TeV,I-ENERGY
290,and,O
290,reconstructs,O
290,the,O
290,J/psi,B-PARTICLE
290,meson,I-PARTICLE
290,decay,O
290,topology,O
290,.,O
290,Wilson,O
290,coefficients,O
290,for,O
290,dimension-6,O
290,EFT,O
290,operators,O
290,are,O
290,constrained,O
290,from,O
290,the,O
290,data,O
290,.,O
290,The,O
290,results,O
290,represent,O
290,the,O
290,world's,O
290,most,O
290,stringent,O
290,constraints,O
290,on,O
290,several,O
290,operators,O
290,.,O
291,The,O
291,T2K,B-DETECTOR
291,detector,O
291,at,O
291,Tevatron,B-FACILITY
291,is,O
291,used,O
291,to,O
291,measure,O
291,the,O
291,inclusive,O
291,Higgs,B-PARTICLE
291,boson,I-PARTICLE
291,production,O
291,cross,O
291,section,O
291,in,O
291,ion-ion,B-COLLISION
291,collisions,I-COLLISION
291,at,O
291,10.6,B-ENERGY
291,TeV,I-ENERGY
291,.,O
291,The,O
291,T2K,B-EXPERIMENT
291,experiment,I-EXPERIMENT
291,employs,O
291,a,O
291,track-based,O
291,approach,O
291,to,O
291,reconstruct,O
291,the,O
291,signal,O
291,.,O
291,Theoretical,O
291,predictions,O
291,from,O
291,colour-glass,O
291,condensate,O
291,models,O
291,are,O
291,compared,O
291,to,O
291,data,O
291,.,O
291,Good,O
291,agreement,O
291,is,O
291,observed,O
291,at,O
291,low,O
291,transverse,O
291,momentum,O
291,.,O
292,A,O
292,measurement,O
292,of,O
292,neutralino,B-PARTICLE
292,pair,O
292,production,O
292,cross,O
292,sections,O
292,in,O
292,nucleus-nucleus,B-COLLISION
292,collisions,I-COLLISION
292,at,O
292,6.5,B-ENERGY
292,TeV,I-ENERGY
292,is,O
292,reported,O
292,.,O
292,The,O
292,analysis,O
292,uses,O
292,the,O
292,full,O
292,dataset,O
292,collected,O
292,by,O
292,the,O
292,NOvA,B-DETECTOR
292,detector,O
292,at,O
292,Large,B-FACILITY
292,Hadron,I-FACILITY
292,Collider,I-FACILITY
292,.,O
292,Results,O
292,from,O
292,the,O
292,T2K,B-EXPERIMENT
292,experiment,I-EXPERIMENT
292,are,O
292,compared,O
292,with,O
292,next-to-leading-order,O
292,QCD,O
292,calculations,O
292,.,O
292,The,O
292,measured,O
292,values,O
292,are,O
292,consistent,O
292,with,O
292,theoretical,O
292,expectations,O
292,within,O
292,uncertainties,O
292,.,O
293,The,O
293,ATLAS,B-EXPERIMENT
293,experiment,I-EXPERIMENT
293,at,O
293,RHIC,B-FACILITY
293,reports,O
293,a,O
293,search,O
293,for,O
293,bottom,B-PARTICLE
293,quark,I-PARTICLE
293,pair,O
293,production,O
293,in,O
293,pp,B-COLLISION
293,collisions,I-COLLISION
293,at,O
293,13,B-ENERGY
293,TeV,I-ENERGY
293,with,O
293,the,O
293,BaBar,B-DETECTOR
293,detector,O
293,.,O
293,Events,O
293,are,O
293,selected,O
293,with,O
293,exactly,O
293,two,O
293,oppositely,O
293,charged,O
293,leptons,O
293,and,O
293,large,O
293,missing,O
293,transverse,O
293,energy,O
293,.,O
293,A,O
293,cut-and-count,O
293,analysis,O
293,is,O
293,performed,O
293,in,O
293,several,O
293,signal,O
293,regions,O
293,.,O
293,No,O
293,significant,O
293,deviation,O
293,from,O
293,the,O
293,expected,O
293,background,O
293,is,O
293,observed,O
293,.,O
294,We,O
294,report,O
294,evidence,O
294,for,O
294,the,O
294,associated,O
294,production,O
294,of,O
294,a,O
294,stop,B-PARTICLE
294,squark,I-PARTICLE
294,with,O
294,a,O
294,muon,B-PARTICLE
294,neutrino,I-PARTICLE
294,in,O
294,proton-antiproton,B-COLLISION
294,collisions,I-COLLISION
294,at,O
294,10.6,B-ENERGY
294,TeV,I-ENERGY
294,.,O
294,The,O
294,BaBar,B-DETECTOR
294,detector,O
294,at,O
294,LHC,B-FACILITY
294,recorded,O
294,the,O
294,dataset,O
294,used,O
294,in,O
294,this,O
294,analysis,O
294,.,O
294,Signal,O
294,extraction,O
294,was,O
294,performed,O
294,using,O
294,a,O
294,binned,O
294,maximum-likelihood,O
294,fit,O
294,.,O
294,The,O
294,MoEDAL,B-EXPERIMENT
294,experiment,I-EXPERIMENT
294,result,O
294,establishes,O
294,this,O
294,process,O
294,at,O
294,4.2,O
294,standard,O
294,deviations,O
294,significance,O
294,.,O
295,Measurement,O
295,of,O
295,neutralino,B-PARTICLE
295,azimuthal,O
295,correlations,O
295,in,O
295,deep-inelastic,B-COLLISION
295,scattering,I-COLLISION
295,at,O
295,1.96,B-ENERGY
295,TeV,I-ENERGY
295,is,O
295,presented,O
295,by,O
295,the,O
295,LHCb,B-EXPERIMENT
295,experiment,I-EXPERIMENT
295,.,O
295,The,O
295,LHCb,B-DETECTOR
295,detector,O
295,at,O
295,SPS,B-FACILITY
295,provides,O
295,high-granularity,O
295,calorimetric,O
295,information,O
295,.,O
295,Two-particle,O
295,correlation,O
295,functions,O
295,are,O
295,measured,O
295,as,O
295,a,O
295,function,O
295,of,O
295,pseudorapidity,O
295,and,O
295,azimuth,O
295,.,O
295,Long-range,O
295,correlations,O
295,characteristic,O
295,of,O
295,collective,O
295,behaviour,O
295,are,O
295,observed,O
295,.,O
296,Measurements,O
296,of,O
296,top,B-PARTICLE
296,quark,I-PARTICLE
296,polarisation,O
296,in,O
296,Pb-Pb,B-COLLISION
296,collisions,I-COLLISION
296,at,O
296,1.96,B-ENERGY
296,TeV,I-ENERGY
296,are,O
296,reported,O
296,by,O
296,the,O
296,ATLAS,B-EXPERIMENT
296,experiment,I-EXPERIMENT
296,.,O
296,Data,O
296,collected,O
296,with,O
296,the,O
296,ALICE,B-DETECTOR
296,detector,O
296,at,O
296,HERA,B-FACILITY
296,correspond,O
296,to,O
296,36,O
296,fb-1,O
296,.,O
296,Angular,O
296,distributions,O
296,of,O
296,the,O
296,decay,O
296,products,O
296,are,O
296,analysed,O
296,using,O
296,a,O
296,template,O
296,fit,O
296,method,O
296,.,O
296,Results,O
296,are,O
296,consistent,O
296,with,O
296,NLO,O
296,electroweak,O
296,predictions,O
296,.,O
297,The,O
297,properties,O
297,of,O
297,the,O
297,neutrino,B-PARTICLE
297,are,O
297,studied,O
297,in,O
297,deep-inelastic,B-COLLISION
297,scattering,I-COLLISION
297,at,O
297,1.96,B-ENERGY
297,TeV,I-ENERGY
297,using,O
297,the,O
297,BaBar,B-DETECTOR
297,detector,O
297,.,O
297,The,O
297,SND@LHC,B-EXPERIMENT
297,experiment,I-EXPERIMENT
297,at,O
297,SLAC,B-FACILITY
297,National,I-FACILITY
297,Accelerator,I-FACILITY
297,Laboratory,I-FACILITY
297,collected,O
297,a,O
297,sample,O
297,of,O
297,10^8,O
297,signal,O
297,candidates,O
297,.,O
297,Mass,O
297,",",O
297,width,O
297,",",O
297,and,O
297,coupling,O
297,measurements,O
297,are,O
297,performed,O
297,with,O
297,unprecedented,O
297,precision,O
297,.,O
297,These,O
297,results,O
297,constrain,O
297,several,O
297,beyond-Standard-Model,O
297,scenarios,O
297,.,O
298,The,O
298,neutrino,B-PARTICLE
298,was,O
298,observed,O
298,in,O
298,nucleus-nucleus,B-COLLISION
298,collisions,I-COLLISION
298,at,O
298,200,B-ENERGY
298,GeV,I-ENERGY
298,using,O
298,the,O
298,LHCf,B-DETECTOR
298,detector,O
298,at,O
298,SPS,B-FACILITY
298,.,O
298,The,O
298,FASER,B-EXPERIMENT
298,experiment,I-EXPERIMENT
298,collected,O
298,data,O
298,corresponding,O
298,to,O
298,an,O
298,integrated,O
298,luminosity,O
298,of,O
298,137,O
298,fb-1,O
298,.,O
298,Signal,O
298,events,O
298,were,O
298,reconstructed,O
298,using,O
298,a,O
298,multivariate,O
298,analysis,O
298,technique,O
298,.,O
298,The,O
298,measured,O
298,cross,O
298,section,O
298,is,O
298,in,O
298,good,O
298,agreement,O
298,with,O
298,Standard,O
298,Model,O
298,predictions,O
298,.,O
299,This,O
299,paper,O
299,describes,O
299,the,O
299,performance,O
299,of,O
299,the,O
299,BaBar,B-DETECTOR
299,detector,O
299,during,O
299,Xe-Xe,B-COLLISION
299,collisions,I-COLLISION
299,data-taking,O
299,at,O
299,13.6,B-ENERGY
299,TeV,I-ENERGY
299,at,O
299,Brookhaven,B-FACILITY
299,National,I-FACILITY
299,Laboratory,I-FACILITY
299,.,O
299,Reconstruction,O
299,efficiencies,O
299,for,O
299,Higgs,B-PARTICLE
299,boson,I-PARTICLE
299,tracks,O
299,were,O
299,evaluated,O
299,using,O
299,tag-and-probe,O
299,methods,O
299,.,O
299,The,O
299,TOTEM,B-EXPERIMENT
299,experiment,I-EXPERIMENT
299,achieved,O
299,a,O
299,signal-to-background,O
299,ratio,O
299,exceeding,O
299,50:1,O
299,in,O
299,the,O
299,signal,O
299,region,O
299,.,O
299,Systematic,O
299,uncertainties,O
299,are,O
299,dominated,O
299,by,O
299,jet,O
299,energy,O
299,scale,O
299,calibration,O
299,.,O
300,A,O
300,comprehensive,O
300,study,O
300,of,O
300,multiparton,O
300,interactions,O
300,in,O
300,Xe-Xe,B-COLLISION
300,collisions,I-COLLISION
300,at,O
300,13.6,B-ENERGY
300,TeV,I-ENERGY
300,is,O
300,performed,O
300,with,O
300,the,O
300,CMS,B-DETECTOR
300,detector,O
300,at,O
300,SLAC,B-FACILITY
300,National,I-FACILITY
300,Accelerator,I-FACILITY
300,Laboratory,I-FACILITY
300,.,O
300,The,O
300,NA62,B-EXPERIMENT
300,experiment,I-EXPERIMENT
300,measures,O
300,underlying,O
300,event,O
300,activity,O
300,in,O
300,events,O
300,containing,O
300,a,O
300,D,B-PARTICLE
300,meson,I-PARTICLE
300,.,O
300,Tuned,O
300,Monte,O
300,Carlo,O
300,models,O
300,are,O
300,compared,O
300,with,O
300,data,O
300,across,O
300,multiple,O
300,observables,O
300,.,O
300,Activity,O
300,in,O
300,the,O
300,transverse,O
300,region,O
300,is,O
300,particularly,O
300,sensitive,O
300,to,O
300,MPI,O
300,.,O
301,A,O
301,search,O
301,for,O
301,long-lived,O
301,Upsilon,B-PARTICLE
301,meson,I-PARTICLE
301,decaying,O
301,inside,O
301,the,O
301,BaBar,B-DETECTOR
301,detector,O
301,volume,O
301,is,O
301,conducted,O
301,at,O
301,RHIC,B-FACILITY
301,.,O
301,The,O
301,LHCf,B-EXPERIMENT
301,experiment,I-EXPERIMENT
301,targets,O
301,electron-positron,B-COLLISION
301,collisions,I-COLLISION
301,at,O
301,6.5,B-ENERGY
301,TeV,I-ENERGY
301,and,O
301,requires,O
301,displaced,O
301,vertex,O
301,signatures,O
301,.,O
301,No,O
301,excess,O
301,is,O
301,observed,O
301,over,O
301,the,O
301,Standard,O
301,Model,O
301,background,O
301,.,O
301,Model-independent,O
301,limits,O
301,are,O
301,placed,O
301,on,O
301,the,O
301,production,O
301,cross,O
301,section,O
301,times,O
301,branching,O
301,fraction,O
301,.,O
302,A,O
302,precise,O
302,measurement,O
302,of,O
302,tau,B-PARTICLE
302,lepton,I-PARTICLE
302,decay,O
302,branching,O
302,fractions,O
302,is,O
302,performed,O
302,by,O
302,the,O
302,FASER,B-EXPERIMENT
302,experiment,I-EXPERIMENT
302,using,O
302,SND@LHC,B-DETECTOR
302,data,O
302,at,O
302,DESY,B-FACILITY
302,.,O
302,The,O
302,analysis,O
302,uses,O
302,p-Pb,B-COLLISION
302,collisions,I-COLLISION
302,at,O
302,200,B-ENERGY
302,GeV,I-ENERGY
302,and,O
302,employs,O
302,a,O
302,full,O
302,amplitude,O
302,analysis,O
302,.,O
302,Results,O
302,improve,O
302,upon,O
302,previous,O
302,measurements,O
302,by,O
302,a,O
302,factor,O
302,of,O
302,three,O
302,.,O
302,No,O
302,evidence,O
302,for,O
302,CP,O
302,violation,O
302,is,O
302,observed,O
302,.,O
303,This,O
303,Letter,O
303,reports,O
303,the,O
303,observation,O
303,of,O
303,Z,B-PARTICLE
303,boson,I-PARTICLE
303,production,O
303,in,O
303,association,O
303,with,O
303,electroweak,O
303,bosons,O
303,in,O
303,Au-Au,B-COLLISION
303,collisions,I-COLLISION
303,at,O
303,2.76,B-ENERGY
303,TeV,I-ENERGY
303,.,O
303,The,O
303,Belle,B-DETECTOR
303,II,I-DETECTOR
303,detector,O
303,at,O
303,Brookhaven,B-FACILITY
303,National,I-FACILITY
303,Laboratory,I-FACILITY
303,is,O
303,used,O
303,in,O
303,the,O
303,KLOE-2,B-EXPERIMENT
303,experiment,I-EXPERIMENT
303,analysis,O
303,.,O
303,A,O
303,multivariate,O
303,discriminant,O
303,separates,O
303,signal,O
303,from,O
303,the,O
303,dominant,O
303,charm,B-PARTICLE
303,quark,I-PARTICLE
303,background,O
303,.,O
303,The,O
303,signal,O
303,strength,O
303,is,O
303,measured,O
303,with,O
303,a,O
303,relative,O
303,uncertainty,O
303,of,O
30300%,12%,O
303,.,O
304,The,O
304,MoEDAL,B-EXPERIMENT
304,experiment,I-EXPERIMENT
304,at,O
304,HERA,B-FACILITY
304,presents,O
304,a,O
304,measurement,O
304,of,O
304,kaon,B-PARTICLE
304,forward-backward,O
304,asymmetry,O
304,in,O
304,nucleus-nucleus,B-COLLISION
304,collisions,I-COLLISION
304,at,O
304,2.76,B-ENERGY
304,TeV,I-ENERGY
304,.,O
304,The,O
304,CDF,B-DETECTOR
304,detector,O
304,provides,O
304,excellent,O
304,lepton,O
304,reconstruction,O
304,efficiency,O
304,.,O
304,Results,O
304,are,O
304,compared,O
304,with,O
304,NNLO,O
304,QCD,O
304,plus,O
304,NLO,O
304,EW,O
304,calculations,O
304,.,O
304,Deviations,O
304,from,O
304,Standard,O
304,Model,O
304,predictions,O
304,are,O
304,below,O
304,1.5,O
304,sigma,O
304,.,O
305,We,O
305,report,O
305,a,O
305,new,O
305,measurement,O
305,of,O
305,the,O
305,Xi,B-PARTICLE
305,baryon,I-PARTICLE
305,mass,O
305,using,O
305,the,O
305,Belle,B-DETECTOR
305,II,I-DETECTOR
305,detector,O
305,at,O
305,RHIC,B-FACILITY
305,.,O
305,The,O
305,CDF,B-EXPERIMENT
305,experiment,I-EXPERIMENT
305,analyses,O
305,Au-Au,B-COLLISION
305,collisions,I-COLLISION
305,data,O
305,at,O
305,0.9,B-ENERGY
305,TeV,I-ENERGY
305,in,O
305,the,O
305,dilepton,O
305,decay,O
305,channel,O
305,.,O
305,A,O
305,template,O
305,fit,O
305,to,O
305,the,O
305,invariant,O
305,mass,O
305,distribution,O
305,yields,O
305,a,O
305,precision,O
305,of,O
30500.00%,0.20%,O
305,.,O
305,This,O
305,represents,O
305,the,O
305,most,O
305,precise,O
305,single-experiment,O
305,measurement,O
305,to,O
305,date,O
305,.,O
306,The,O
306,T2K,B-EXPERIMENT
306,experiment,I-EXPERIMENT
306,presents,O
306,a,O
306,search,O
306,for,O
306,pair-produced,O
306,Xi,B-PARTICLE
306,baryon,I-PARTICLE
306,in,O
306,pp,B-COLLISION
306,collisions,I-COLLISION
306,at,O
306,13,B-ENERGY
306,TeV,I-ENERGY
306,with,O
306,the,O
306,LHCf,B-DETECTOR
306,detector,O
306,at,O
306,KEK,B-FACILITY
306,.,O
306,Candidate,O
306,events,O
306,require,O
306,at,O
306,least,O
306,four,O
306,jets,O
306,and,O
306,large,O
306,missing,O
306,transverse,O
306,energy,O
306,.,O
306,The,O
306,observed,O
306,yield,O
306,is,O
306,consistent,O
306,with,O
306,the,O
306,Standard,O
306,Model,O
306,background,O
306,estimate,O
306,.,O
306,Exclusion,O
306,limits,O
306,are,O
306,derived,O
306,in,O
306,the,O
306,context,O
306,of,O
306,simplified,O
306,supersymmetric,O
306,models,O
306,.,O
307,A,O
307,differential,O
307,cross-section,O
307,measurement,O
307,of,O
307,chargino,B-PARTICLE
307,production,O
307,in,O
307,nucleus-nucleus,B-COLLISION
307,collisions,I-COLLISION
307,at,O
307,7,B-ENERGY
307,TeV,I-ENERGY
307,is,O
307,presented,O
307,using,O
307,the,O
307,SND@LHC,B-DETECTOR
307,detector,O
307,.,O
307,The,O
307,analysis,O
307,exploits,O
307,p-Pb,B-COLLISION
307,collisions,I-COLLISION
307,data,O
307,collected,O
307,at,O
307,RHIC,B-FACILITY
307,during,O
307,the,O
307,LHC,B-FACILITY
307,Run,O
307,2,O
307,period,O
307,.,O
307,The,O
307,Belle,B-EXPERIMENT
307,II,I-EXPERIMENT
307,experiment,I-EXPERIMENT
307,results,O
307,are,O
307,unfolded,O
307,to,O
307,the,O
307,particle,O
307,level,O
307,and,O
307,compared,O
307,to,O
307,Monte,O
307,Carlo,O
307,generators,O
307,.,O
307,NLO+PS,O
307,predictions,O
307,describe,O
307,the,O
307,data,O
307,well,O
307,.,O
308,We,O
308,study,O
308,the,O
308,suppression,O
308,of,O
308,D,B-PARTICLE
308,meson,I-PARTICLE
308,yields,O
308,in,O
308,deep-inelastic,B-COLLISION
308,scattering,I-COLLISION
308,at,O
308,6.5,B-ENERGY
308,TeV,I-ENERGY
308,relative,O
308,to,O
308,p-Pb,B-COLLISION
308,collisions,I-COLLISION
308,using,O
308,the,O
308,Belle,B-DETECTOR
308,II,I-DETECTOR
308,detector,O
308,.,O
308,Data,O
308,from,O
308,the,O
308,NOvA,B-EXPERIMENT
308,experiment,I-EXPERIMENT
308,at,O
308,SLAC,B-FACILITY
308,National,I-FACILITY
308,Accelerator,I-FACILITY
308,Laboratory,I-FACILITY
308,are,O
308,compared,O
308,to,O
308,perturbative,O
308,QCD,O
308,calculations,O
308,including,O
308,nuclear,O
308,effects,O
308,.,O
308,A,O
308,strong,O
308,suppression,O
308,is,O
308,observed,O
308,at,O
308,high,O
308,transverse,O
308,momenta,O
308,.,O
308,Results,O
308,are,O
308,consistent,O
308,with,O
308,parton,O
308,energy,O
308,loss,O
308,in,O
308,a,O
308,deconfined,O
308,medium,O
308,.,O
309,Elliptic,O
309,flow,O
309,measurements,O
309,of,O
309,chargino,B-PARTICLE
309,in,O
309,electron-positron,B-COLLISION
309,collisions,I-COLLISION
309,at,O
309,14,B-ENERGY
309,TeV,I-ENERGY
309,are,O
309,reported,O
309,by,O
309,the,O
309,LHCb,B-EXPERIMENT
309,experiment,I-EXPERIMENT
309,.,O
309,Data,O
309,collected,O
309,at,O
309,Jefferson,B-FACILITY
309,Laboratory,I-FACILITY
309,with,O
309,the,O
309,CMS,B-DETECTOR
309,detector,O
309,span,O
309,multiple,O
309,centrality,O
309,classes,O
309,.,O
309,The,O
309,azimuthal,O
309,anisotropy,O
309,coefficients,O
309,are,O
309,extracted,O
309,using,O
309,the,O
309,two-particle,O
309,cumulant,O
309,method,O
309,.,O
309,Results,O
309,are,O
309,compared,O
309,with,O
309,viscous,O
309,hydrodynamic,O
309,calculations,O
309,.,O
310,The,O
310,MicroBooNE,B-DETECTOR
310,detector,O
310,at,O
310,HERA,B-FACILITY
310,measures,O
310,top,B-PARTICLE
310,quark,I-PARTICLE
310,production,O
310,cross,O
310,sections,O
310,differentially,O
310,in,O
310,rapidity,O
310,and,O
310,transverse,O
310,momentum,O
310,.,O
310,The,O
310,NOvA,B-EXPERIMENT
310,experiment,I-EXPERIMENT
310,uses,O
310,heavy-ion,B-COLLISION
310,collisions,I-COLLISION
310,at,O
310,100,B-ENERGY
310,TeV,I-ENERGY
310,corresponding,O
310,to,O
310,5.4,O
310,fb-1,O
310,.,O
310,PDF-sensitive,O
310,observables,O
310,are,O
310,constructed,O
310,and,O
310,compared,O
310,with,O
310,theoretical,O
310,predictions,O
310,.,O
310,These,O
310,data,O
310,will,O
310,constrain,O
310,next-generation,O
310,parton,O
310,distribution,O
310,functions,O
310,.,O
311,The,O
311,D0,B-EXPERIMENT
311,experiment,I-EXPERIMENT
311,reports,O
311,a,O
311,measurement,O
311,of,O
311,the,O
311,pion,B-PARTICLE
311,production,O
311,cross,O
311,section,O
311,in,O
311,p-Pb,B-COLLISION
311,collisions,I-COLLISION
311,at,O
311,centre-of-mass,O
311,energies,O
311,of,O
311,13,B-ENERGY
311,TeV,I-ENERGY
311,and,O
311,900,B-ENERGY
311,GeV,I-ENERGY
311,.,O
311,Data,O
311,collected,O
311,with,O
311,the,O
311,LHCb,B-DETECTOR
311,detector,O
311,at,O
311,KEK,B-FACILITY
311,are,O
311,used,O
311,.,O
311,The,O
311,ratio,O
311,of,O
311,cross,O
311,sections,O
311,is,O
311,found,O
311,to,O
311,be,O
311,in,O
311,agreement,O
311,with,O
311,NNLO,O
311,predictions,O
311,.,O
311,Parton,O
311,distribution,O
311,function,O
311,uncertainties,O
311,are,O
311,the,O
311,dominant,O
311,systematic,O
311,.,O
312,The,O
312,BaBar,B-EXPERIMENT
312,experiment,I-EXPERIMENT
312,measures,O
312,the,O
312,transverse,O
312,momentum,O
312,spectrum,O
312,of,O
312,Lambda,B-PARTICLE
312,baryon,I-PARTICLE
312,in,O
312,ion-ion,B-COLLISION
312,collisions,I-COLLISION
312,at,O
312,14,B-ENERGY
312,TeV,I-ENERGY
312,using,O
312,the,O
312,D0,B-DETECTOR
312,detector,O
312,at,O
312,LEP,B-FACILITY
312,.,O
312,A,O
312,Tsallis,O
312,distribution,O
312,provides,O
312,an,O
312,excellent,O
312,description,O
312,of,O
312,the,O
312,data,O
312,below,O
312,10,O
312,GeV/c,O
312,.,O
312,Comparisons,O
312,with,O
312,PYTHIA,O
312,and,O
312,HERWIG,O
312,event,O
312,generators,O
312,are,O
312,presented,O
312,.,O
312,The,O
312,integrated,O
312,yield,O
312,is,O
312,extracted,O
312,and,O
312,compared,O
312,with,O
312,previous,O
312,measurements,O
312,.,O
313,We,O
313,present,O
313,a,O
313,search,O
313,for,O
313,electron,B-PARTICLE
313,neutrino,I-PARTICLE
313,production,O
313,in,O
313,ion-ion,B-COLLISION
313,collisions,I-COLLISION
313,at,O
313,a,O
313,centre-of-mass,O
313,energy,O
313,of,O
313,8,B-ENERGY
313,TeV,I-ENERGY
313,with,O
313,the,O
313,MoEDAL,B-DETECTOR
313,detector,O
313,.,O
313,Data,O
313,were,O
313,recorded,O
313,at,O
313,RHIC,B-FACILITY
313,during,O
313,Run,O
313,2,O
313,of,O
313,the,O
313,NOvA,B-EXPERIMENT
313,experiment,I-EXPERIMENT
313,.,O
313,No,O
313,significant,O
313,excess,O
313,above,O
313,the,O
313,expected,O
313,background,O
313,was,O
313,observed,O
313,.,O
313,Upper,O
313,limits,O
313,on,O
313,the,O
313,production,O
313,cross,O
313,section,O
313,are,O
313,set,O
313,at,O
31300%,95%,O
313,confidence,O
313,level,O
313,.,O
314,We,O
314,present,O
314,first,O
314,evidence,O
314,for,O
314,kaon,B-PARTICLE
314,production,O
314,via,O
314,vector,O
314,boson,O
314,fusion,O
314,in,O
314,ion-ion,B-COLLISION
314,collisions,I-COLLISION
314,at,O
314,8,B-ENERGY
314,TeV,I-ENERGY
314,with,O
314,the,O
314,ALICE,B-DETECTOR
314,detector,O
314,.,O
314,The,O
314,MoEDAL,B-EXPERIMENT
314,experiment,I-EXPERIMENT
314,at,O
314,Fermilab,B-FACILITY
314,selects,O
314,events,O
314,with,O
314,two,O
314,forward,O
314,jets,O
314,and,O
314,the,O
314,gluon,B-PARTICLE
314,decay,O
314,signature,O
314,.,O
314,A,O
314,multivariate,O
314,technique,O
314,reduces,O
314,QCD,O
314,backgrounds,O
314,significantly,O
314,.,O
314,The,O
314,observed,O
314,significance,O
314,is,O
314,3.2,O
314,standard,O
314,deviations,O
314,.,O
315,We,O
315,search,O
315,for,O
315,anomalous,O
315,couplings,O
315,of,O
315,the,O
315,strange,B-PARTICLE
315,quark,I-PARTICLE
315,using,O
315,the,O
315,TOTEM,B-EXPERIMENT
315,experiment,I-EXPERIMENT
315,at,O
315,LEP,B-FACILITY
315,.,O
315,The,O
315,BaBar,B-DETECTOR
315,detector,O
315,records,O
315,proton-antiproton,B-COLLISION
315,collisions,I-COLLISION
315,at,O
315,5.02,B-ENERGY
315,TeV,I-ENERGY
315,and,O
315,reconstructs,O
315,the,O
315,bottom,B-PARTICLE
315,quark,I-PARTICLE
315,decay,O
315,topology,O
315,.,O
315,Wilson,O
315,coefficients,O
315,for,O
315,dimension-6,O
315,EFT,O
315,operators,O
315,are,O
315,constrained,O
315,from,O
315,the,O
315,data,O
315,.,O
315,The,O
315,results,O
315,represent,O
315,the,O
315,world's,O
315,most,O
315,stringent,O
315,constraints,O
315,on,O
315,several,O
315,operators,O
315,.,O
316,The,O
316,COMPASS,B-DETECTOR
316,detector,O
316,at,O
316,HERA,B-FACILITY
316,is,O
316,used,O
316,to,O
316,measure,O
316,the,O
316,inclusive,O
316,positron,B-PARTICLE
316,production,O
316,cross,O
316,section,O
316,in,O
316,pp,B-COLLISION
316,collisions,I-COLLISION
316,at,O
316,900,B-ENERGY
316,GeV,I-ENERGY
316,.,O
316,The,O
316,LHCb,B-EXPERIMENT
316,experiment,I-EXPERIMENT
316,employs,O
316,a,O
316,track-based,O
316,approach,O
316,to,O
316,reconstruct,O
316,the,O
316,signal,O
316,.,O
316,Theoretical,O
316,predictions,O
316,from,O
316,colour-glass,O
316,condensate,O
316,models,O
316,are,O
316,compared,O
316,to,O
316,data,O
316,.,O
316,Good,O
316,agreement,O
316,is,O
316,observed,O
316,at,O
316,low,O
316,transverse,O
316,momentum,O
316,.,O
317,A,O
317,measurement,O
317,of,O
317,Xi,B-PARTICLE
317,baryon,I-PARTICLE
317,pair,O
317,production,O
317,cross,O
317,sections,O
317,in,O
317,pp,B-COLLISION
317,collisions,I-COLLISION
317,at,O
317,5.02,B-ENERGY
317,TeV,I-ENERGY
317,is,O
317,reported,O
317,.,O
317,The,O
317,analysis,O
317,uses,O
317,the,O
317,full,O
317,dataset,O
317,collected,O
317,by,O
317,the,O
317,ALICE,B-DETECTOR
317,detector,O
317,at,O
317,Jefferson,B-FACILITY
317,Laboratory,I-FACILITY
317,.,O
317,Results,O
317,from,O
317,the,O
317,BaBar,B-EXPERIMENT
317,experiment,I-EXPERIMENT
317,are,O
317,compared,O
317,with,O
317,next-to-leading-order,O
317,QCD,O
317,calculations,O
317,.,O
317,The,O
317,measured,O
317,values,O
317,are,O
317,consistent,O
317,with,O
317,theoretical,O
317,expectations,O
317,within,O
317,uncertainties,O
317,.,O
318,The,O
318,COMPASS,B-EXPERIMENT
318,experiment,I-EXPERIMENT
318,at,O
318,CERN,B-FACILITY
318,reports,O
318,a,O
318,search,O
318,for,O
318,Omega,B-PARTICLE
318,baryon,I-PARTICLE
318,pair,O
318,production,O
318,in,O
318,Au-Au,B-COLLISION
318,collisions,I-COLLISION
318,at,O
318,8,B-ENERGY
318,TeV,I-ENERGY
318,with,O
318,the,O
318,CMS,B-DETECTOR
318,detector,O
318,.,O
318,Events,O
318,are,O
318,selected,O
318,with,O
318,exactly,O
318,two,O
318,oppositely,O
318,charged,O
318,leptons,O
318,and,O
318,large,O
318,missing,O
318,transverse,O
318,energy,O
318,.,O
318,A,O
318,cut-and-count,O
318,analysis,O
318,is,O
318,performed,O
318,in,O
318,several,O
318,signal,O
318,regions,O
318,.,O
318,No,O
318,significant,O
318,deviation,O
318,from,O
318,the,O
318,expected,O
318,background,O
318,is,O
318,observed,O
318,.,O
319,We,O
319,report,O
319,evidence,O
319,for,O
319,the,O
319,associated,O
319,production,O
319,of,O
319,a,O
319,kaon,B-PARTICLE
319,with,O
319,a,O
319,proton,B-PARTICLE
319,in,O
319,deep-inelastic,B-COLLISION
319,scattering,I-COLLISION
319,at,O
319,100,B-ENERGY
319,TeV,I-ENERGY
319,.,O
319,The,O
319,BaBar,B-DETECTOR
319,detector,O
319,at,O
319,HERA,B-FACILITY
319,recorded,O
319,the,O
319,dataset,O
319,used,O
319,in,O
319,this,O
319,analysis,O
319,.,O
319,Signal,O
319,extraction,O
319,was,O
319,performed,O
319,using,O
319,a,O
319,binned,O
319,maximum-likelihood,O
319,fit,O
319,.,O
319,The,O
319,NOvA,B-EXPERIMENT
319,experiment,I-EXPERIMENT
319,result,O
319,establishes,O
319,this,O
319,process,O
319,at,O
319,4.2,O
319,standard,O
319,deviations,O
319,significance,O
319,.,O
320,Measurement,O
320,of,O
320,gluon,B-PARTICLE
320,azimuthal,O
320,correlations,O
320,in,O
320,heavy-ion,B-COLLISION
320,collisions,I-COLLISION
320,at,O
320,14,B-ENERGY
320,TeV,I-ENERGY
320,is,O
320,presented,O
320,by,O
320,the,O
320,LHCb,B-EXPERIMENT
320,experiment,I-EXPERIMENT
320,.,O
320,The,O
320,FASER,B-DETECTOR
320,detector,O
320,at,O
320,Large,B-FACILITY
320,Hadron,I-FACILITY
320,Collider,I-FACILITY
320,provides,O
320,high-granularity,O
320,calorimetric,O
320,information,O
320,.,O
320,Two-particle,O
320,correlation,O
320,functions,O
320,are,O
320,measured,O
320,as,O
320,a,O
320,function,O
320,of,O
320,pseudorapidity,O
320,and,O
320,azimuth,O
320,.,O
320,Long-range,O
320,correlations,O
320,characteristic,O
320,of,O
320,collective,O
320,behaviour,O
320,are,O
320,observed,O
320,.,O
321,Measurements,O
321,of,O
321,muon,B-PARTICLE
321,polarisation,O
321,in,O
321,Pb-Pb,B-COLLISION
321,collisions,I-COLLISION
321,at,O
321,7,B-ENERGY
321,TeV,I-ENERGY
321,are,O
321,reported,O
321,by,O
321,the,O
321,BaBar,B-EXPERIMENT
321,experiment,I-EXPERIMENT
321,.,O
321,Data,O
321,collected,O
321,with,O
321,the,O
321,MoEDAL,B-DETECTOR
321,detector,O
321,at,O
321,Fermilab,B-FACILITY
321,correspond,O
321,to,O
321,36,O
321,fb-1,O
321,.,O
321,Angular,O
321,distributions,O
321,of,O
321,the,O
321,decay,O
321,products,O
321,are,O
321,analysed,O
321,using,O
321,a,O
321,template,O
321,fit,O
321,method,O
321,.,O
321,Results,O
321,are,O
321,consistent,O
321,with,O
321,NLO,O
321,electroweak,O
321,predictions,O
321,.,O
322,The,O
322,properties,O
322,of,O
322,the,O
322,Omega,B-PARTICLE
322,baryon,I-PARTICLE
322,are,O
322,studied,O
322,in,O
322,p-Pb,B-COLLISION
322,collisions,I-COLLISION
322,at,O
322,900,B-ENERGY
322,GeV,I-ENERGY
322,using,O
322,the,O
322,ATLAS,B-DETECTOR
322,detector,O
322,.,O
322,The,O
322,CDF,B-EXPERIMENT
322,experiment,I-EXPERIMENT
322,at,O
322,Large,B-FACILITY
322,Hadron,I-FACILITY
322,Collider,I-FACILITY
322,collected,O
322,a,O
322,sample,O
322,of,O
322,10^8,O
322,signal,O
322,candidates,O
322,.,O
322,Mass,O
322,",",O
322,width,O
322,",",O
322,and,O
322,coupling,O
322,measurements,O
322,are,O
322,performed,O
322,with,O
322,unprecedented,O
322,precision,O
322,.,O
322,These,O
322,results,O
322,constrain,O
322,several,O
322,beyond-Standard-Model,O
322,scenarios,O
322,.,O
323,The,O
323,Higgs,B-PARTICLE
323,boson,I-PARTICLE
323,was,O
323,observed,O
323,in,O
323,heavy-ion,B-COLLISION
323,collisions,I-COLLISION
323,at,O
323,6.5,B-ENERGY
323,TeV,I-ENERGY
323,using,O
323,the,O
323,TOTEM,B-DETECTOR
323,detector,O
323,at,O
323,DESY,B-FACILITY
323,.,O
323,The,O
323,MicroBooNE,B-EXPERIMENT
323,experiment,I-EXPERIMENT
323,collected,O
323,data,O
323,corresponding,O
323,to,O
323,an,O
323,integrated,O
323,luminosity,O
323,of,O
323,137,O
323,fb-1,O
323,.,O
323,Signal,O
323,events,O
323,were,O
323,reconstructed,O
323,using,O
323,a,O
323,multivariate,O
323,analysis,O
323,technique,O
323,.,O
323,The,O
323,measured,O
323,cross,O
323,section,O
323,is,O
323,in,O
323,good,O
323,agreement,O
323,with,O
323,Standard,O
323,Model,O
323,predictions,O
323,.,O
324,This,O
324,paper,O
324,describes,O
324,the,O
324,performance,O
324,of,O
324,the,O
324,SND@LHC,B-DETECTOR
324,detector,O
324,during,O
324,Pb-Pb,B-COLLISION
324,collisions,I-COLLISION
324,data-taking,O
324,at,O
324,10.6,B-ENERGY
324,TeV,I-ENERGY
324,at,O
324,SPS,B-FACILITY
324,.,O
324,Reconstruction,O
324,efficiencies,O
324,for,O
324,neutrino,B-PARTICLE
324,tracks,O
324,were,O
324,evaluated,O
324,using,O
324,tag-and-probe,O
324,methods,O
324,.,O
324,The,O
324,COMPASS,B-EXPERIMENT
324,experiment,I-EXPERIMENT
324,achieved,O
324,a,O
324,signal-to-background,O
324,ratio,O
324,exceeding,O
324,50:1,O
324,in,O
324,the,O
324,signal,O
324,region,O
324,.,O
324,Systematic,O
324,uncertainties,O
324,are,O
324,dominated,O
324,by,O
324,jet,O
324,energy,O
324,scale,O
324,calibration,O
324,.,O
325,A,O
325,comprehensive,O
325,study,O
325,of,O
325,multiparton,O
325,interactions,O
325,in,O
325,electron-positron,B-COLLISION
325,collisions,I-COLLISION
325,at,O
325,10.6,B-ENERGY
325,TeV,I-ENERGY
325,is,O
325,performed,O
325,with,O
325,the,O
325,HERA-B,B-DETECTOR
325,detector,O
325,at,O
325,KEK,B-FACILITY
325,.,O
325,The,O
325,ATLAS,B-EXPERIMENT
325,experiment,I-EXPERIMENT
325,measures,O
325,underlying,O
325,event,O
325,activity,O
325,in,O
325,events,O
325,containing,O
325,a,O
325,W,B-PARTICLE
325,boson,I-PARTICLE
325,.,O
325,Tuned,O
325,Monte,O
325,Carlo,O
325,models,O
325,are,O
325,compared,O
325,with,O
325,data,O
325,across,O
325,multiple,O
325,observables,O
325,.,O
325,Activity,O
325,in,O
325,the,O
325,transverse,O
325,region,O
325,is,O
325,particularly,O
325,sensitive,O
325,to,O
325,MPI,O
325,.,O
326,A,O
326,search,O
326,for,O
326,long-lived,O
326,strange,B-PARTICLE
326,quark,I-PARTICLE
326,decaying,O
326,inside,O
326,the,O
326,Belle,B-DETECTOR
326,II,I-DETECTOR
326,detector,O
326,volume,O
326,is,O
326,conducted,O
326,at,O
326,LHC,B-FACILITY
326,.,O
326,The,O
326,TOTEM,B-EXPERIMENT
326,experiment,I-EXPERIMENT
326,targets,O
326,electron-positron,B-COLLISION
326,collisions,I-COLLISION
326,at,O
326,14,B-ENERGY
326,TeV,I-ENERGY
326,and,O
326,requires,O
326,displaced,O
326,vertex,O
326,signatures,O
326,.,O
326,No,O
326,excess,O
326,is,O
326,observed,O
326,over,O
326,the,O
326,Standard,O
326,Model,O
326,background,O
326,.,O
326,Model-independent,O
326,limits,O
326,are,O
326,placed,O
326,on,O
326,the,O
326,production,O
326,cross,O
326,section,O
326,times,O
326,branching,O
326,fraction,O
326,.,O
327,A,O
327,precise,O
327,measurement,O
327,of,O
327,antiproton,B-PARTICLE
327,decay,O
327,branching,O
327,fractions,O
327,is,O
327,performed,O
327,by,O
327,the,O
327,LHCb,B-EXPERIMENT
327,experiment,I-EXPERIMENT
327,using,O
327,KLOE-2,B-DETECTOR
327,data,O
327,at,O
327,Brookhaven,B-FACILITY
327,National,I-FACILITY
327,Laboratory,I-FACILITY
327,.,O
327,The,O
327,analysis,O
327,uses,O
327,p-Pb,B-COLLISION
327,collisions,I-COLLISION
327,at,O
327,200,B-ENERGY
327,GeV,I-ENERGY
327,and,O
327,employs,O
327,a,O
327,full,O
327,amplitude,O
327,analysis,O
327,.,O
327,Results,O
327,improve,O
327,upon,O
327,previous,O
327,measurements,O
327,by,O
327,a,O
327,factor,O
327,of,O
327,three,O
327,.,O
327,No,O
327,evidence,O
327,for,O
327,CP,O
327,violation,O
327,is,O
327,observed,O
327,.,O
328,This,O
328,Letter,O
328,reports,O
328,the,O
328,observation,O
328,of,O
328,tau,B-PARTICLE
328,neutrino,I-PARTICLE
328,production,O
328,in,O
328,association,O
328,with,O
328,electroweak,O
328,bosons,O
328,in,O
328,pp,B-COLLISION
328,collisions,I-COLLISION
328,at,O
328,100,B-ENERGY
328,TeV,I-ENERGY
328,.,O
328,The,O
328,KLOE-2,B-DETECTOR
328,detector,O
328,at,O
328,Brookhaven,B-FACILITY
328,National,I-FACILITY
328,Laboratory,I-FACILITY
328,is,O
328,used,O
328,in,O
328,the,O
328,KLOE-2,B-EXPERIMENT
328,experiment,I-EXPERIMENT
328,analysis,O
328,.,O
328,A,O
328,multivariate,O
328,discriminant,O
328,separates,O
328,signal,O
328,from,O
328,the,O
328,dominant,O
328,proton,B-PARTICLE
328,background,O
328,.,O
328,The,O
328,signal,O
328,strength,O
328,is,O
328,measured,O
328,with,O
328,a,O
328,relative,O
328,uncertainty,O
328,of,O
32800%,12%,O
328,.,O
329,The,O
329,BaBar,B-EXPERIMENT
329,experiment,I-EXPERIMENT
329,at,O
329,HERA,B-FACILITY
329,presents,O
329,a,O
329,measurement,O
329,of,O
329,pion,B-PARTICLE
329,forward-backward,O
329,asymmetry,O
329,in,O
329,pp,B-COLLISION
329,collisions,I-COLLISION
329,at,O
329,2.76,B-ENERGY
329,TeV,I-ENERGY
329,.,O
329,The,O
329,COMPASS,B-DETECTOR
329,detector,O
329,provides,O
329,excellent,O
329,lepton,O
329,reconstruction,O
329,efficiency,O
329,.,O
329,Results,O
329,are,O
329,compared,O
329,with,O
329,NNLO,O
329,QCD,O
329,plus,O
329,NLO,O
329,EW,O
329,calculations,O
329,.,O
329,Deviations,O
329,from,O
329,Standard,O
329,Model,O
329,predictions,O
329,are,O
329,below,O
329,1.5,O
329,sigma,O
329,.,O
330,We,O
330,report,O
330,a,O
330,new,O
330,measurement,O
330,of,O
330,the,O
330,chargino,B-PARTICLE
330,mass,O
330,using,O
330,the,O
330,NA62,B-DETECTOR
330,detector,O
330,at,O
330,Tevatron,B-FACILITY
330,.,O
330,The,O
330,LHCf,B-EXPERIMENT
330,experiment,I-EXPERIMENT
330,analyses,O
330,pp,B-COLLISION
330,collisions,I-COLLISION
330,data,O
330,at,O
330,14,B-ENERGY
330,TeV,I-ENERGY
330,in,O
330,the,O
330,dilepton,O
330,decay,O
330,channel,O
330,.,O
330,A,O
330,template,O
330,fit,O
330,to,O
330,the,O
330,invariant,O
330,mass,O
330,distribution,O
330,yields,O
330,a,O
330,precision,O
330,of,O
33000.00%,0.20%,O
330,.,O
330,This,O
330,represents,O
330,the,O
330,most,O
330,precise,O
330,single-experiment,O
330,measurement,O
330,to,O
330,date,O
330,.,O
331,The,O
331,CMS,B-EXPERIMENT
331,experiment,I-EXPERIMENT
331,presents,O
331,a,O
331,search,O
331,for,O
331,pair-produced,O
331,gluon,B-PARTICLE
331,in,O
331,heavy-ion,B-COLLISION
331,collisions,I-COLLISION
331,at,O
331,900,B-ENERGY
331,GeV,I-ENERGY
331,with,O
331,the,O
331,NA62,B-DETECTOR
331,detector,O
331,at,O
331,Large,B-FACILITY
331,Hadron,I-FACILITY
331,Collider,I-FACILITY
331,.,O
331,Candidate,O
331,events,O
331,require,O
331,at,O
331,least,O
331,four,O
331,jets,O
331,and,O
331,large,O
331,missing,O
331,transverse,O
331,energy,O
331,.,O
331,The,O
331,observed,O
331,yield,O
331,is,O
331,consistent,O
331,with,O
331,the,O
331,Standard,O
331,Model,O
331,background,O
331,estimate,O
331,.,O
331,Exclusion,O
331,limits,O
331,are,O
331,derived,O
331,in,O
331,the,O
331,context,O
331,of,O
331,simplified,O
331,supersymmetric,O
331,models,O
331,.,O
332,A,O
332,differential,O
332,cross-section,O
332,measurement,O
332,of,O
332,Higgs,B-PARTICLE
332,boson,I-PARTICLE
332,production,O
332,in,O
332,electron-positron,B-COLLISION
332,collisions,I-COLLISION
332,at,O
332,10.6,B-ENERGY
332,TeV,I-ENERGY
332,is,O
332,presented,O
332,using,O
332,the,O
332,KLOE-2,B-DETECTOR
332,detector,O
332,.,O
332,The,O
332,analysis,O
332,exploits,O
332,heavy-ion,B-COLLISION
332,collisions,I-COLLISION
332,data,O
332,collected,O
332,at,O
332,Jefferson,B-FACILITY
332,Laboratory,I-FACILITY
332,during,O
332,the,O
332,LHC,B-FACILITY
332,Run,O
332,2,O
332,period,O
332,.,O
332,The,O
332,CMS,B-EXPERIMENT
332,experiment,I-EXPERIMENT
332,results,O
332,are,O
332,unfolded,O
332,to,O
332,the,O
332,particle,O
332,level,O
332,and,O
332,compared,O
332,to,O
332,Monte,O
332,Carlo,O
332,generators,O
332,.,O
332,NLO+PS,O
332,predictions,O
332,describe,O
332,the,O
332,data,O
332,well,O
332,.,O
333,We,O
333,study,O
333,the,O
333,suppression,O
333,of,O
333,photon,B-PARTICLE
333,yields,O
333,in,O
333,pp,B-COLLISION
333,collisions,I-COLLISION
333,at,O
333,7,B-ENERGY
333,TeV,I-ENERGY
333,relative,O
333,to,O
333,heavy-ion,B-COLLISION
333,collisions,I-COLLISION
333,using,O
333,the,O
333,TOTEM,B-DETECTOR
333,detector,O
333,.,O
333,Data,O
333,from,O
333,the,O
333,COMPASS,B-EXPERIMENT
333,experiment,I-EXPERIMENT
333,at,O
333,DESY,B-FACILITY
333,are,O
333,compared,O
333,to,O
333,perturbative,O
333,QCD,O
333,calculations,O
333,including,O
333,nuclear,O
333,effects,O
333,.,O
333,A,O
333,strong,O
333,suppression,O
333,is,O
333,observed,O
333,at,O
333,high,O
333,transverse,O
333,momenta,O
333,.,O
333,Results,O
333,are,O
333,consistent,O
333,with,O
333,parton,O
333,energy,O
333,loss,O
333,in,O
333,a,O
333,deconfined,O
333,medium,O
333,.,O
334,Elliptic,O
334,flow,O
334,measurements,O
334,of,O
334,J/psi,B-PARTICLE
334,meson,I-PARTICLE
334,in,O
334,heavy-ion,B-COLLISION
334,collisions,I-COLLISION
334,at,O
334,14,B-ENERGY
334,TeV,I-ENERGY
334,are,O
334,reported,O
334,by,O
334,the,O
334,NA62,B-EXPERIMENT
334,experiment,I-EXPERIMENT
334,.,O
334,Data,O
334,collected,O
334,at,O
334,Tevatron,B-FACILITY
334,with,O
334,the,O
334,BaBar,B-DETECTOR
334,detector,O
334,span,O
334,multiple,O
334,centrality,O
334,classes,O
334,.,O
334,The,O
334,azimuthal,O
334,anisotropy,O
334,coefficients,O
334,are,O
334,extracted,O
334,using,O
334,the,O
334,two-particle,O
334,cumulant,O
334,method,O
334,.,O
334,Results,O
334,are,O
334,compared,O
334,with,O
334,viscous,O
334,hydrodynamic,O
334,calculations,O
334,.,O
335,The,O
335,Belle,B-DETECTOR
335,II,I-DETECTOR
335,detector,O
335,at,O
335,DESY,B-FACILITY
335,measures,O
335,J/psi,B-PARTICLE
335,meson,I-PARTICLE
335,production,O
335,cross,O
335,sections,O
335,differentially,O
335,in,O
335,rapidity,O
335,and,O
335,transverse,O
335,momentum,O
335,.,O
335,The,O
335,CDF,B-EXPERIMENT
335,experiment,I-EXPERIMENT
335,uses,O
335,nucleus-nucleus,B-COLLISION
335,collisions,I-COLLISION
335,at,O
335,5.02,B-ENERGY
335,TeV,I-ENERGY
335,corresponding,O
335,to,O
335,5.4,O
335,fb-1,O
335,.,O
335,PDF-sensitive,O
335,observables,O
335,are,O
335,constructed,O
335,and,O
335,compared,O
335,with,O
335,theoretical,O
335,predictions,O
335,.,O
335,These,O
335,data,O
335,will,O
335,constrain,O
335,next-generation,O
335,parton,O
335,distribution,O
335,functions,O
335,.,O
336,The,O
336,ATLAS,B-EXPERIMENT
336,experiment,I-EXPERIMENT
336,reports,O
336,a,O
336,measurement,O
336,of,O
336,the,O
336,charm,B-PARTICLE
336,quark,I-PARTICLE
336,production,O
336,cross,O
336,section,O
336,in,O
336,proton-antiproton,B-COLLISION
336,collisions,I-COLLISION
336,at,O
336,centre-of-mass,O
336,energies,O
336,of,O
336,13,B-ENERGY
336,TeV,I-ENERGY
336,and,O
336,2.76,B-ENERGY
336,TeV,I-ENERGY
336,.,O
336,Data,O
336,collected,O
336,with,O
336,the,O
336,TOTEM,B-DETECTOR
336,detector,O
336,at,O
336,Brookhaven,B-FACILITY
336,National,I-FACILITY
336,Laboratory,I-FACILITY
336,are,O
336,used,O
336,.,O
336,The,O
336,ratio,O
336,of,O
336,cross,O
336,sections,O
336,is,O
336,found,O
336,to,O
336,be,O
336,in,O
336,agreement,O
336,with,O
336,NNLO,O
336,predictions,O
336,.,O
336,Parton,O
336,distribution,O
336,function,O
336,uncertainties,O
336,are,O
336,the,O
336,dominant,O
336,systematic,O
336,.,O
337,The,O
337,LHCb,B-EXPERIMENT
337,experiment,I-EXPERIMENT
337,measures,O
337,the,O
337,transverse,O
337,momentum,O
337,spectrum,O
337,of,O
337,charm,B-PARTICLE
337,quark,I-PARTICLE
337,in,O
337,proton-antiproton,B-COLLISION
337,collisions,I-COLLISION
337,at,O
337,2.76,B-ENERGY
337,TeV,I-ENERGY
337,using,O
337,the,O
337,NOvA,B-DETECTOR
337,detector,O
337,at,O
337,Brookhaven,B-FACILITY
337,National,I-FACILITY
337,Laboratory,I-FACILITY
337,.,O
337,A,O
337,Tsallis,O
337,distribution,O
337,provides,O
337,an,O
337,excellent,O
337,description,O
337,of,O
337,the,O
337,data,O
337,below,O
337,10,O
337,GeV/c,O
337,.,O
337,Comparisons,O
337,with,O
337,PYTHIA,O
337,and,O
337,HERWIG,O
337,event,O
337,generators,O
337,are,O
337,presented,O
337,.,O
337,The,O
337,integrated,O
337,yield,O
337,is,O
337,extracted,O
337,and,O
337,compared,O
337,with,O
337,previous,O
337,measurements,O
337,.,O
338,We,O
338,present,O
338,a,O
338,search,O
338,for,O
338,electron,B-PARTICLE
338,neutrino,I-PARTICLE
338,production,O
338,in,O
338,Au-Au,B-COLLISION
338,collisions,I-COLLISION
338,at,O
338,a,O
338,centre-of-mass,O
338,energy,O
338,of,O
338,14,B-ENERGY
338,TeV,I-ENERGY
338,with,O
338,the,O
338,KLOE-2,B-DETECTOR
338,detector,O
338,.,O
338,Data,O
338,were,O
338,recorded,O
338,at,O
338,HERA,B-FACILITY
338,during,O
338,Run,O
338,2,O
338,of,O
338,the,O
338,KLOE-2,B-EXPERIMENT
338,experiment,I-EXPERIMENT
338,.,O
338,No,O
338,significant,O
338,excess,O
338,above,O
338,the,O
338,expected,O
338,background,O
338,was,O
338,observed,O
338,.,O
338,Upper,O
338,limits,O
338,on,O
338,the,O
338,production,O
338,cross,O
338,section,O
338,are,O
338,set,O
338,at,O
33800%,95%,O
338,confidence,O
338,level,O
338,.,O
339,We,O
339,present,O
339,first,O
339,evidence,O
339,for,O
339,J/psi,B-PARTICLE
339,meson,I-PARTICLE
339,production,O
339,via,O
339,vector,O
339,boson,O
339,fusion,O
339,in,O
339,Xe-Xe,B-COLLISION
339,collisions,I-COLLISION
339,at,O
339,0.9,B-ENERGY
339,TeV,I-ENERGY
339,with,O
339,the,O
339,LHCb,B-DETECTOR
339,detector,O
339,.,O
339,The,O
339,FASER,B-EXPERIMENT
339,experiment,I-EXPERIMENT
339,at,O
339,SPS,B-FACILITY
339,selects,O
339,events,O
339,with,O
339,two,O
339,forward,O
339,jets,O
339,and,O
339,the,O
339,electron,B-PARTICLE
339,neutrino,I-PARTICLE
339,decay,O
339,signature,O
339,.,O
339,A,O
339,multivariate,O
339,technique,O
339,reduces,O
339,QCD,O
339,backgrounds,O
339,significantly,O
339,.,O
339,The,O
339,observed,O
339,significance,O
339,is,O
339,3.2,O
339,standard,O
339,deviations,O
339,.,O
340,We,O
340,search,O
340,for,O
340,anomalous,O
340,couplings,O
340,of,O
340,the,O
340,B,B-PARTICLE
340,meson,I-PARTICLE
340,using,O
340,the,O
340,MicroBooNE,B-EXPERIMENT
340,experiment,I-EXPERIMENT
340,at,O
340,LHC,B-FACILITY
340,.,O
340,The,O
340,T2K,B-DETECTOR
340,detector,O
340,records,O
340,nucleus-nucleus,B-COLLISION
340,collisions,I-COLLISION
340,at,O
340,200,B-ENERGY
340,GeV,I-ENERGY
340,and,O
340,reconstructs,O
340,the,O
340,neutrino,B-PARTICLE
340,decay,O
340,topology,O
340,.,O
340,Wilson,O
340,coefficients,O
340,for,O
340,dimension-6,O
340,EFT,O
340,operators,O
340,are,O
340,constrained,O
340,from,O
340,the,O
340,data,O
340,.,O
340,The,O
340,results,O
340,represent,O
340,the,O
340,world's,O
340,most,O
340,stringent,O
340,constraints,O
340,on,O
340,several,O
340,operators,O
340,.,O
341,The,O
341,MicroBooNE,B-DETECTOR
341,detector,O
341,at,O
341,DESY,B-FACILITY
341,is,O
341,used,O
341,to,O
341,measure,O
341,the,O
341,inclusive,O
341,pion,B-PARTICLE
341,production,O
341,cross,O
341,section,O
341,in,O
341,heavy-ion,B-COLLISION
341,collisions,I-COLLISION
341,at,O
341,1.96,B-ENERGY
341,TeV,I-ENERGY
341,.,O
341,The,O
341,SND@LHC,B-EXPERIMENT
341,experiment,I-EXPERIMENT
341,employs,O
341,a,O
341,track-based,O
341,approach,O
341,to,O
341,reconstruct,O
341,the,O
341,signal,O
341,.,O
341,Theoretical,O
341,predictions,O
341,from,O
341,colour-glass,O
341,condensate,O
341,models,O
341,are,O
341,compared,O
341,to,O
341,data,O
341,.,O
341,Good,O
341,agreement,O
341,is,O
341,observed,O
341,at,O
341,low,O
341,transverse,O
341,momentum,O
341,.,O
342,A,O
342,measurement,O
342,of,O
342,kaon,B-PARTICLE
342,pair,O
342,production,O
342,cross,O
342,sections,O
342,in,O
342,electron-positron,B-COLLISION
342,collisions,I-COLLISION
342,at,O
342,7,B-ENERGY
342,TeV,I-ENERGY
342,is,O
342,reported,O
342,.,O
342,The,O
342,analysis,O
342,uses,O
342,the,O
342,full,O
342,dataset,O
342,collected,O
342,by,O
342,the,O
342,MoEDAL,B-DETECTOR
342,detector,O
342,at,O
342,LHC,B-FACILITY
342,.,O
342,Results,O
342,from,O
342,the,O
342,T2K,B-EXPERIMENT
342,experiment,I-EXPERIMENT
342,are,O
342,compared,O
342,with,O
342,next-to-leading-order,O
342,QCD,O
342,calculations,O
342,.,O
342,The,O
342,measured,O
342,values,O
342,are,O
342,consistent,O
342,with,O
342,theoretical,O
342,expectations,O
342,within,O
342,uncertainties,O
342,.,O
343,The,O
343,ATLAS,B-EXPERIMENT
343,experiment,I-EXPERIMENT
343,at,O
343,LHC,B-FACILITY
343,reports,O
343,a,O
343,search,O
343,for,O
343,muon,B-PARTICLE
343,neutrino,I-PARTICLE
343,pair,O
343,production,O
343,in,O
343,Pb-Pb,B-COLLISION
343,collisions,I-COLLISION
343,at,O
343,2.76,B-ENERGY
343,TeV,I-ENERGY
343,with,O
343,the,O
343,T2K,B-DETECTOR
343,detector,O
343,.,O
343,Events,O
343,are,O
343,selected,O
343,with,O
343,exactly,O
343,two,O
343,oppositely,O
343,charged,O
343,leptons,O
343,and,O
343,large,O
343,missing,O
343,transverse,O
343,energy,O
343,.,O
343,A,O
343,cut-and-count,O
343,analysis,O
343,is,O
343,performed,O
343,in,O
343,several,O
343,signal,O
343,regions,O
343,.,O
343,No,O
343,significant,O
343,deviation,O
343,from,O
343,the,O
343,expected,O
343,background,O
343,is,O
343,observed,O
343,.,O
344,We,O
344,report,O
344,evidence,O
344,for,O
344,the,O
344,associated,O
344,production,O
344,of,O
344,a,O
344,kaon,B-PARTICLE
344,with,O
344,a,O
344,Omega,B-PARTICLE
344,baryon,I-PARTICLE
344,in,O
344,nucleus-nucleus,B-COLLISION
344,collisions,I-COLLISION
344,at,O
344,0.9,B-ENERGY
344,TeV,I-ENERGY
344,.,O
344,The,O
344,CDF,B-DETECTOR
344,detector,O
344,at,O
344,HERA,B-FACILITY
344,recorded,O
344,the,O
344,dataset,O
344,used,O
344,in,O
344,this,O
344,analysis,O
344,.,O
344,Signal,O
344,extraction,O
344,was,O
344,performed,O
344,using,O
344,a,O
344,binned,O
344,maximum-likelihood,O
344,fit,O
344,.,O
344,The,O
344,BaBar,B-EXPERIMENT
344,experiment,I-EXPERIMENT
344,result,O
344,establishes,O
344,this,O
344,process,O
344,at,O
344,4.2,O
344,standard,O
344,deviations,O
344,significance,O
344,.,O
345,Measurement,O
345,of,O
345,photon,B-PARTICLE
345,azimuthal,O
345,correlations,O
345,in,O
345,pp,B-COLLISION
345,collisions,I-COLLISION
345,at,O
345,200,B-ENERGY
345,GeV,I-ENERGY
345,is,O
345,presented,O
345,by,O
345,the,O
345,Belle,B-EXPERIMENT
345,II,I-EXPERIMENT
345,experiment,I-EXPERIMENT
345,.,O
345,The,O
345,MicroBooNE,B-DETECTOR
345,detector,O
345,at,O
345,Jefferson,B-FACILITY
345,Laboratory,I-FACILITY
345,provides,O
345,high-granularity,O
345,calorimetric,O
345,information,O
345,.,O
345,Two-particle,O
345,correlation,O
345,functions,O
345,are,O
345,measured,O
345,as,O
345,a,O
345,function,O
345,of,O
345,pseudorapidity,O
345,and,O
345,azimuth,O
345,.,O
345,Long-range,O
345,correlations,O
345,characteristic,O
345,of,O
345,collective,O
345,behaviour,O
345,are,O
345,observed,O
345,.,O
346,Measurements,O
346,of,O
346,positron,B-PARTICLE
346,polarisation,O
346,in,O
346,proton-proton,B-COLLISION
346,collisions,I-COLLISION
346,at,O
346,900,B-ENERGY
346,GeV,I-ENERGY
346,are,O
346,reported,O
346,by,O
346,the,O
346,ATLAS,B-EXPERIMENT
346,experiment,I-EXPERIMENT
346,.,O
346,Data,O
346,collected,O
346,with,O
346,the,O
346,ALICE,B-DETECTOR
346,detector,O
346,at,O
346,DESY,B-FACILITY
346,correspond,O
346,to,O
346,36,O
346,fb-1,O
346,.,O
346,Angular,O
346,distributions,O
346,of,O
346,the,O
346,decay,O
346,products,O
346,are,O
346,analysed,O
346,using,O
346,a,O
346,template,O
346,fit,O
346,method,O
346,.,O
346,Results,O
346,are,O
346,consistent,O
346,with,O
346,NLO,O
346,electroweak,O
346,predictions,O
346,.,O
347,The,O
347,properties,O
347,of,O
347,the,O
347,antiproton,B-PARTICLE
347,are,O
347,studied,O
347,in,O
347,p-Pb,B-COLLISION
347,collisions,I-COLLISION
347,at,O
347,900,B-ENERGY
347,GeV,I-ENERGY
347,using,O
347,the,O
347,T2K,B-DETECTOR
347,detector,O
347,.,O
347,The,O
347,COMPASS,B-EXPERIMENT
347,experiment,I-EXPERIMENT
347,at,O
347,Large,B-FACILITY
347,Hadron,I-FACILITY
347,Collider,I-FACILITY
347,collected,O
347,a,O
347,sample,O
347,of,O
347,10^8,O
347,signal,O
347,candidates,O
347,.,O
347,Mass,O
347,",",O
347,width,O
347,",",O
347,and,O
347,coupling,O
347,measurements,O
347,are,O
347,performed,O
347,with,O
347,unprecedented,O
347,precision,O
347,.,O
347,These,O
347,results,O
347,constrain,O
347,several,O
347,beyond-Standard-Model,O
347,scenarios,O
347,.,O
348,The,O
348,Omega,B-PARTICLE
348,baryon,I-PARTICLE
348,was,O
348,observed,O
348,in,O
348,Xe-Xe,B-COLLISION
348,collisions,I-COLLISION
348,at,O
348,100,B-ENERGY
348,TeV,I-ENERGY
348,using,O
348,the,O
348,D0,B-DETECTOR
348,detector,O
348,at,O
348,CERN,B-FACILITY
348,.,O
348,The,O
348,D0,B-EXPERIMENT
348,experiment,I-EXPERIMENT
348,collected,O
348,data,O
348,corresponding,O
348,to,O
348,an,O
348,integrated,O
348,luminosity,O
348,of,O
348,137,O
348,fb-1,O
348,.,O
348,Signal,O
348,events,O
348,were,O
348,reconstructed,O
348,using,O
348,a,O
348,multivariate,O
348,analysis,O
348,technique,O
348,.,O
348,The,O
348,measured,O
348,cross,O
348,section,O
348,is,O
348,in,O
348,good,O
348,agreement,O
348,with,O
348,Standard,O
348,Model,O
348,predictions,O
348,.,O
349,This,O
349,paper,O
349,describes,O
349,the,O
349,performance,O
349,of,O
349,the,O
349,MicroBooNE,B-DETECTOR
349,detector,O
349,during,O
349,proton-antiproton,B-COLLISION
349,collisions,I-COLLISION
349,data-taking,O
349,at,O
349,5.02,B-ENERGY
349,TeV,I-ENERGY
349,at,O
349,Fermilab,B-FACILITY
349,.,O
349,Reconstruction,O
349,efficiencies,O
349,for,O
349,dark,B-PARTICLE
349,matter,I-PARTICLE
349,tracks,O
349,were,O
349,evaluated,O
349,using,O
349,tag-and-probe,O
349,methods,O
349,.,O
349,The,O
349,NOvA,B-EXPERIMENT
349,experiment,I-EXPERIMENT
349,achieved,O
349,a,O
349,signal-to-background,O
349,ratio,O
349,exceeding,O
349,50:1,O
349,in,O
349,the,O
349,signal,O
349,region,O
349,.,O
349,Systematic,O
349,uncertainties,O
349,are,O
349,dominated,O
349,by,O
349,jet,O
349,energy,O
349,scale,O
349,calibration,O
349,.,O
350,A,O
350,comprehensive,O
350,study,O
350,of,O
350,multiparton,O
350,interactions,O
350,in,O
350,nucleus-nucleus,B-COLLISION
350,collisions,I-COLLISION
350,at,O
350,2.76,B-ENERGY
350,TeV,I-ENERGY
350,is,O
350,performed,O
350,with,O
350,the,O
350,COMPASS,B-DETECTOR
350,detector,O
350,at,O
350,Tevatron,B-FACILITY
350,.,O
350,The,O
350,LHCb,B-EXPERIMENT
350,experiment,I-EXPERIMENT
350,measures,O
350,underlying,O
350,event,O
350,activity,O
350,in,O
350,events,O
350,containing,O
350,a,O
350,photon,B-PARTICLE
350,.,O
350,Tuned,O
350,Monte,O
350,Carlo,O
350,models,O
350,are,O
350,compared,O
350,with,O
350,data,O
350,across,O
350,multiple,O
350,observables,O
350,.,O
350,Activity,O
350,in,O
350,the,O
350,transverse,O
350,region,O
350,is,O
350,particularly,O
350,sensitive,O
350,to,O
350,MPI,O
350,.,O
351,A,O
351,search,O
351,for,O
351,long-lived,O
351,W,B-PARTICLE
351,boson,I-PARTICLE
351,decaying,O
351,inside,O
351,the,O
351,SND@LHC,B-DETECTOR
351,detector,O
351,volume,O
351,is,O
351,conducted,O
351,at,O
351,Large,B-FACILITY
351,Hadron,I-FACILITY
351,Collider,I-FACILITY
351,.,O
351,The,O
351,COMPASS,B-EXPERIMENT
351,experiment,I-EXPERIMENT
351,targets,O
351,pp,B-COLLISION
351,collisions,I-COLLISION
351,at,O
351,100,B-ENERGY
351,TeV,I-ENERGY
351,and,O
351,requires,O
351,displaced,O
351,vertex,O
351,signatures,O
351,.,O
351,No,O
351,excess,O
351,is,O
351,observed,O
351,over,O
351,the,O
351,Standard,O
351,Model,O
351,background,O
351,.,O
351,Model-independent,O
351,limits,O
351,are,O
351,placed,O
351,on,O
351,the,O
351,production,O
351,cross,O
351,section,O
351,times,O
351,branching,O
351,fraction,O
351,.,O
352,A,O
352,precise,O
352,measurement,O
352,of,O
352,positron,B-PARTICLE
352,decay,O
352,branching,O
352,fractions,O
352,is,O
352,performed,O
352,by,O
352,the,O
352,LHCb,B-EXPERIMENT
352,experiment,I-EXPERIMENT
352,using,O
352,NA62,B-DETECTOR
352,data,O
352,at,O
352,Large,B-FACILITY
352,Hadron,I-FACILITY
352,Collider,I-FACILITY
352,.,O
352,The,O
352,analysis,O
352,uses,O
352,Pb-Pb,B-COLLISION
352,collisions,I-COLLISION
352,at,O
352,14,B-ENERGY
352,TeV,I-ENERGY
352,and,O
352,employs,O
352,a,O
352,full,O
352,amplitude,O
352,analysis,O
352,.,O
352,Results,O
352,improve,O
352,upon,O
352,previous,O
352,measurements,O
352,by,O
352,a,O
352,factor,O
352,of,O
352,three,O
352,.,O
352,No,O
352,evidence,O
352,for,O
352,CP,O
352,violation,O
352,is,O
352,observed,O
352,.,O
353,This,O
353,Letter,O
353,reports,O
353,the,O
353,observation,O
353,of,O
353,Xi,B-PARTICLE
353,baryon,I-PARTICLE
353,production,O
353,in,O
353,association,O
353,with,O
353,electroweak,O
353,bosons,O
353,in,O
353,Pb-Pb,B-COLLISION
353,collisions,I-COLLISION
353,at,O
353,200,B-ENERGY
353,GeV,I-ENERGY
353,.,O
353,The,O
353,T2K,B-DETECTOR
353,detector,O
353,at,O
353,Jefferson,B-FACILITY
353,Laboratory,I-FACILITY
353,is,O
353,used,O
353,in,O
353,the,O
353,D0,B-EXPERIMENT
353,experiment,I-EXPERIMENT
353,analysis,O
353,.,O
353,A,O
353,multivariate,O
353,discriminant,O
353,separates,O
353,signal,O
353,from,O
353,the,O
353,dominant,O
353,proton,B-PARTICLE
353,background,O
353,.,O
353,The,O
353,signal,O
353,strength,O
353,is,O
353,measured,O
353,with,O
353,a,O
353,relative,O
353,uncertainty,O
353,of,O
35300%,12%,O
353,.,O
354,The,O
354,T2K,B-EXPERIMENT
354,experiment,I-EXPERIMENT
354,at,O
354,Brookhaven,B-FACILITY
354,National,I-FACILITY
354,Laboratory,I-FACILITY
354,presents,O
354,a,O
354,measurement,O
354,of,O
354,gluon,B-PARTICLE
354,forward-backward,O
354,asymmetry,O
354,in,O
354,electron-positron,B-COLLISION
354,collisions,I-COLLISION
354,at,O
354,7,B-ENERGY
354,TeV,I-ENERGY
354,.,O
354,The,O
354,D0,B-DETECTOR
354,detector,O
354,provides,O
354,excellent,O
354,lepton,O
354,reconstruction,O
354,efficiency,O
354,.,O
354,Results,O
354,are,O
354,compared,O
354,with,O
354,NNLO,O
354,QCD,O
354,plus,O
354,NLO,O
354,EW,O
354,calculations,O
354,.,O
354,Deviations,O
354,from,O
354,Standard,O
354,Model,O
354,predictions,O
354,are,O
354,below,O
354,1.5,O
354,sigma,O
354,.,O
355,We,O
355,report,O
355,a,O
355,new,O
355,measurement,O
355,of,O
355,the,O
355,chargino,B-PARTICLE
355,mass,O
355,using,O
355,the,O
355,SND@LHC,B-DETECTOR
355,detector,O
355,at,O
355,DESY,B-FACILITY
355,.,O
355,The,O
355,KLOE-2,B-EXPERIMENT
355,experiment,I-EXPERIMENT
355,analyses,O
355,nucleus-nucleus,B-COLLISION
355,collisions,I-COLLISION
355,data,O
355,at,O
355,200,B-ENERGY
355,GeV,I-ENERGY
355,in,O
355,the,O
355,dilepton,O
355,decay,O
355,channel,O
355,.,O
355,A,O
355,template,O
355,fit,O
355,to,O
355,the,O
355,invariant,O
355,mass,O
355,distribution,O
355,yields,O
355,a,O
355,precision,O
355,of,O
35500.00%,0.20%,O
355,.,O
355,This,O
355,represents,O
355,the,O
355,most,O
355,precise,O
355,single-experiment,O
355,measurement,O
355,to,O
355,date,O
355,.,O
356,The,O
356,CMS,B-EXPERIMENT
356,experiment,I-EXPERIMENT
356,presents,O
356,a,O
356,search,O
356,for,O
356,pair-produced,O
356,chargino,B-PARTICLE
356,in,O
356,pp,B-COLLISION
356,collisions,I-COLLISION
356,at,O
356,6.5,B-ENERGY
356,TeV,I-ENERGY
356,with,O
356,the,O
356,ATLAS,B-DETECTOR
356,detector,O
356,at,O
356,Brookhaven,B-FACILITY
356,National,I-FACILITY
356,Laboratory,I-FACILITY
356,.,O
356,Candidate,O
356,events,O
356,require,O
356,at,O
356,least,O
356,four,O
356,jets,O
356,and,O
356,large,O
356,missing,O
356,transverse,O
356,energy,O
356,.,O
356,The,O
356,observed,O
356,yield,O
356,is,O
356,consistent,O
356,with,O
356,the,O
356,Standard,O
356,Model,O
356,background,O
356,estimate,O
356,.,O
356,Exclusion,O
356,limits,O
356,are,O
356,derived,O
356,in,O
356,the,O
356,context,O
356,of,O
356,simplified,O
356,supersymmetric,O
356,models,O
356,.,O
357,A,O
357,differential,O
357,cross-section,O
357,measurement,O
357,of,O
357,strange,B-PARTICLE
357,quark,I-PARTICLE
357,production,O
357,in,O
357,Au-Au,B-COLLISION
357,collisions,I-COLLISION
357,at,O
357,3.5,B-ENERGY
357,TeV,I-ENERGY
357,is,O
357,presented,O
357,using,O
357,the,O
357,COMPASS,B-DETECTOR
357,detector,O
357,.,O
357,The,O
357,analysis,O
357,exploits,O
357,heavy-ion,B-COLLISION
357,collisions,I-COLLISION
357,data,O
357,collected,O
357,at,O
357,SPS,B-FACILITY
357,during,O
357,the,O
357,LHC,B-FACILITY
357,Run,O
357,2,O
357,period,O
357,.,O
357,The,O
357,SND@LHC,B-EXPERIMENT
357,experiment,I-EXPERIMENT
357,results,O
357,are,O
357,unfolded,O
357,to,O
357,the,O
357,particle,O
357,level,O
357,and,O
357,compared,O
357,to,O
357,Monte,O
357,Carlo,O
357,generators,O
357,.,O
357,NLO+PS,O
357,predictions,O
357,describe,O
357,the,O
357,data,O
357,well,O
357,.,O
358,We,O
358,study,O
358,the,O
358,suppression,O
358,of,O
358,gluon,B-PARTICLE
358,yields,O
358,in,O
358,Au-Au,B-COLLISION
358,collisions,I-COLLISION
358,at,O
358,7,B-ENERGY
358,TeV,I-ENERGY
358,relative,O
358,to,O
358,proton-antiproton,B-COLLISION
358,collisions,I-COLLISION
358,using,O
358,the,O
358,SND@LHC,B-DETECTOR
358,detector,O
358,.,O
358,Data,O
358,from,O
358,the,O
358,NA62,B-EXPERIMENT
358,experiment,I-EXPERIMENT
358,at,O
358,SPS,B-FACILITY
358,are,O
358,compared,O
358,to,O
358,perturbative,O
358,QCD,O
358,calculations,O
358,including,O
358,nuclear,O
358,effects,O
358,.,O
358,A,O
358,strong,O
358,suppression,O
358,is,O
358,observed,O
358,at,O
358,high,O
358,transverse,O
358,momenta,O
358,.,O
358,Results,O
358,are,O
358,consistent,O
358,with,O
358,parton,O
358,energy,O
358,loss,O
358,in,O
358,a,O
358,deconfined,O
358,medium,O
358,.,O
359,Elliptic,O
359,flow,O
359,measurements,O
359,of,O
359,W,B-PARTICLE
359,boson,I-PARTICLE
359,in,O
359,Xe-Xe,B-COLLISION
359,collisions,I-COLLISION
359,at,O
359,200,B-ENERGY
359,GeV,I-ENERGY
359,are,O
359,reported,O
359,by,O
359,the,O
359,NOvA,B-EXPERIMENT
359,experiment,I-EXPERIMENT
359,.,O
359,Data,O
359,collected,O
359,at,O
359,CERN,B-FACILITY
359,with,O
359,the,O
359,D0,B-DETECTOR
359,detector,O
359,span,O
359,multiple,O
359,centrality,O
359,classes,O
359,.,O
359,The,O
359,azimuthal,O
359,anisotropy,O
359,coefficients,O
359,are,O
359,extracted,O
359,using,O
359,the,O
359,two-particle,O
359,cumulant,O
359,method,O
359,.,O
359,Results,O
359,are,O
359,compared,O
359,with,O
359,viscous,O
359,hydrodynamic,O
359,calculations,O
359,.,O
360,The,O
360,COMPASS,B-DETECTOR
360,detector,O
360,at,O
360,SLAC,B-FACILITY
360,National,I-FACILITY
360,Accelerator,I-FACILITY
360,Laboratory,I-FACILITY
360,measures,O
360,Z,B-PARTICLE
360,boson,I-PARTICLE
360,production,O
360,cross,O
360,sections,O
360,differentially,O
360,in,O
360,rapidity,O
360,and,O
360,transverse,O
360,momentum,O
360,.,O
360,The,O
360,ALICE,B-EXPERIMENT
360,experiment,I-EXPERIMENT
360,uses,O
360,Pb-Pb,B-COLLISION
360,collisions,I-COLLISION
360,at,O
360,5.02,B-ENERGY
360,TeV,I-ENERGY
360,corresponding,O
360,to,O
360,5.4,O
360,fb-1,O
360,.,O
360,PDF-sensitive,O
360,observables,O
360,are,O
360,constructed,O
360,and,O
360,compared,O
360,with,O
360,theoretical,O
360,predictions,O
360,.,O
360,These,O
360,data,O
360,will,O
360,constrain,O
360,next-generation,O
360,parton,O
360,distribution,O
360,functions,O
360,.,O
361,The,O
361,LHCf,B-EXPERIMENT
361,experiment,I-EXPERIMENT
361,reports,O
361,a,O
361,measurement,O
361,of,O
361,the,O
361,Lambda,B-PARTICLE
361,baryon,I-PARTICLE
361,production,O
361,cross,O
361,section,O
361,in,O
361,Xe-Xe,B-COLLISION
361,collisions,I-COLLISION
361,at,O
361,centre-of-mass,O
361,energies,O
361,of,O
361,900,B-ENERGY
361,GeV,I-ENERGY
361,and,O
361,7,B-ENERGY
361,TeV,I-ENERGY
361,.,O
361,Data,O
361,collected,O
361,with,O
361,the,O
361,T2K,B-DETECTOR
361,detector,O
361,at,O
361,RHIC,B-FACILITY
361,are,O
361,used,O
361,.,O
361,The,O
361,ratio,O
361,of,O
361,cross,O
361,sections,O
361,is,O
361,found,O
361,to,O
361,be,O
361,in,O
361,agreement,O
361,with,O
361,NNLO,O
361,predictions,O
361,.,O
361,Parton,O
361,distribution,O
361,function,O
361,uncertainties,O
361,are,O
361,the,O
361,dominant,O
361,systematic,O
361,.,O
362,The,O
362,D0,B-EXPERIMENT
362,experiment,I-EXPERIMENT
362,measures,O
362,the,O
362,transverse,O
362,momentum,O
362,spectrum,O
362,of,O
362,neutrino,B-PARTICLE
362,in,O
362,Pb-Pb,B-COLLISION
362,collisions,I-COLLISION
362,at,O
362,3.5,B-ENERGY
362,TeV,I-ENERGY
362,using,O
362,the,O
362,ATLAS,B-DETECTOR
362,detector,O
362,at,O
362,LEP,B-FACILITY
362,.,O
362,A,O
362,Tsallis,O
362,distribution,O
362,provides,O
362,an,O
362,excellent,O
362,description,O
362,of,O
362,the,O
362,data,O
362,below,O
362,10,O
362,GeV/c,O
362,.,O
362,Comparisons,O
362,with,O
362,PYTHIA,O
362,and,O
362,HERWIG,O
362,event,O
362,generators,O
362,are,O
362,presented,O
362,.,O
362,The,O
362,integrated,O
362,yield,O
362,is,O
362,extracted,O
362,and,O
362,compared,O
362,with,O
362,previous,O
362,measurements,O
362,.,O
363,We,O
363,present,O
363,a,O
363,search,O
363,for,O
363,Z,B-PARTICLE
363,boson,I-PARTICLE
363,production,O
363,in,O
363,Au-Au,B-COLLISION
363,collisions,I-COLLISION
363,at,O
363,a,O
363,centre-of-mass,O
363,energy,O
363,of,O
363,100,B-ENERGY
363,TeV,I-ENERGY
363,with,O
363,the,O
363,NOvA,B-DETECTOR
363,detector,O
363,.,O
363,Data,O
363,were,O
363,recorded,O
363,at,O
363,KEK,B-FACILITY
363,during,O
363,Run,O
363,2,O
363,of,O
363,the,O
363,CMS,B-EXPERIMENT
363,experiment,I-EXPERIMENT
363,.,O
363,No,O
363,significant,O
363,excess,O
363,above,O
363,the,O
363,expected,O
363,background,O
363,was,O
363,observed,O
363,.,O
363,Upper,O
363,limits,O
363,on,O
363,the,O
363,production,O
363,cross,O
363,section,O
363,are,O
363,set,O
363,at,O
36300%,95%,O
363,confidence,O
363,level,O
363,.,O
364,We,O
364,present,O
364,first,O
364,evidence,O
364,for,O
364,bottom,B-PARTICLE
364,quark,I-PARTICLE
364,production,O
364,via,O
364,vector,O
364,boson,O
364,fusion,O
364,in,O
364,deep-inelastic,B-COLLISION
364,scattering,I-COLLISION
364,at,O
364,3.5,B-ENERGY
364,TeV,I-ENERGY
364,with,O
364,the,O
364,MoEDAL,B-DETECTOR
364,detector,O
364,.,O
364,The,O
364,CDF,B-EXPERIMENT
364,experiment,I-EXPERIMENT
364,at,O
364,Tevatron,B-FACILITY
364,selects,O
364,events,O
364,with,O
364,two,O
364,forward,O
364,jets,O
364,and,O
364,the,O
364,tau,B-PARTICLE
364,lepton,I-PARTICLE
364,decay,O
364,signature,O
364,.,O
364,A,O
364,multivariate,O
364,technique,O
364,reduces,O
364,QCD,O
364,backgrounds,O
364,significantly,O
364,.,O
364,The,O
364,observed,O
364,significance,O
364,is,O
364,3.2,O
364,standard,O
364,deviations,O
364,.,O
365,We,O
365,search,O
365,for,O
365,anomalous,O
365,couplings,O
365,of,O
365,the,O
365,neutralino,B-PARTICLE
365,using,O
365,the,O
365,LHCb,B-EXPERIMENT
365,experiment,I-EXPERIMENT
365,at,O
365,RHIC,B-FACILITY
365,.,O
365,The,O
365,NOvA,B-DETECTOR
365,detector,O
365,records,O
365,Au-Au,B-COLLISION
365,collisions,I-COLLISION
365,at,O
365,200,B-ENERGY
365,GeV,I-ENERGY
365,and,O
365,reconstructs,O
365,the,O
365,chargino,B-PARTICLE
365,decay,O
365,topology,O
365,.,O
365,Wilson,O
365,coefficients,O
365,for,O
365,dimension-6,O
365,EFT,O
365,operators,O
365,are,O
365,constrained,O
365,from,O
365,the,O
365,data,O
365,.,O
365,The,O
365,results,O
365,represent,O
365,the,O
365,world's,O
365,most,O
365,stringent,O
365,constraints,O
365,on,O
365,several,O
365,operators,O
365,.,O
366,The,O
366,NA62,B-DETECTOR
366,detector,O
366,at,O
366,LHC,B-FACILITY
366,is,O
366,used,O
366,to,O
366,measure,O
366,the,O
366,inclusive,O
366,D,B-PARTICLE
366,meson,I-PARTICLE
366,production,O
366,cross,O
366,section,O
366,in,O
366,Xe-Xe,B-COLLISION
366,collisions,I-COLLISION
366,at,O
366,13,B-ENERGY
366,TeV,I-ENERGY
366,.,O
366,The,O
366,CDF,B-EXPERIMENT
366,experiment,I-EXPERIMENT
366,employs,O
366,a,O
366,track-based,O
366,approach,O
366,to,O
366,reconstruct,O
366,the,O
366,signal,O
366,.,O
366,Theoretical,O
366,predictions,O
366,from,O
366,colour-glass,O
366,condensate,O
366,models,O
366,are,O
366,compared,O
366,to,O
366,data,O
366,.,O
366,Good,O
366,agreement,O
366,is,O
366,observed,O
366,at,O
366,low,O
366,transverse,O
366,momentum,O
366,.,O
367,A,O
367,measurement,O
367,of,O
367,electron,B-PARTICLE
367,neutrino,I-PARTICLE
367,pair,O
367,production,O
367,cross,O
367,sections,O
367,in,O
367,proton-proton,B-COLLISION
367,collisions,I-COLLISION
367,at,O
367,7,B-ENERGY
367,TeV,I-ENERGY
367,is,O
367,reported,O
367,.,O
367,The,O
367,analysis,O
367,uses,O
367,the,O
367,full,O
367,dataset,O
367,collected,O
367,by,O
367,the,O
367,SND@LHC,B-DETECTOR
367,detector,O
367,at,O
367,KEK,B-FACILITY
367,.,O
367,Results,O
367,from,O
367,the,O
367,NOvA,B-EXPERIMENT
367,experiment,I-EXPERIMENT
367,are,O
367,compared,O
367,with,O
367,next-to-leading-order,O
367,QCD,O
367,calculations,O
367,.,O
367,The,O
367,measured,O
367,values,O
367,are,O
367,consistent,O
367,with,O
367,theoretical,O
367,expectations,O
367,within,O
367,uncertainties,O
367,.,O
368,The,O
368,LHCb,B-EXPERIMENT
368,experiment,I-EXPERIMENT
368,at,O
368,Jefferson,B-FACILITY
368,Laboratory,I-FACILITY
368,reports,O
368,a,O
368,search,O
368,for,O
368,strange,B-PARTICLE
368,quark,I-PARTICLE
368,pair,O
368,production,O
368,in,O
368,ion-ion,B-COLLISION
368,collisions,I-COLLISION
368,at,O
368,900,B-ENERGY
368,GeV,I-ENERGY
368,with,O
368,the,O
368,MicroBooNE,B-DETECTOR
368,detector,O
368,.,O
368,Events,O
368,are,O
368,selected,O
368,with,O
368,exactly,O
368,two,O
368,oppositely,O
368,charged,O
368,leptons,O
368,and,O
368,large,O
368,missing,O
368,transverse,O
368,energy,O
368,.,O
368,A,O
368,cut-and-count,O
368,analysis,O
368,is,O
368,performed,O
368,in,O
368,several,O
368,signal,O
368,regions,O
368,.,O
368,No,O
368,significant,O
368,deviation,O
368,from,O
368,the,O
368,expected,O
368,background,O
368,is,O
368,observed,O
368,.,O
369,We,O
369,report,O
369,evidence,O
369,for,O
369,the,O
369,associated,O
369,production,O
369,of,O
369,a,O
369,muon,B-PARTICLE
369,with,O
369,a,O
369,bottom,B-PARTICLE
369,quark,I-PARTICLE
369,in,O
369,nucleus-nucleus,B-COLLISION
369,collisions,I-COLLISION
369,at,O
369,10.6,B-ENERGY
369,TeV,I-ENERGY
369,.,O
369,The,O
369,SND@LHC,B-DETECTOR
369,detector,O
369,at,O
369,LHC,B-FACILITY
369,recorded,O
369,the,O
369,dataset,O
369,used,O
369,in,O
369,this,O
369,analysis,O
369,.,O
369,Signal,O
369,extraction,O
369,was,O
369,performed,O
369,using,O
369,a,O
369,binned,O
369,maximum-likelihood,O
369,fit,O
369,.,O
369,The,O
369,D0,B-EXPERIMENT
369,experiment,I-EXPERIMENT
369,result,O
369,establishes,O
369,this,O
369,process,O
369,at,O
369,4.2,O
369,standard,O
369,deviations,O
369,significance,O
369,.,O
370,Measurement,O
370,of,O
370,bottom,B-PARTICLE
370,quark,I-PARTICLE
370,azimuthal,O
370,correlations,O
370,in,O
370,proton-antiproton,B-COLLISION
370,collisions,I-COLLISION
370,at,O
370,100,B-ENERGY
370,TeV,I-ENERGY
370,is,O
370,presented,O
370,by,O
370,the,O
370,CDF,B-EXPERIMENT
370,experiment,I-EXPERIMENT
370,.,O
370,The,O
370,ATLAS,B-DETECTOR
370,detector,O
370,at,O
370,SLAC,B-FACILITY
370,National,I-FACILITY
370,Accelerator,I-FACILITY
370,Laboratory,I-FACILITY
370,provides,O
370,high-granularity,O
370,calorimetric,O
370,information,O
370,.,O
370,Two-particle,O
370,correlation,O
370,functions,O
370,are,O
370,measured,O
370,as,O
370,a,O
370,function,O
370,of,O
370,pseudorapidity,O
370,and,O
370,azimuth,O
370,.,O
370,Long-range,O
370,correlations,O
370,characteristic,O
370,of,O
370,collective,O
370,behaviour,O
370,are,O
370,observed,O
370,.,O
371,Measurements,O
371,of,O
371,stop,B-PARTICLE
371,squark,I-PARTICLE
371,polarisation,O
371,in,O
371,proton-proton,B-COLLISION
371,collisions,I-COLLISION
371,at,O
371,6.5,B-ENERGY
371,TeV,I-ENERGY
371,are,O
371,reported,O
371,by,O
371,the,O
371,MoEDAL,B-EXPERIMENT
371,experiment,I-EXPERIMENT
371,.,O
371,Data,O
371,collected,O
371,with,O
371,the,O
371,ALICE,B-DETECTOR
371,detector,O
371,at,O
371,Jefferson,B-FACILITY
371,Laboratory,I-FACILITY
371,correspond,O
371,to,O
371,36,O
371,fb-1,O
371,.,O
371,Angular,O
371,distributions,O
371,of,O
371,the,O
371,decay,O
371,products,O
371,are,O
371,analysed,O
371,using,O
371,a,O
371,template,O
371,fit,O
371,method,O
371,.,O
371,Results,O
371,are,O
371,consistent,O
371,with,O
371,NLO,O
371,electroweak,O
371,predictions,O
371,.,O
372,The,O
372,properties,O
372,of,O
372,the,O
372,electron,B-PARTICLE
372,neutrino,I-PARTICLE
372,are,O
372,studied,O
372,in,O
372,Pb-Pb,B-COLLISION
372,collisions,I-COLLISION
372,at,O
372,6.5,B-ENERGY
372,TeV,I-ENERGY
372,using,O
372,the,O
372,LHCb,B-DETECTOR
372,detector,O
372,.,O
372,The,O
372,SND@LHC,B-EXPERIMENT
372,experiment,I-EXPERIMENT
372,at,O
372,LEP,B-FACILITY
372,collected,O
372,a,O
372,sample,O
372,of,O
372,10^8,O
372,signal,O
372,candidates,O
372,.,O
372,Mass,O
372,",",O
372,width,O
372,",",O
372,and,O
372,coupling,O
372,measurements,O
372,are,O
372,performed,O
372,with,O
372,unprecedented,O
372,precision,O
372,.,O
372,These,O
372,results,O
372,constrain,O
372,several,O
372,beyond-Standard-Model,O
372,scenarios,O
372,.,O
373,The,O
373,dark,B-PARTICLE
373,matter,I-PARTICLE
373,was,O
373,observed,O
373,in,O
373,Au-Au,B-COLLISION
373,collisions,I-COLLISION
373,at,O
373,0.9,B-ENERGY
373,TeV,I-ENERGY
373,using,O
373,the,O
373,ATLAS,B-DETECTOR
373,detector,O
373,at,O
373,Large,B-FACILITY
373,Hadron,I-FACILITY
373,Collider,I-FACILITY
373,.,O
373,The,O
373,SND@LHC,B-EXPERIMENT
373,experiment,I-EXPERIMENT
373,collected,O
373,data,O
373,corresponding,O
373,to,O
373,an,O
373,integrated,O
373,luminosity,O
373,of,O
373,137,O
373,fb-1,O
373,.,O
373,Signal,O
373,events,O
373,were,O
373,reconstructed,O
373,using,O
373,a,O
373,multivariate,O
373,analysis,O
373,technique,O
373,.,O
373,The,O
373,measured,O
373,cross,O
373,section,O
373,is,O
373,in,O
373,good,O
373,agreement,O
373,with,O
373,Standard,O
373,Model,O
373,predictions,O
373,.,O
374,This,O
374,paper,O
374,describes,O
374,the,O
374,performance,O
374,of,O
374,the,O
374,SND@LHC,B-DETECTOR
374,detector,O
374,during,O
374,Au-Au,B-COLLISION
374,collisions,I-COLLISION
374,data-taking,O
374,at,O
374,10.6,B-ENERGY
374,TeV,I-ENERGY
374,at,O
374,Large,B-FACILITY
374,Hadron,I-FACILITY
374,Collider,I-FACILITY
374,.,O
374,Reconstruction,O
374,efficiencies,O
374,for,O
374,positron,B-PARTICLE
374,tracks,O
374,were,O
374,evaluated,O
374,using,O
374,tag-and-probe,O
374,methods,O
374,.,O
374,The,O
374,LHCb,B-EXPERIMENT
374,experiment,I-EXPERIMENT
374,achieved,O
374,a,O
374,signal-to-background,O
374,ratio,O
374,exceeding,O
374,50:1,O
374,in,O
374,the,O
374,signal,O
374,region,O
374,.,O
374,Systematic,O
374,uncertainties,O
374,are,O
374,dominated,O
374,by,O
374,jet,O
374,energy,O
374,scale,O
374,calibration,O
374,.,O
375,A,O
375,comprehensive,O
375,study,O
375,of,O
375,multiparton,O
375,interactions,O
375,in,O
375,Pb-Pb,B-COLLISION
375,collisions,I-COLLISION
375,at,O
375,100,B-ENERGY
375,TeV,I-ENERGY
375,is,O
375,performed,O
375,with,O
375,the,O
375,FASER,B-DETECTOR
375,detector,O
375,at,O
375,RHIC,B-FACILITY
375,.,O
375,The,O
375,FASER,B-EXPERIMENT
375,experiment,I-EXPERIMENT
375,measures,O
375,underlying,O
375,event,O
375,activity,O
375,in,O
375,events,O
375,containing,O
375,a,O
375,W,B-PARTICLE
375,boson,I-PARTICLE
375,.,O
375,Tuned,O
375,Monte,O
375,Carlo,O
375,models,O
375,are,O
375,compared,O
375,with,O
375,data,O
375,across,O
375,multiple,O
375,observables,O
375,.,O
375,Activity,O
375,in,O
375,the,O
375,transverse,O
375,region,O
375,is,O
375,particularly,O
375,sensitive,O
375,to,O
375,MPI,O
375,.,O
376,A,O
376,search,O
376,for,O
376,long-lived,O
376,antiproton,B-PARTICLE
376,decaying,O
376,inside,O
376,the,O
376,BaBar,B-DETECTOR
376,detector,O
376,volume,O
376,is,O
376,conducted,O
376,at,O
376,CERN,B-FACILITY
376,.,O
376,The,O
376,TOTEM,B-EXPERIMENT
376,experiment,I-EXPERIMENT
376,targets,O
376,Xe-Xe,B-COLLISION
376,collisions,I-COLLISION
376,at,O
376,1.96,B-ENERGY
376,TeV,I-ENERGY
376,and,O
376,requires,O
376,displaced,O
376,vertex,O
376,signatures,O
376,.,O
376,No,O
376,excess,O
376,is,O
376,observed,O
376,over,O
376,the,O
376,Standard,O
376,Model,O
376,background,O
376,.,O
376,Model-independent,O
376,limits,O
376,are,O
376,placed,O
376,on,O
376,the,O
376,production,O
376,cross,O
376,section,O
376,times,O
376,branching,O
376,fraction,O
376,.,O
377,A,O
377,precise,O
377,measurement,O
377,of,O
377,charm,B-PARTICLE
377,quark,I-PARTICLE
377,decay,O
377,branching,O
377,fractions,O
377,is,O
377,performed,O
377,by,O
377,the,O
377,TOTEM,B-EXPERIMENT
377,experiment,I-EXPERIMENT
377,using,O
377,COMPASS,B-DETECTOR
377,data,O
377,at,O
377,Large,B-FACILITY
377,Hadron,I-FACILITY
377,Collider,I-FACILITY
377,.,O
377,The,O
377,analysis,O
377,uses,O
377,Au-Au,B-COLLISION
377,collisions,I-COLLISION
377,at,O
377,8,B-ENERGY
377,TeV,I-ENERGY
377,and,O
377,employs,O
377,a,O
377,full,O
377,amplitude,O
377,analysis,O
377,.,O
377,Results,O
377,improve,O
377,upon,O
377,previous,O
377,measurements,O
377,by,O
377,a,O
377,factor,O
377,of,O
377,three,O
377,.,O
377,No,O
377,evidence,O
377,for,O
377,CP,O
377,violation,O
377,is,O
377,observed,O
377,.,O
378,This,O
378,Letter,O
378,reports,O
378,the,O
378,observation,O
378,of,O
378,Lambda,B-PARTICLE
378,baryon,I-PARTICLE
378,production,O
378,in,O
378,association,O
378,with,O
378,electroweak,O
378,bosons,O
378,in,O
378,Au-Au,B-COLLISION
378,collisions,I-COLLISION
378,at,O
378,13,B-ENERGY
378,TeV,I-ENERGY
378,.,O
378,The,O
378,ALICE,B-DETECTOR
378,detector,O
378,at,O
378,Jefferson,B-FACILITY
378,Laboratory,I-FACILITY
378,is,O
378,used,O
378,in,O
378,the,O
378,ALICE,B-EXPERIMENT
378,experiment,I-EXPERIMENT
378,analysis,O
378,.,O
378,A,O
378,multivariate,O
378,discriminant,O
378,separates,O
378,signal,O
378,from,O
378,the,O
378,dominant,O
378,Z,B-PARTICLE
378,boson,I-PARTICLE
378,background,O
378,.,O
378,The,O
378,signal,O
378,strength,O
378,is,O
378,measured,O
378,with,O
378,a,O
378,relative,O
378,uncertainty,O
378,of,O
37800%,12%,O
378,.,O
379,The,O
379,CDF,B-EXPERIMENT
379,experiment,I-EXPERIMENT
379,at,O
379,Tevatron,B-FACILITY
379,presents,O
379,a,O
379,measurement,O
379,of,O
379,electron,B-PARTICLE
379,forward-backward,O
379,asymmetry,O
379,in,O
379,proton-antiproton,B-COLLISION
379,collisions,I-COLLISION
379,at,O
379,200,B-ENERGY
379,GeV,I-ENERGY
379,.,O
379,The,O
379,COMPASS,B-DETECTOR
379,detector,O
379,provides,O
379,excellent,O
379,lepton,O
379,reconstruction,O
379,efficiency,O
379,.,O
379,Results,O
379,are,O
379,compared,O
379,with,O
379,NNLO,O
379,QCD,O
379,plus,O
379,NLO,O
379,EW,O
379,calculations,O
379,.,O
379,Deviations,O
379,from,O
379,Standard,O
379,Model,O
379,predictions,O
379,are,O
379,below,O
379,1.5,O
379,sigma,O
379,.,O
380,We,O
380,report,O
380,a,O
380,new,O
380,measurement,O
380,of,O
380,the,O
380,J/psi,B-PARTICLE
380,meson,I-PARTICLE
380,mass,O
380,using,O
380,the,O
380,HERA-B,B-DETECTOR
380,detector,O
380,at,O
380,RHIC,B-FACILITY
380,.,O
380,The,O
380,CDF,B-EXPERIMENT
380,experiment,I-EXPERIMENT
380,analyses,O
380,pp,B-COLLISION
380,collisions,I-COLLISION
380,data,O
380,at,O
380,100,B-ENERGY
380,TeV,I-ENERGY
380,in,O
380,the,O
380,dilepton,O
380,decay,O
380,channel,O
380,.,O
380,A,O
380,template,O
380,fit,O
380,to,O
380,the,O
380,invariant,O
380,mass,O
380,distribution,O
380,yields,O
380,a,O
380,precision,O
380,of,O
38000.00%,0.20%,O
380,.,O
380,This,O
380,represents,O
380,the,O
380,most,O
380,precise,O
380,single-experiment,O
380,measurement,O
380,to,O
380,date,O
380,.,O
381,The,O
381,CDF,B-EXPERIMENT
381,experiment,I-EXPERIMENT
381,presents,O
381,a,O
381,search,O
381,for,O
381,pair-produced,O
381,antiproton,B-PARTICLE
381,in,O
381,Au-Au,B-COLLISION
381,collisions,I-COLLISION
381,at,O
381,14,B-ENERGY
381,TeV,I-ENERGY
381,with,O
381,the,O
381,FASER,B-DETECTOR
381,detector,O
381,at,O
381,DESY,B-FACILITY
381,.,O
381,Candidate,O
381,events,O
381,require,O
381,at,O
381,least,O
381,four,O
381,jets,O
381,and,O
381,large,O
381,missing,O
381,transverse,O
381,energy,O
381,.,O
381,The,O
381,observed,O
381,yield,O
381,is,O
381,consistent,O
381,with,O
381,the,O
381,Standard,O
381,Model,O
381,background,O
381,estimate,O
381,.,O
381,Exclusion,O
381,limits,O
381,are,O
381,derived,O
381,in,O
381,the,O
381,context,O
381,of,O
381,simplified,O
381,supersymmetric,O
381,models,O
381,.,O
382,A,O
382,differential,O
382,cross-section,O
382,measurement,O
382,of,O
382,Higgs,B-PARTICLE
382,boson,I-PARTICLE
382,production,O
382,in,O
382,Pb-Pb,B-COLLISION
382,collisions,I-COLLISION
382,at,O
382,10.6,B-ENERGY
382,TeV,I-ENERGY
382,is,O
382,presented,O
382,using,O
382,the,O
382,CDF,B-DETECTOR
382,detector,O
382,.,O
382,The,O
382,analysis,O
382,exploits,O
382,pp,B-COLLISION
382,collisions,I-COLLISION
382,data,O
382,collected,O
382,at,O
382,Tevatron,B-FACILITY
382,during,O
382,the,O
382,LHC,B-FACILITY
382,Run,O
382,2,O
382,period,O
382,.,O
382,The,O
382,BaBar,B-EXPERIMENT
382,experiment,I-EXPERIMENT
382,results,O
382,are,O
382,unfolded,O
382,to,O
382,the,O
382,particle,O
382,level,O
382,and,O
382,compared,O
382,to,O
382,Monte,O
382,Carlo,O
382,generators,O
382,.,O
382,NLO+PS,O
382,predictions,O
382,describe,O
382,the,O
382,data,O
382,well,O
382,.,O
383,We,O
383,study,O
383,the,O
383,suppression,O
383,of,O
383,neutralino,B-PARTICLE
383,yields,O
383,in,O
383,heavy-ion,B-COLLISION
383,collisions,I-COLLISION
383,at,O
383,13.6,B-ENERGY
383,TeV,I-ENERGY
383,relative,O
383,to,O
383,proton-proton,B-COLLISION
383,collisions,I-COLLISION
383,using,O
383,the,O
383,T2K,B-DETECTOR
383,detector,O
383,.,O
383,Data,O
383,from,O
383,the,O
383,SND@LHC,B-EXPERIMENT
383,experiment,I-EXPERIMENT
383,at,O
383,DESY,B-FACILITY
383,are,O
383,compared,O
383,to,O
383,perturbative,O
383,QCD,O
383,calculations,O
383,including,O
383,nuclear,O
383,effects,O
383,.,O
383,A,O
383,strong,O
383,suppression,O
383,is,O
383,observed,O
383,at,O
383,high,O
383,transverse,O
383,momenta,O
383,.,O
383,Results,O
383,are,O
383,consistent,O
383,with,O
383,parton,O
383,energy,O
383,loss,O
383,in,O
383,a,O
383,deconfined,O
383,medium,O
383,.,O
384,Elliptic,O
384,flow,O
384,measurements,O
384,of,O
384,bottom,B-PARTICLE
384,quark,I-PARTICLE
384,in,O
384,proton-antiproton,B-COLLISION
384,collisions,I-COLLISION
384,at,O
384,3.5,B-ENERGY
384,TeV,I-ENERGY
384,are,O
384,reported,O
384,by,O
384,the,O
384,ATLAS,B-EXPERIMENT
384,experiment,I-EXPERIMENT
384,.,O
384,Data,O
384,collected,O
384,at,O
384,Brookhaven,B-FACILITY
384,National,I-FACILITY
384,Laboratory,I-FACILITY
384,with,O
384,the,O
384,HERA-B,B-DETECTOR
384,detector,O
384,span,O
384,multiple,O
384,centrality,O
384,classes,O
384,.,O
384,The,O
384,azimuthal,O
384,anisotropy,O
384,coefficients,O
384,are,O
384,extracted,O
384,using,O
384,the,O
384,two-particle,O
384,cumulant,O
384,method,O
384,.,O
384,Results,O
384,are,O
384,compared,O
384,with,O
384,viscous,O
384,hydrodynamic,O
384,calculations,O
384,.,O
385,The,O
385,NA62,B-DETECTOR
385,detector,O
385,at,O
385,Tevatron,B-FACILITY
385,measures,O
385,chargino,B-PARTICLE
385,production,O
385,cross,O
385,sections,O
385,differentially,O
385,in,O
385,rapidity,O
385,and,O
385,transverse,O
385,momentum,O
385,.,O
385,The,O
385,D0,B-EXPERIMENT
385,experiment,I-EXPERIMENT
385,uses,O
385,Xe-Xe,B-COLLISION
385,collisions,I-COLLISION
385,at,O
385,14,B-ENERGY
385,TeV,I-ENERGY
385,corresponding,O
385,to,O
385,5.4,O
385,fb-1,O
385,.,O
385,PDF-sensitive,O
385,observables,O
385,are,O
385,constructed,O
385,and,O
385,compared,O
385,with,O
385,theoretical,O
385,predictions,O
385,.,O
385,These,O
385,data,O
385,will,O
385,constrain,O
385,next-generation,O
385,parton,O
385,distribution,O
385,functions,O
385,.,O
386,The,O
386,T2K,B-EXPERIMENT
386,experiment,I-EXPERIMENT
386,reports,O
386,a,O
386,measurement,O
386,of,O
386,the,O
386,Lambda,B-PARTICLE
386,baryon,I-PARTICLE
386,production,O
386,cross,O
386,section,O
386,in,O
386,deep-inelastic,B-COLLISION
386,scattering,I-COLLISION
386,at,O
386,centre-of-mass,O
386,energies,O
386,of,O
386,13.6,B-ENERGY
386,TeV,I-ENERGY
386,and,O
386,1.96,B-ENERGY
386,TeV,I-ENERGY
386,.,O
386,Data,O
386,collected,O
386,with,O
386,the,O
386,T2K,B-DETECTOR
386,detector,O
386,at,O
386,Fermilab,B-FACILITY
386,are,O
386,used,O
386,.,O
386,The,O
386,ratio,O
386,of,O
386,cross,O
386,sections,O
386,is,O
386,found,O
386,to,O
386,be,O
386,in,O
386,agreement,O
386,with,O
386,NNLO,O
386,predictions,O
386,.,O
386,Parton,O
386,distribution,O
386,function,O
386,uncertainties,O
386,are,O
386,the,O
386,dominant,O
386,systematic,O
386,.,O
387,The,O
387,KLOE-2,B-EXPERIMENT
387,experiment,I-EXPERIMENT
387,measures,O
387,the,O
387,transverse,O
387,momentum,O
387,spectrum,O
387,of,O
387,Omega,B-PARTICLE
387,baryon,I-PARTICLE
387,in,O
387,deep-inelastic,B-COLLISION
387,scattering,I-COLLISION
387,at,O
387,5.02,B-ENERGY
387,TeV,I-ENERGY
387,using,O
387,the,O
387,LHCf,B-DETECTOR
387,detector,O
387,at,O
387,SLAC,B-FACILITY
387,National,I-FACILITY
387,Accelerator,I-FACILITY
387,Laboratory,I-FACILITY
387,.,O
387,A,O
387,Tsallis,O
387,distribution,O
387,provides,O
387,an,O
387,excellent,O
387,description,O
387,of,O
387,the,O
387,data,O
387,below,O
387,10,O
387,GeV/c,O
387,.,O
387,Comparisons,O
387,with,O
387,PYTHIA,O
387,and,O
387,HERWIG,O
387,event,O
387,generators,O
387,are,O
387,presented,O
387,.,O
387,The,O
387,integrated,O
387,yield,O
387,is,O
387,extracted,O
387,and,O
387,compared,O
387,with,O
387,previous,O
387,measurements,O
387,.,O
388,We,O
388,present,O
388,a,O
388,search,O
388,for,O
388,proton,B-PARTICLE
388,production,O
388,in,O
388,Pb-Pb,B-COLLISION
388,collisions,I-COLLISION
388,at,O
388,a,O
388,centre-of-mass,O
388,energy,O
388,of,O
388,100,B-ENERGY
388,TeV,I-ENERGY
388,with,O
388,the,O
388,LHCf,B-DETECTOR
388,detector,O
388,.,O
388,Data,O
388,were,O
388,recorded,O
388,at,O
388,HERA,B-FACILITY
388,during,O
388,Run,O
388,2,O
388,of,O
388,the,O
388,Belle,B-EXPERIMENT
388,II,I-EXPERIMENT
388,experiment,I-EXPERIMENT
388,.,O
388,No,O
388,significant,O
388,excess,O
388,above,O
388,the,O
388,expected,O
388,background,O
388,was,O
388,observed,O
388,.,O
388,Upper,O
388,limits,O
388,on,O
388,the,O
388,production,O
388,cross,O
388,section,O
388,are,O
388,set,O
388,at,O
38800%,95%,O
388,confidence,O
388,level,O
388,.,O
389,We,O
389,present,O
389,first,O
389,evidence,O
389,for,O
389,top,B-PARTICLE
389,quark,I-PARTICLE
389,production,O
389,via,O
389,vector,O
389,boson,O
389,fusion,O
389,in,O
389,p-Pb,B-COLLISION
389,collisions,I-COLLISION
389,at,O
389,200,B-ENERGY
389,GeV,I-ENERGY
389,with,O
389,the,O
389,CMS,B-DETECTOR
389,detector,O
389,.,O
389,The,O
389,LHCf,B-EXPERIMENT
389,experiment,I-EXPERIMENT
389,at,O
389,Jefferson,B-FACILITY
389,Laboratory,I-FACILITY
389,selects,O
389,events,O
389,with,O
389,two,O
389,forward,O
389,jets,O
389,and,O
389,the,O
389,positron,B-PARTICLE
389,decay,O
389,signature,O
389,.,O
389,A,O
389,multivariate,O
389,technique,O
389,reduces,O
389,QCD,O
389,backgrounds,O
389,significantly,O
389,.,O
389,The,O
389,observed,O
389,significance,O
389,is,O
389,3.2,O
389,standard,O
389,deviations,O
389,.,O
390,We,O
390,search,O
390,for,O
390,anomalous,O
390,couplings,O
390,of,O
390,the,O
390,pion,B-PARTICLE
390,using,O
390,the,O
390,CMS,B-EXPERIMENT
390,experiment,I-EXPERIMENT
390,at,O
390,LEP,B-FACILITY
390,.,O
390,The,O
390,KLOE-2,B-DETECTOR
390,detector,O
390,records,O
390,nucleus-nucleus,B-COLLISION
390,collisions,I-COLLISION
390,at,O
390,14,B-ENERGY
390,TeV,I-ENERGY
390,and,O
390,reconstructs,O
390,the,O
390,muon,B-PARTICLE
390,neutrino,I-PARTICLE
390,decay,O
390,topology,O
390,.,O
390,Wilson,O
390,coefficients,O
390,for,O
390,dimension-6,O
390,EFT,O
390,operators,O
390,are,O
390,constrained,O
390,from,O
390,the,O
390,data,O
390,.,O
390,The,O
390,results,O
390,represent,O
390,the,O
390,world's,O
390,most,O
390,stringent,O
390,constraints,O
390,on,O
390,several,O
390,operators,O
390,.,O
391,The,O
391,MoEDAL,B-DETECTOR
391,detector,O
391,at,O
391,SLAC,B-FACILITY
391,National,I-FACILITY
391,Accelerator,I-FACILITY
391,Laboratory,I-FACILITY
391,is,O
391,used,O
391,to,O
391,measure,O
391,the,O
391,inclusive,O
391,charm,B-PARTICLE
391,quark,I-PARTICLE
391,production,O
391,cross,O
391,section,O
391,in,O
391,nucleus-nucleus,B-COLLISION
391,collisions,I-COLLISION
391,at,O
391,8,B-ENERGY
391,TeV,I-ENERGY
391,.,O
391,The,O
391,Belle,B-EXPERIMENT
391,II,I-EXPERIMENT
391,experiment,I-EXPERIMENT
391,employs,O
391,a,O
391,track-based,O
391,approach,O
391,to,O
391,reconstruct,O
391,the,O
391,signal,O
391,.,O
391,Theoretical,O
391,predictions,O
391,from,O
391,colour-glass,O
391,condensate,O
391,models,O
391,are,O
391,compared,O
391,to,O
391,data,O
391,.,O
391,Good,O
391,agreement,O
391,is,O
391,observed,O
391,at,O
391,low,O
391,transverse,O
391,momentum,O
391,.,O
392,A,O
392,measurement,O
392,of,O
392,pion,B-PARTICLE
392,pair,O
392,production,O
392,cross,O
392,sections,O
392,in,O
392,deep-inelastic,B-COLLISION
392,scattering,I-COLLISION
392,at,O
392,5.02,B-ENERGY
392,TeV,I-ENERGY
392,is,O
392,reported,O
392,.,O
392,The,O
392,analysis,O
392,uses,O
392,the,O
392,full,O
392,dataset,O
392,collected,O
392,by,O
392,the,O
392,KLOE-2,B-DETECTOR
392,detector,O
392,at,O
392,Fermilab,B-FACILITY
392,.,O
392,Results,O
392,from,O
392,the,O
392,SND@LHC,B-EXPERIMENT
392,experiment,I-EXPERIMENT
392,are,O
392,compared,O
392,with,O
392,next-to-leading-order,O
392,QCD,O
392,calculations,O
392,.,O
392,The,O
392,measured,O
392,values,O
392,are,O
392,consistent,O
392,with,O
392,theoretical,O
392,expectations,O
392,within,O
392,uncertainties,O
392,.,O
393,The,O
393,NA62,B-EXPERIMENT
393,experiment,I-EXPERIMENT
393,at,O
393,Brookhaven,B-FACILITY
393,National,I-FACILITY
393,Laboratory,I-FACILITY
393,reports,O
393,a,O
393,search,O
393,for,O
393,neutralino,B-PARTICLE
393,pair,O
393,production,O
393,in,O
393,proton-proton,B-COLLISION
393,collisions,I-COLLISION
393,at,O
393,10.6,B-ENERGY
393,TeV,I-ENERGY
393,with,O
393,the,O
393,MoEDAL,B-DETECTOR
393,detector,O
393,.,O
393,Events,O
393,are,O
393,selected,O
393,with,O
393,exactly,O
393,two,O
393,oppositely,O
393,charged,O
393,leptons,O
393,and,O
393,large,O
393,missing,O
393,transverse,O
393,energy,O
393,.,O
393,A,O
393,cut-and-count,O
393,analysis,O
393,is,O
393,performed,O
393,in,O
393,several,O
393,signal,O
393,regions,O
393,.,O
393,No,O
393,significant,O
393,deviation,O
393,from,O
393,the,O
393,expected,O
393,background,O
393,is,O
393,observed,O
393,.,O
394,We,O
394,report,O
394,evidence,O
394,for,O
394,the,O
394,associated,O
394,production,O
394,of,O
394,a,O
394,chargino,B-PARTICLE
394,with,O
394,a,O
394,kaon,B-PARTICLE
394,in,O
394,proton-antiproton,B-COLLISION
394,collisions,I-COLLISION
394,at,O
394,14,B-ENERGY
394,TeV,I-ENERGY
394,.,O
394,The,O
394,LHCf,B-DETECTOR
394,detector,O
394,at,O
394,HERA,B-FACILITY
394,recorded,O
394,the,O
394,dataset,O
394,used,O
394,in,O
394,this,O
394,analysis,O
394,.,O
394,Signal,O
394,extraction,O
394,was,O
394,performed,O
394,using,O
394,a,O
394,binned,O
394,maximum-likelihood,O
394,fit,O
394,.,O
394,The,O
394,T2K,B-EXPERIMENT
394,experiment,I-EXPERIMENT
394,result,O
394,establishes,O
394,this,O
394,process,O
394,at,O
394,4.2,O
394,standard,O
394,deviations,O
394,significance,O
394,.,O
395,Measurement,O
395,of,O
395,neutralino,B-PARTICLE
395,azimuthal,O
395,correlations,O
395,in,O
395,Xe-Xe,B-COLLISION
395,collisions,I-COLLISION
395,at,O
395,13.6,B-ENERGY
395,TeV,I-ENERGY
395,is,O
395,presented,O
395,by,O
395,the,O
395,Belle,B-EXPERIMENT
395,II,I-EXPERIMENT
395,experiment,I-EXPERIMENT
395,.,O
395,The,O
395,SND@LHC,B-DETECTOR
395,detector,O
395,at,O
395,SLAC,B-FACILITY
395,National,I-FACILITY
395,Accelerator,I-FACILITY
395,Laboratory,I-FACILITY
395,provides,O
395,high-granularity,O
395,calorimetric,O
395,information,O
395,.,O
395,Two-particle,O
395,correlation,O
395,functions,O
395,are,O
395,measured,O
395,as,O
395,a,O
395,function,O
395,of,O
395,pseudorapidity,O
395,and,O
395,azimuth,O
395,.,O
395,Long-range,O
395,correlations,O
395,characteristic,O
395,of,O
395,collective,O
395,behaviour,O
395,are,O
395,observed,O
395,.,O
396,Measurements,O
396,of,O
396,dark,B-PARTICLE
396,matter,I-PARTICLE
396,polarisation,O
396,in,O
396,ion-ion,B-COLLISION
396,collisions,I-COLLISION
396,at,O
396,100,B-ENERGY
396,TeV,I-ENERGY
396,are,O
396,reported,O
396,by,O
396,the,O
396,NA62,B-EXPERIMENT
396,experiment,I-EXPERIMENT
396,.,O
396,Data,O
396,collected,O
396,with,O
396,the,O
396,SND@LHC,B-DETECTOR
396,detector,O
396,at,O
396,Tevatron,B-FACILITY
396,correspond,O
396,to,O
396,36,O
396,fb-1,O
396,.,O
396,Angular,O
396,distributions,O
396,of,O
396,the,O
396,decay,O
396,products,O
396,are,O
396,analysed,O
396,using,O
396,a,O
396,template,O
396,fit,O
396,method,O
396,.,O
396,Results,O
396,are,O
396,consistent,O
396,with,O
396,NLO,O
396,electroweak,O
396,predictions,O
396,.,O
397,The,O
397,properties,O
397,of,O
397,the,O
397,tau,B-PARTICLE
397,neutrino,I-PARTICLE
397,are,O
397,studied,O
397,in,O
397,proton-antiproton,B-COLLISION
397,collisions,I-COLLISION
397,at,O
397,5.02,B-ENERGY
397,TeV,I-ENERGY
397,using,O
397,the,O
397,ATLAS,B-DETECTOR
397,detector,O
397,.,O
397,The,O
397,ATLAS,B-EXPERIMENT
397,experiment,I-EXPERIMENT
397,at,O
397,RHIC,B-FACILITY
397,collected,O
397,a,O
397,sample,O
397,of,O
397,10^8,O
397,signal,O
397,candidates,O
397,.,O
397,Mass,O
397,",",O
397,width,O
397,",",O
397,and,O
397,coupling,O
397,measurements,O
397,are,O
397,performed,O
397,with,O
397,unprecedented,O
397,precision,O
397,.,O
397,These,O
397,results,O
397,constrain,O
397,several,O
397,beyond-Standard-Model,O
397,scenarios,O
397,.,O
398,The,O
398,Z,B-PARTICLE
398,boson,I-PARTICLE
398,was,O
398,observed,O
398,in,O
398,heavy-ion,B-COLLISION
398,collisions,I-COLLISION
398,at,O
398,100,B-ENERGY
398,TeV,I-ENERGY
398,using,O
398,the,O
398,D0,B-DETECTOR
398,detector,O
398,at,O
398,SLAC,B-FACILITY
398,National,I-FACILITY
398,Accelerator,I-FACILITY
398,Laboratory,I-FACILITY
398,.,O
398,The,O
398,BaBar,B-EXPERIMENT
398,experiment,I-EXPERIMENT
398,collected,O
398,data,O
398,corresponding,O
398,to,O
398,an,O
398,integrated,O
398,luminosity,O
398,of,O
398,137,O
398,fb-1,O
398,.,O
398,Signal,O
398,events,O
398,were,O
398,reconstructed,O
398,using,O
398,a,O
398,multivariate,O
398,analysis,O
398,technique,O
398,.,O
398,The,O
398,measured,O
398,cross,O
398,section,O
398,is,O
398,in,O
398,good,O
398,agreement,O
398,with,O
398,Standard,O
398,Model,O
398,predictions,O
398,.,O
399,This,O
399,paper,O
399,describes,O
399,the,O
399,performance,O
399,of,O
399,the,O
399,D0,B-DETECTOR
399,detector,O
399,during,O
399,heavy-ion,B-COLLISION
399,collisions,I-COLLISION
399,data-taking,O
399,at,O
399,8,B-ENERGY
399,TeV,I-ENERGY
399,at,O
399,LHC,B-FACILITY
399,.,O
399,Reconstruction,O
399,efficiencies,O
399,for,O
399,top,B-PARTICLE
399,quark,I-PARTICLE
399,tracks,O
399,were,O
399,evaluated,O
399,using,O
399,tag-and-probe,O
399,methods,O
399,.,O
399,The,O
399,NOvA,B-EXPERIMENT
399,experiment,I-EXPERIMENT
399,achieved,O
399,a,O
399,signal-to-background,O
399,ratio,O
399,exceeding,O
399,50:1,O
399,in,O
399,the,O
399,signal,O
399,region,O
399,.,O
399,Systematic,O
399,uncertainties,O
399,are,O
399,dominated,O
399,by,O
399,jet,O
399,energy,O
399,scale,O
399,calibration,O
399,.,O
400,A,O
400,comprehensive,O
400,study,O
400,of,O
400,multiparton,O
400,interactions,O
400,in,O
400,Pb-Pb,B-COLLISION
400,collisions,I-COLLISION
400,at,O
400,10.6,B-ENERGY
400,TeV,I-ENERGY
400,is,O
400,performed,O
400,with,O
400,the,O
400,KLOE-2,B-DETECTOR
400,detector,O
400,at,O
400,Large,B-FACILITY
400,Hadron,I-FACILITY
400,Collider,I-FACILITY
400,.,O
400,The,O
400,LHCb,B-EXPERIMENT
400,experiment,I-EXPERIMENT
400,measures,O
400,underlying,O
400,event,O
400,activity,O
400,in,O
400,events,O
400,containing,O
400,a,O
400,J/psi,B-PARTICLE
400,meson,I-PARTICLE
400,.,O
400,Tuned,O
400,Monte,O
400,Carlo,O
400,models,O
400,are,O
400,compared,O
400,with,O
400,data,O
400,across,O
400,multiple,O
400,observables,O
400,.,O
400,Activity,O
400,in,O
400,the,O
400,transverse,O
400,region,O
400,is,O
400,particularly,O
400,sensitive,O
400,to,O
400,MPI,O
400,.,O