ID,Abstract
1,A search for long-lived proton decaying inside the BaBar detector volume is conducted at Large Hadron Collider. The D0 experiment targets p-Pb collisions at 13.6 TeV and requires displaced vertex signatures. No excess is observed over the Standard Model background. Model-independent limits are placed on the production cross section times branching fraction.
2,A precise measurement of stop squark decay branching fractions is performed by the KLOE-2 experiment using NA62 data at SPS. The analysis uses heavy-ion collisions at 13 TeV and employs a full amplitude analysis. Results improve upon previous measurements by a factor of three. No evidence for CP violation is observed.
3,This Letter reports the observation of neutralino production in association with electroweak bosons in electron-positron collisions at 10.6 TeV. The MoEDAL detector at SPS is used in the TOTEM experiment analysis. A multivariate discriminant separates signal from the dominant muon neutrino background. The signal strength is measured with a relative uncertainty of 12%.
4,The FASER experiment at HERA presents a measurement of neutrino forward-backward asymmetry in p-Pb collisions at 1.96 TeV. The MoEDAL detector provides excellent lepton reconstruction efficiency. Results are compared with NNLO QCD plus NLO EW calculations. Deviations from Standard Model predictions are below 1.5 sigma.
5,We report a new measurement of the charm quark mass using the TOTEM detector at SPS. The COMPASS experiment analyses pp collisions data at 8 TeV in the dilepton decay channel. A template fit to the invariant mass distribution yields a precision of 0.2%. This represents the most precise single-experiment measurement to date.
6,The ALICE experiment presents a search for pair-produced strange quark in ion-ion collisions at 14 TeV with the HERA-B detector at RHIC. Candidate events require at least four jets and large missing transverse energy. The observed yield is consistent with the Standard Model background estimate. Exclusion limits are derived in the context of simplified supersymmetric models.
7,A differential cross-section measurement of positron production in ion-ion collisions at 2.76 TeV is presented using the LHCb detector. The analysis exploits proton-antiproton collisions data collected at DESY during the LHC Run 2 period. The NA62 experiment results are unfolded to the particle level and compared to Monte Carlo generators. NLO+PS predictions describe the data well.
8,We study the suppression of gluon yields in Pb-Pb collisions at 2.76 TeV relative to electron-positron collisions using the MicroBooNE detector. Data from the SND@LHC experiment at SuperKEKB are compared to perturbative QCD calculations including nuclear effects. A strong suppression is observed at high transverse momenta. Results are consistent with parton energy loss in a deconfined medium.
9,Elliptic flow measurements of proton in heavy-ion collisions at 100 TeV are reported by the LHCf experiment. Data collected at HERA with the ALICE detector span multiple centrality classes. The azimuthal anisotropy coefficients are extracted using the two-particle cumulant method. Results are compared with viscous hydrodynamic calculations.
10,The NA62 detector at SuperKEKB measures gluon production cross sections differentially in rapidity and transverse momentum. The BaBar experiment uses Xe-Xe collisions at 10.6 TeV corresponding to 5.4 fb-1. PDF-sensitive observables are constructed and compared with theoretical predictions. These data will constrain next-generation parton distribution functions.
11,The KLOE-2 experiment reports a measurement of the tau lepton production cross section in proton-proton collisions at centre-of-mass energies of 7 TeV and 6.5 TeV. Data collected with the ATLAS detector at Brookhaven National Laboratory are used. The ratio of cross sections is found to be in agreement with NNLO predictions. Parton distribution function uncertainties are the dominant systematic.
12,The KLOE-2 experiment measures the transverse momentum spectrum of Xi baryon in electron-positron collisions at 6.5 TeV using the KLOE-2 detector at LHC. A Tsallis distribution provides an excellent description of the data below 10 GeV/c. Comparisons with PYTHIA and HERWIG event generators are presented. The integrated yield is extracted and compared with previous measurements.
13,We present a search for antiproton production in proton-proton collisions at a centre-of-mass energy of 1.96 TeV with the SND@LHC detector. Data were recorded at LHC during Run 2 of the ALICE experiment. No significant excess above the expected background was observed. Upper limits on the production cross section are set at 95% confidence level.
14,We present first evidence for antiproton production via vector boson fusion in proton-proton collisions at 10.6 TeV with the MicroBooNE detector. The ATLAS experiment at Large Hadron Collider selects events with two forward jets and the Xi baryon decay signature. A multivariate technique reduces QCD backgrounds significantly. The observed significance is 3.2 standard deviations.
15,We search for anomalous couplings of the Lambda baryon using the BaBar experiment at DESY. The MicroBooNE detector records ion-ion collisions at 100 TeV and reconstructs the kaon decay topology. Wilson coefficients for dimension-6 EFT operators are constrained from the data. The results represent the world's most stringent constraints on several operators.
16,The KLOE-2 detector at Tevatron is used to measure the inclusive W boson production cross section in proton-proton collisions at 200 GeV. The TOTEM experiment employs a track-based approach to reconstruct the signal. Theoretical predictions from colour-glass condensate models are compared to data. Good agreement is observed at low transverse momentum.
17,A measurement of neutrino pair production cross sections in nucleus-nucleus collisions at 7 TeV is reported. The analysis uses the full dataset collected by the HERA-B detector at LEP. Results from the KLOE-2 experiment are compared with next-to-leading-order QCD calculations. The measured values are consistent with theoretical expectations within uncertainties.
18,The MicroBooNE experiment at KEK reports a search for electron pair production in proton-proton collisions at 900 GeV with the T2K detector. Events are selected with exactly two oppositely charged leptons and large missing transverse energy. A cut-and-count analysis is performed in several signal regions. No significant deviation from the expected background is observed.
19,We report evidence for the associated production of a W boson with a kaon in pp collisions at 100 TeV. The FASER detector at RHIC recorded the dataset used in this analysis. Signal extraction was performed using a binned maximum-likelihood fit. The SND@LHC experiment result establishes this process at 4.2 standard deviations significance.
20,Measurement of strange quark azimuthal correlations in proton-antiproton collisions at 8 TeV is presented by the MoEDAL experiment. The SND@LHC detector at Brookhaven National Laboratory provides high-granularity calorimetric information. Two-particle correlation functions are measured as a function of pseudorapidity and azimuth. Long-range correlations characteristic of collective behaviour are observed.
21,Measurements of charm quark polarisation in ion-ion collisions at 8 TeV are reported by the NA62 experiment. Data collected with the COMPASS detector at Tevatron correspond to 36 fb-1. Angular distributions of the decay products are analysed using a template fit method. Results are consistent with NLO electroweak predictions.
22,"The properties of the strange quark are studied in Xe-Xe collisions at 14 TeV using the ATLAS detector. The BaBar experiment at KEK collected a sample of 10^8 signal candidates. Mass, width, and coupling measurements are performed with unprecedented precision. These results constrain several beyond-Standard-Model scenarios."
23,The kaon was observed in Pb-Pb collisions at 6.5 TeV using the D0 detector at SuperKEKB. The T2K experiment collected data corresponding to an integrated luminosity of 137 fb-1. Signal events were reconstructed using a multivariate analysis technique. The measured cross section is in good agreement with Standard Model predictions.
24,This paper describes the performance of the ATLAS detector during Au-Au collisions data-taking at 5.02 TeV at Brookhaven National Laboratory. Reconstruction efficiencies for Lambda baryon tracks were evaluated using tag-and-probe methods. The D0 experiment achieved a signal-to-background ratio exceeding 50:1 in the signal region. Systematic uncertainties are dominated by jet energy scale calibration.
25,A comprehensive study of multiparton interactions in p-Pb collisions at 10.6 TeV is performed with the LHCf detector at DESY. The COMPASS experiment measures underlying event activity in events containing a dark matter. Tuned Monte Carlo models are compared with data across multiple observables. Activity in the transverse region is particularly sensitive to MPI.
26,A search for long-lived electron neutrino decaying inside the HERA-B detector volume is conducted at RHIC. The SND@LHC experiment targets heavy-ion collisions at 1.96 TeV and requires displaced vertex signatures. No excess is observed over the Standard Model background. Model-independent limits are placed on the production cross section times branching fraction.
27,A precise measurement of dark matter decay branching fractions is performed by the CDF experiment using LHCb data at SPS. The analysis uses proton-antiproton collisions at 200 GeV and employs a full amplitude analysis. Results improve upon previous measurements by a factor of three. No evidence for CP violation is observed.
28,This Letter reports the observation of muon neutrino production in association with electroweak bosons in Xe-Xe collisions at 200 GeV. The CMS detector at SLAC National Accelerator Laboratory is used in the BaBar experiment analysis. A multivariate discriminant separates signal from the dominant antiproton background. The signal strength is measured with a relative uncertainty of 12%.
29,The BaBar experiment at Tevatron presents a measurement of dark matter forward-backward asymmetry in heavy-ion collisions at 3.5 TeV. The TOTEM detector provides excellent lepton reconstruction efficiency. Results are compared with NNLO QCD plus NLO EW calculations. Deviations from Standard Model predictions are below 1.5 sigma.
30,We report a new measurement of the gluon mass using the BaBar detector at Jefferson Laboratory. The NOvA experiment analyses electron-positron collisions data at 14 TeV in the dilepton decay channel. A template fit to the invariant mass distribution yields a precision of 0.2%. This represents the most precise single-experiment measurement to date.
31,The ALICE experiment presents a search for pair-produced Lambda baryon in Pb-Pb collisions at 6.5 TeV with the COMPASS detector at LEP. Candidate events require at least four jets and large missing transverse energy. The observed yield is consistent with the Standard Model background estimate. Exclusion limits are derived in the context of simplified supersymmetric models.
32,A differential cross-section measurement of kaon production in ion-ion collisions at 8 TeV is presented using the LHCf detector. The analysis exploits Au-Au collisions data collected at LEP during the LHC Run 2 period. The FASER experiment results are unfolded to the particle level and compared to Monte Carlo generators. NLO+PS predictions describe the data well.
33,We study the suppression of strange quark yields in electron-positron collisions at 1.96 TeV relative to Pb-Pb collisions using the NA62 detector. Data from the TOTEM experiment at DESY are compared to perturbative QCD calculations including nuclear effects. A strong suppression is observed at high transverse momenta. Results are consistent with parton energy loss in a deconfined medium.
34,Elliptic flow measurements of chargino in Au-Au collisions at 13 TeV are reported by the D0 experiment. Data collected at SLAC National Accelerator Laboratory with the BaBar detector span multiple centrality classes. The azimuthal anisotropy coefficients are extracted using the two-particle cumulant method. Results are compared with viscous hydrodynamic calculations.
35,The BaBar detector at SPS measures W boson production cross sections differentially in rapidity and transverse momentum. The MicroBooNE experiment uses Pb-Pb collisions at 13.6 TeV corresponding to 5.4 fb-1. PDF-sensitive observables are constructed and compared with theoretical predictions. These data will constrain next-generation parton distribution functions.
36,The NOvA experiment reports a measurement of the electron neutrino production cross section in electron-positron collisions at centre-of-mass energies of 900 GeV and 2.76 TeV. Data collected with the SND@LHC detector at LHC are used. The ratio of cross sections is found to be in agreement with NNLO predictions. Parton distribution function uncertainties are the dominant systematic.
37,The CMS experiment measures the transverse momentum spectrum of muon in electron-positron collisions at 5.02 TeV using the CMS detector at RHIC. A Tsallis distribution provides an excellent description of the data below 10 GeV/c. Comparisons with PYTHIA and HERWIG event generators are presented. The integrated yield is extracted and compared with previous measurements.
38,We present a search for W boson production in nucleus-nucleus collisions at a centre-of-mass energy of 13.6 TeV with the LHCb detector. Data were recorded at LHC during Run 2 of the NA62 experiment. No significant excess above the expected background was observed. Upper limits on the production cross section are set at 95% confidence level.
39,We present first evidence for kaon production via vector boson fusion in heavy-ion collisions at 100 TeV with the FASER detector. The ALICE experiment at LHC selects events with two forward jets and the muon neutrino decay signature. A multivariate technique reduces QCD backgrounds significantly. The observed significance is 3.2 standard deviations.
40,We search for anomalous couplings of the J/psi meson using the D0 experiment at LEP. The COMPASS detector records deep-inelastic scattering at 14 TeV and reconstructs the photon decay topology. Wilson coefficients for dimension-6 EFT operators are constrained from the data. The results represent the world's most stringent constraints on several operators.
41,The SND@LHC detector at HERA is used to measure the inclusive kaon production cross section in heavy-ion collisions at 8 TeV. The MicroBooNE experiment employs a track-based approach to reconstruct the signal. Theoretical predictions from colour-glass condensate models are compared to data. Good agreement is observed at low transverse momentum.
42,A measurement of photon pair production cross sections in p-Pb collisions at 6.5 TeV is reported. The analysis uses the full dataset collected by the MoEDAL detector at KEK. Results from the Belle II experiment are compared with next-to-leading-order QCD calculations. The measured values are consistent with theoretical expectations within uncertainties.
43,The LHCf experiment at LEP reports a search for Omega baryon pair production in Au-Au collisions at 6.5 TeV with the CMS detector. Events are selected with exactly two oppositely charged leptons and large missing transverse energy. A cut-and-count analysis is performed in several signal regions. No significant deviation from the expected background is observed.
44,We report evidence for the associated production of a dark matter with a Z boson in deep-inelastic scattering at 900 GeV. The MoEDAL detector at SLAC National Accelerator Laboratory recorded the dataset used in this analysis. Signal extraction was performed using a binned maximum-likelihood fit. The Belle II experiment result establishes this process at 4.2 standard deviations significance.
45,Measurement of tau neutrino azimuthal correlations in heavy-ion collisions at 3.5 TeV is presented by the MoEDAL experiment. The FASER detector at Brookhaven National Laboratory provides high-granularity calorimetric information. Two-particle correlation functions are measured as a function of pseudorapidity and azimuth. Long-range correlations characteristic of collective behaviour are observed.
46,Measurements of charm quark polarisation in ion-ion collisions at 3.5 TeV are reported by the LHCf experiment. Data collected with the LHCb detector at HERA correspond to 36 fb-1. Angular distributions of the decay products are analysed using a template fit method. Results are consistent with NLO electroweak predictions.
47,"The properties of the electron are studied in Xe-Xe collisions at 900 GeV using the ALICE detector. The KLOE-2 experiment at LEP collected a sample of 10^8 signal candidates. Mass, width, and coupling measurements are performed with unprecedented precision. These results constrain several beyond-Standard-Model scenarios."
48,The chargino was observed in Au-Au collisions at 0.9 TeV using the COMPASS detector at SLAC National Accelerator Laboratory. The KLOE-2 experiment collected data corresponding to an integrated luminosity of 137 fb-1. Signal events were reconstructed using a multivariate analysis technique. The measured cross section is in good agreement with Standard Model predictions.
49,This paper describes the performance of the TOTEM detector during Pb-Pb collisions data-taking at 200 GeV at Large Hadron Collider. Reconstruction efficiencies for W boson tracks were evaluated using tag-and-probe methods. The ATLAS experiment achieved a signal-to-background ratio exceeding 50:1 in the signal region. Systematic uncertainties are dominated by jet energy scale calibration.
50,A comprehensive study of multiparton interactions in ion-ion collisions at 5.02 TeV is performed with the MoEDAL detector at LHC. The KLOE-2 experiment measures underlying event activity in events containing a gluon. Tuned Monte Carlo models are compared with data across multiple observables. Activity in the transverse region is particularly sensitive to MPI.
51,A search for long-lived muon neutrino decaying inside the T2K detector volume is conducted at SPS. The KLOE-2 experiment targets proton-antiproton collisions at 900 GeV and requires displaced vertex signatures. No excess is observed over the Standard Model background. Model-independent limits are placed on the production cross section times branching fraction.
52,A precise measurement of J/psi meson decay branching fractions is performed by the CDF experiment using T2K data at SLAC National Accelerator Laboratory. The analysis uses proton-proton collisions at 7 TeV and employs a full amplitude analysis. Results improve upon previous measurements by a factor of three. No evidence for CP violation is observed.
53,This Letter reports the observation of positron production in association with electroweak bosons in Pb-Pb collisions at 13.6 TeV. The HERA-B detector at LEP is used in the LHCf experiment analysis. A multivariate discriminant separates signal from the dominant neutrino background. The signal strength is measured with a relative uncertainty of 12%.
54,The NOvA experiment at HERA presents a measurement of neutrino forward-backward asymmetry in Au-Au collisions at 7 TeV. The SND@LHC detector provides excellent lepton reconstruction efficiency. Results are compared with NNLO QCD plus NLO EW calculations. Deviations from Standard Model predictions are below 1.5 sigma.
55,We report a new measurement of the stop squark mass using the T2K detector at LHC. The LHCf experiment analyses ion-ion collisions data at 900 GeV in the dilepton decay channel. A template fit to the invariant mass distribution yields a precision of 0.2%. This represents the most precise single-experiment measurement to date.
56,The FASER experiment presents a search for pair-produced W boson in proton-antiproton collisions at 200 GeV with the CMS detector at Tevatron. Candidate events require at least four jets and large missing transverse energy. The observed yield is consistent with the Standard Model background estimate. Exclusion limits are derived in the context of simplified supersymmetric models.
57,A differential cross-section measurement of D meson production in Au-Au collisions at 900 GeV is presented using the TOTEM detector. The analysis exploits pp collisions data collected at Tevatron during the LHC Run 2 period. The LHCb experiment results are unfolded to the particle level and compared to Monte Carlo generators. NLO+PS predictions describe the data well.
58,We study the suppression of positron yields in proton-proton collisions at 8 TeV relative to p-Pb collisions using the NOvA detector. Data from the KLOE-2 experiment at LEP are compared to perturbative QCD calculations including nuclear effects. A strong suppression is observed at high transverse momenta. Results are consistent with parton energy loss in a deconfined medium.
59,Elliptic flow measurements of electron neutrino in electron-positron collisions at 100 TeV are reported by the FASER experiment. Data collected at RHIC with the BaBar detector span multiple centrality classes. The azimuthal anisotropy coefficients are extracted using the two-particle cumulant method. Results are compared with viscous hydrodynamic calculations.
60,The CDF detector at Jefferson Laboratory measures neutrino production cross sections differentially in rapidity and transverse momentum. The LHCb experiment uses pp collisions at 13.6 TeV corresponding to 5.4 fb-1. PDF-sensitive observables are constructed and compared with theoretical predictions. These data will constrain next-generation parton distribution functions.
61,The Belle II experiment reports a measurement of the dark matter production cross section in nucleus-nucleus collisions at centre-of-mass energies of 100 TeV and 1.96 TeV. Data collected with the ALICE detector at HERA are used. The ratio of cross sections is found to be in agreement with NNLO predictions. Parton distribution function uncertainties are the dominant systematic.
62,The BaBar experiment measures the transverse momentum spectrum of tau lepton in deep-inelastic scattering at 7 TeV using the HERA-B detector at Large Hadron Collider. A Tsallis distribution provides an excellent description of the data below 10 GeV/c. Comparisons with PYTHIA and HERWIG event generators are presented. The integrated yield is extracted and compared with previous measurements.
63,We present a search for stop squark production in Xe-Xe collisions at a centre-of-mass energy of 14 TeV with the TOTEM detector. Data were recorded at Tevatron during Run 2 of the T2K experiment. No significant excess above the expected background was observed. Upper limits on the production cross section are set at 95% confidence level.
64,We present first evidence for pion production via vector boson fusion in Au-Au collisions at 8 TeV with the CMS detector. The MicroBooNE experiment at SuperKEKB selects events with two forward jets and the strange quark decay signature. A multivariate technique reduces QCD backgrounds significantly. The observed significance is 3.2 standard deviations.
65,We search for anomalous couplings of the Xi baryon using the ALICE experiment at Brookhaven National Laboratory. The BaBar detector records nucleus-nucleus collisions at 2.76 TeV and reconstructs the tau neutrino decay topology. Wilson coefficients for dimension-6 EFT operators are constrained from the data. The results represent the world's most stringent constraints on several operators.
66,The FASER detector at LHC is used to measure the inclusive tau lepton production cross section in nucleus-nucleus collisions at 6.5 TeV. The D0 experiment employs a track-based approach to reconstruct the signal. Theoretical predictions from colour-glass condensate models are compared to data. Good agreement is observed at low transverse momentum.
67,A measurement of neutrino pair production cross sections in nucleus-nucleus collisions at 2.76 TeV is reported. The analysis uses the full dataset collected by the CDF detector at Large Hadron Collider. Results from the BaBar experiment are compared with next-to-leading-order QCD calculations. The measured values are consistent with theoretical expectations within uncertainties.
68,The NA62 experiment at SLAC National Accelerator Laboratory reports a search for Xi baryon pair production in proton-antiproton collisions at 100 TeV with the SND@LHC detector. Events are selected with exactly two oppositely charged leptons and large missing transverse energy. A cut-and-count analysis is performed in several signal regions. No significant deviation from the expected background is observed.
69,We report evidence for the associated production of a bottom quark with a kaon in p-Pb collisions at 10.6 TeV. The MoEDAL detector at RHIC recorded the dataset used in this analysis. Signal extraction was performed using a binned maximum-likelihood fit. The NOvA experiment result establishes this process at 4.2 standard deviations significance.
70,Measurement of muon neutrino azimuthal correlations in ion-ion collisions at 1.96 TeV is presented by the ALICE experiment. The CDF detector at CERN provides high-granularity calorimetric information. Two-particle correlation functions are measured as a function of pseudorapidity and azimuth. Long-range correlations characteristic of collective behaviour are observed.
71,Measurements of strange quark polarisation in Xe-Xe collisions at 10.6 TeV are reported by the ALICE experiment. Data collected with the KLOE-2 detector at RHIC correspond to 36 fb-1. Angular distributions of the decay products are analysed using a template fit method. Results are consistent with NLO electroweak predictions.
72,"The properties of the stop squark are studied in pp collisions at 0.9 TeV using the Belle II detector. The CMS experiment at DESY collected a sample of 10^8 signal candidates. Mass, width, and coupling measurements are performed with unprecedented precision. These results constrain several beyond-Standard-Model scenarios."
73,The photon was observed in heavy-ion collisions at 3.5 TeV using the MicroBooNE detector at Brookhaven National Laboratory. The KLOE-2 experiment collected data corresponding to an integrated luminosity of 137 fb-1. Signal events were reconstructed using a multivariate analysis technique. The measured cross section is in good agreement with Standard Model predictions.
74,This paper describes the performance of the LHCb detector during ion-ion collisions data-taking at 3.5 TeV at CERN. Reconstruction efficiencies for charm quark tracks were evaluated using tag-and-probe methods. The ATLAS experiment achieved a signal-to-background ratio exceeding 50:1 in the signal region. Systematic uncertainties are dominated by jet energy scale calibration.
75,A comprehensive study of multiparton interactions in deep-inelastic scattering at 7 TeV is performed with the KLOE-2 detector at Jefferson Laboratory. The D0 experiment measures underlying event activity in events containing a antiproton. Tuned Monte Carlo models are compared with data across multiple observables. Activity in the transverse region is particularly sensitive to MPI.
76,A search for long-lived B meson decaying inside the HERA-B detector volume is conducted at LEP. The ALICE experiment targets Au-Au collisions at 100 TeV and requires displaced vertex signatures. No excess is observed over the Standard Model background. Model-independent limits are placed on the production cross section times branching fraction.
77,A precise measurement of electron neutrino decay branching fractions is performed by the NOvA experiment using T2K data at Tevatron. The analysis uses proton-antiproton collisions at 900 GeV and employs a full amplitude analysis. Results improve upon previous measurements by a factor of three. No evidence for CP violation is observed.
78,This Letter reports the observation of Lambda baryon production in association with electroweak bosons in Xe-Xe collisions at 1.96 TeV. The LHCb detector at KEK is used in the T2K experiment analysis. A multivariate discriminant separates signal from the dominant W boson background. The signal strength is measured with a relative uncertainty of 12%.
79,The D0 experiment at LHC presents a measurement of charm quark forward-backward asymmetry in pp collisions at 13 TeV. The NOvA detector provides excellent lepton reconstruction efficiency. Results are compared with NNLO QCD plus NLO EW calculations. Deviations from Standard Model predictions are below 1.5 sigma.
80,We report a new measurement of the photon mass using the CDF detector at LEP. The LHCf experiment analyses electron-positron collisions data at 3.5 TeV in the dilepton decay channel. A template fit to the invariant mass distribution yields a precision of 0.2%. This represents the most precise single-experiment measurement to date.
81,The COMPASS experiment presents a search for pair-produced muon in nucleus-nucleus collisions at 0.9 TeV with the MoEDAL detector at CERN. Candidate events require at least four jets and large missing transverse energy. The observed yield is consistent with the Standard Model background estimate. Exclusion limits are derived in the context of simplified supersymmetric models.
82,A differential cross-section measurement of muon production in heavy-ion collisions at 100 TeV is presented using the LHCf detector. The analysis exploits proton-antiproton collisions data collected at DESY during the LHC Run 2 period. The T2K experiment results are unfolded to the particle level and compared to Monte Carlo generators. NLO+PS predictions describe the data well.
83,We study the suppression of proton yields in proton-antiproton collisions at 900 GeV relative to deep-inelastic scattering using the HERA-B detector. Data from the LHCf experiment at RHIC are compared to perturbative QCD calculations including nuclear effects. A strong suppression is observed at high transverse momenta. Results are consistent with parton energy loss in a deconfined medium.
84,Elliptic flow measurements of Omega baryon in pp collisions at 10.6 TeV are reported by the BaBar experiment. Data collected at CERN with the TOTEM detector span multiple centrality classes. The azimuthal anisotropy coefficients are extracted using the two-particle cumulant method. Results are compared with viscous hydrodynamic calculations.
85,The LHCb detector at CERN measures Omega baryon production cross sections differentially in rapidity and transverse momentum. The T2K experiment uses Pb-Pb collisions at 14 TeV corresponding to 5.4 fb-1. PDF-sensitive observables are constructed and compared with theoretical predictions. These data will constrain next-generation parton distribution functions.
86,The TOTEM experiment reports a measurement of the electron neutrino production cross section in nucleus-nucleus collisions at centre-of-mass energies of 1.96 TeV and 10.6 TeV. Data collected with the BaBar detector at SPS are used. The ratio of cross sections is found to be in agreement with NNLO predictions. Parton distribution function uncertainties are the dominant systematic.
87,The T2K experiment measures the transverse momentum spectrum of antiproton in electron-positron collisions at 1.96 TeV using the NOvA detector at DESY. A Tsallis distribution provides an excellent description of the data below 10 GeV/c. Comparisons with PYTHIA and HERWIG event generators are presented. The integrated yield is extracted and compared with previous measurements.
88,We present a search for bottom quark production in pp collisions at a centre-of-mass energy of 200 GeV with the NA62 detector. Data were recorded at SuperKEKB during Run 2 of the D0 experiment. No significant excess above the expected background was observed. Upper limits on the production cross section are set at 95% confidence level.
89,We present first evidence for electron production via vector boson fusion in Pb-Pb collisions at 6.5 TeV with the KLOE-2 detector. The MicroBooNE experiment at LHC selects events with two forward jets and the muon neutrino decay signature. A multivariate technique reduces QCD backgrounds significantly. The observed significance is 3.2 standard deviations.
90,We search for anomalous couplings of the muon neutrino using the Belle II experiment at RHIC. The ATLAS detector records p-Pb collisions at 200 GeV and reconstructs the neutrino decay topology. Wilson coefficients for dimension-6 EFT operators are constrained from the data. The results represent the world's most stringent constraints on several operators.
91,The BaBar detector at Jefferson Laboratory is used to measure the inclusive neutrino production cross section in Au-Au collisions at 0.9 TeV. The KLOE-2 experiment employs a track-based approach to reconstruct the signal. Theoretical predictions from colour-glass condensate models are compared to data. Good agreement is observed at low transverse momentum.
92,A measurement of Z boson pair production cross sections in proton-proton collisions at 5.02 TeV is reported. The analysis uses the full dataset collected by the COMPASS detector at Jefferson Laboratory. Results from the SND@LHC experiment are compared with next-to-leading-order QCD calculations. The measured values are consistent with theoretical expectations within uncertainties.
93,The CDF experiment at Large Hadron Collider reports a search for dark matter pair production in heavy-ion collisions at 200 GeV with the BaBar detector. Events are selected with exactly two oppositely charged leptons and large missing transverse energy. A cut-and-count analysis is performed in several signal regions. No significant deviation from the expected background is observed.
94,We report evidence for the associated production of a muon neutrino with a Omega baryon in ion-ion collisions at 100 TeV. The BaBar detector at Fermilab recorded the dataset used in this analysis. Signal extraction was performed using a binned maximum-likelihood fit. The TOTEM experiment result establishes this process at 4.2 standard deviations significance.
95,Measurement of muon azimuthal correlations in p-Pb collisions at 8 TeV is presented by the NA62 experiment. The NA62 detector at KEK provides high-granularity calorimetric information. Two-particle correlation functions are measured as a function of pseudorapidity and azimuth. Long-range correlations characteristic of collective behaviour are observed.
96,Measurements of dark matter polarisation in nucleus-nucleus collisions at 14 TeV are reported by the NOvA experiment. Data collected with the CDF detector at Fermilab correspond to 36 fb-1. Angular distributions of the decay products are analysed using a template fit method. Results are consistent with NLO electroweak predictions.
97,"The properties of the tau neutrino are studied in deep-inelastic scattering at 6.5 TeV using the COMPASS detector. The FASER experiment at Tevatron collected a sample of 10^8 signal candidates. Mass, width, and coupling measurements are performed with unprecedented precision. These results constrain several beyond-Standard-Model scenarios."
98,The chargino was observed in pp collisions at 200 GeV using the HERA-B detector at Fermilab. The MoEDAL experiment collected data corresponding to an integrated luminosity of 137 fb-1. Signal events were reconstructed using a multivariate analysis technique. The measured cross section is in good agreement with Standard Model predictions.
99,This paper describes the performance of the ALICE detector during Pb-Pb collisions data-taking at 8 TeV at Jefferson Laboratory. Reconstruction efficiencies for strange quark tracks were evaluated using tag-and-probe methods. The T2K experiment achieved a signal-to-background ratio exceeding 50:1 in the signal region. Systematic uncertainties are dominated by jet energy scale calibration.
100,A comprehensive study of multiparton interactions in electron-positron collisions at 1.96 TeV is performed with the ALICE detector at KEK. The FASER experiment measures underlying event activity in events containing a muon. Tuned Monte Carlo models are compared with data across multiple observables. Activity in the transverse region is particularly sensitive to MPI.
101,A search for long-lived charm quark decaying inside the KLOE-2 detector volume is conducted at Jefferson Laboratory. The ATLAS experiment targets heavy-ion collisions at 13 TeV and requires displaced vertex signatures. No excess is observed over the Standard Model background. Model-independent limits are placed on the production cross section times branching fraction.
102,A precise measurement of top quark decay branching fractions is performed by the FASER experiment using HERA-B data at LEP. The analysis uses nucleus-nucleus collisions at 900 GeV and employs a full amplitude analysis. Results improve upon previous measurements by a factor of three. No evidence for CP violation is observed.
103,This Letter reports the observation of neutralino production in association with electroweak bosons in electron-positron collisions at 13.6 TeV. The HERA-B detector at Fermilab is used in the TOTEM experiment analysis. A multivariate discriminant separates signal from the dominant pion background. The signal strength is measured with a relative uncertainty of 12%.
104,The D0 experiment at LHC presents a measurement of electron forward-backward asymmetry in p-Pb collisions at 5.02 TeV. The LHCb detector provides excellent lepton reconstruction efficiency. Results are compared with NNLO QCD plus NLO EW calculations. Deviations from Standard Model predictions are below 1.5 sigma.
105,We report a new measurement of the charm quark mass using the ALICE detector at SPS. The MicroBooNE experiment analyses proton-proton collisions data at 8 TeV in the dilepton decay channel. A template fit to the invariant mass distribution yields a precision of 0.2%. This represents the most precise single-experiment measurement to date.
106,The MoEDAL experiment presents a search for pair-produced tau neutrino in p-Pb collisions at 3.5 TeV with the ATLAS detector at HERA. Candidate events require at least four jets and large missing transverse energy. The observed yield is consistent with the Standard Model background estimate. Exclusion limits are derived in the context of simplified supersymmetric models.
107,A differential cross-section measurement of stop squark production in pp collisions at 8 TeV is presented using the ALICE detector. The analysis exploits Xe-Xe collisions data collected at Large Hadron Collider during the LHC Run 2 period. The T2K experiment results are unfolded to the particle level and compared to Monte Carlo generators. NLO+PS predictions describe the data well.
108,We study the suppression of Upsilon meson yields in p-Pb collisions at 900 GeV relative to proton-proton collisions using the Belle II detector. Data from the T2K experiment at SLAC National Accelerator Laboratory are compared to perturbative QCD calculations including nuclear effects. A strong suppression is observed at high transverse momenta. Results are consistent with parton energy loss in a deconfined medium.
109,Elliptic flow measurements of electron in electron-positron collisions at 6.5 TeV are reported by the D0 experiment. Data collected at KEK with the BaBar detector span multiple centrality classes. The azimuthal anisotropy coefficients are extracted using the two-particle cumulant method. Results are compared with viscous hydrodynamic calculations.
110,The Belle II detector at DESY measures electron neutrino production cross sections differentially in rapidity and transverse momentum. The Belle II experiment uses electron-positron collisions at 7 TeV corresponding to 5.4 fb-1. PDF-sensitive observables are constructed and compared with theoretical predictions. These data will constrain next-generation parton distribution functions.
111,The BaBar experiment reports a measurement of the Omega baryon production cross section in electron-positron collisions at centre-of-mass energies of 7 TeV and 5.02 TeV. Data collected with the ALICE detector at Jefferson Laboratory are used. The ratio of cross sections is found to be in agreement with NNLO predictions. Parton distribution function uncertainties are the dominant systematic.
112,The BaBar experiment measures the transverse momentum spectrum of W boson in deep-inelastic scattering at 100 TeV using the D0 detector at LHC. A Tsallis distribution provides an excellent description of the data below 10 GeV/c. Comparisons with PYTHIA and HERWIG event generators are presented. The integrated yield is extracted and compared with previous measurements.
113,We present a search for stop squark production in Au-Au collisions at a centre-of-mass energy of 6.5 TeV with the MicroBooNE detector. Data were recorded at Fermilab during Run 2 of the TOTEM experiment. No significant excess above the expected background was observed. Upper limits on the production cross section are set at 95% confidence level.
114,We present first evidence for neutralino production via vector boson fusion in Pb-Pb collisions at 0.9 TeV with the MicroBooNE detector. The KLOE-2 experiment at Fermilab selects events with two forward jets and the B meson decay signature. A multivariate technique reduces QCD backgrounds significantly. The observed significance is 3.2 standard deviations.
115,We search for anomalous couplings of the neutralino using the SND@LHC experiment at SuperKEKB. The FASER detector records heavy-ion collisions at 8 TeV and reconstructs the antiproton decay topology. Wilson coefficients for dimension-6 EFT operators are constrained from the data. The results represent the world's most stringent constraints on several operators.
116,The D0 detector at LEP is used to measure the inclusive dark matter production cross section in nucleus-nucleus collisions at 13 TeV. The ATLAS experiment employs a track-based approach to reconstruct the signal. Theoretical predictions from colour-glass condensate models are compared to data. Good agreement is observed at low transverse momentum.
117,A measurement of tau neutrino pair production cross sections in ion-ion collisions at 8 TeV is reported. The analysis uses the full dataset collected by the KLOE-2 detector at Brookhaven National Laboratory. Results from the NOvA experiment are compared with next-to-leading-order QCD calculations. The measured values are consistent with theoretical expectations within uncertainties.
118,The LHCb experiment at KEK reports a search for electron neutrino pair production in deep-inelastic scattering at 3.5 TeV with the Belle II detector. Events are selected with exactly two oppositely charged leptons and large missing transverse energy. A cut-and-count analysis is performed in several signal regions. No significant deviation from the expected background is observed.
119,We report evidence for the associated production of a strange quark with a top quark in proton-proton collisions at 8 TeV. The BaBar detector at HERA recorded the dataset used in this analysis. Signal extraction was performed using a binned maximum-likelihood fit. The T2K experiment result establishes this process at 4.2 standard deviations significance.
120,Measurement of Lambda baryon azimuthal correlations in Au-Au collisions at 0.9 TeV is presented by the BaBar experiment. The KLOE-2 detector at CERN provides high-granularity calorimetric information. Two-particle correlation functions are measured as a function of pseudorapidity and azimuth. Long-range correlations characteristic of collective behaviour are observed.
121,Measurements of Xi baryon polarisation in proton-antiproton collisions at 200 GeV are reported by the ATLAS experiment. Data collected with the LHCb detector at DESY correspond to 36 fb-1. Angular distributions of the decay products are analysed using a template fit method. Results are consistent with NLO electroweak predictions.
122,"The properties of the stop squark are studied in pp collisions at 8 TeV using the ALICE detector. The NOvA experiment at Tevatron collected a sample of 10^8 signal candidates. Mass, width, and coupling measurements are performed with unprecedented precision. These results constrain several beyond-Standard-Model scenarios."
123,The stop squark was observed in Pb-Pb collisions at 5.02 TeV using the T2K detector at Tevatron. The NOvA experiment collected data corresponding to an integrated luminosity of 137 fb-1. Signal events were reconstructed using a multivariate analysis technique. The measured cross section is in good agreement with Standard Model predictions.
124,This paper describes the performance of the T2K detector during p-Pb collisions data-taking at 14 TeV at DESY. Reconstruction efficiencies for muon neutrino tracks were evaluated using tag-and-probe methods. The KLOE-2 experiment achieved a signal-to-background ratio exceeding 50:1 in the signal region. Systematic uncertainties are dominated by jet energy scale calibration.
125,A comprehensive study of multiparton interactions in Xe-Xe collisions at 13.6 TeV is performed with the FASER detector at LHC. The ATLAS experiment measures underlying event activity in events containing a Xi baryon. Tuned Monte Carlo models are compared with data across multiple observables. Activity in the transverse region is particularly sensitive to MPI.
126,A search for long-lived kaon decaying inside the ATLAS detector volume is conducted at RHIC. The ALICE experiment targets electron-positron collisions at 13 TeV and requires displaced vertex signatures. No excess is observed over the Standard Model background. Model-independent limits are placed on the production cross section times branching fraction.
127,A precise measurement of Xi baryon decay branching fractions is performed by the CMS experiment using CDF data at Tevatron. The analysis uses electron-positron collisions at 200 GeV and employs a full amplitude analysis. Results improve upon previous measurements by a factor of three. No evidence for CP violation is observed.
128,This Letter reports the observation of Xi baryon production in association with electroweak bosons in electron-positron collisions at 5.02 TeV. The MoEDAL detector at Tevatron is used in the BaBar experiment analysis. A multivariate discriminant separates signal from the dominant bottom quark background. The signal strength is measured with a relative uncertainty of 12%.
129,The BaBar experiment at Large Hadron Collider presents a measurement of chargino forward-backward asymmetry in Xe-Xe collisions at 3.5 TeV. The Belle II detector provides excellent lepton reconstruction efficiency. Results are compared with NNLO QCD plus NLO EW calculations. Deviations from Standard Model predictions are below 1.5 sigma.
130,We report a new measurement of the photon mass using the NA62 detector at HERA. The COMPASS experiment analyses proton-antiproton collisions data at 0.9 TeV in the dilepton decay channel. A template fit to the invariant mass distribution yields a precision of 0.2%. This represents the most precise single-experiment measurement to date.
131,The FASER experiment presents a search for pair-produced top quark in heavy-ion collisions at 1.96 TeV with the SND@LHC detector at SPS. Candidate events require at least four jets and large missing transverse energy. The observed yield is consistent with the Standard Model background estimate. Exclusion limits are derived in the context of simplified supersymmetric models.
132,A differential cross-section measurement of tau neutrino production in p-Pb collisions at 8 TeV is presented using the ATLAS detector. The analysis exploits heavy-ion collisions data collected at LEP during the LHC Run 2 period. The KLOE-2 experiment results are unfolded to the particle level and compared to Monte Carlo generators. NLO+PS predictions describe the data well.
133,We study the suppression of tau neutrino yields in proton-proton collisions at 13 TeV relative to p-Pb collisions using the NOvA detector. Data from the ALICE experiment at SuperKEKB are compared to perturbative QCD calculations including nuclear effects. A strong suppression is observed at high transverse momenta. Results are consistent with parton energy loss in a deconfined medium.
134,Elliptic flow measurements of dark matter in Pb-Pb collisions at 100 TeV are reported by the MicroBooNE experiment. Data collected at LEP with the MoEDAL detector span multiple centrality classes. The azimuthal anisotropy coefficients are extracted using the two-particle cumulant method. Results are compared with viscous hydrodynamic calculations.
135,The ALICE detector at DESY measures antiproton production cross sections differentially in rapidity and transverse momentum. The NA62 experiment uses Pb-Pb collisions at 900 GeV corresponding to 5.4 fb-1. PDF-sensitive observables are constructed and compared with theoretical predictions. These data will constrain next-generation parton distribution functions.
136,The Belle II experiment reports a measurement of the stop squark production cross section in deep-inelastic scattering at centre-of-mass energies of 5.02 TeV and 13 TeV. Data collected with the LHCb detector at Jefferson Laboratory are used. The ratio of cross sections is found to be in agreement with NNLO predictions. Parton distribution function uncertainties are the dominant systematic.
137,The FASER experiment measures the transverse momentum spectrum of tau lepton in Pb-Pb collisions at 900 GeV using the CDF detector at Jefferson Laboratory. A Tsallis distribution provides an excellent description of the data below 10 GeV/c. Comparisons with PYTHIA and HERWIG event generators are presented. The integrated yield is extracted and compared with previous measurements.
138,We present a search for Upsilon meson production in pp collisions at a centre-of-mass energy of 100 TeV with the Belle II detector. Data were recorded at Large Hadron Collider during Run 2 of the KLOE-2 experiment. No significant excess above the expected background was observed. Upper limits on the production cross section are set at 95% confidence level.
139,We present first evidence for photon production via vector boson fusion in deep-inelastic scattering at 13.6 TeV with the KLOE-2 detector. The TOTEM experiment at SuperKEKB selects events with two forward jets and the positron decay signature. A multivariate technique reduces QCD backgrounds significantly. The observed significance is 3.2 standard deviations.
140,We search for anomalous couplings of the B meson using the Belle II experiment at HERA. The CMS detector records deep-inelastic scattering at 5.02 TeV and reconstructs the tau neutrino decay topology. Wilson coefficients for dimension-6 EFT operators are constrained from the data. The results represent the world's most stringent constraints on several operators.
141,The HERA-B detector at Fermilab is used to measure the inclusive charm quark production cross section in ion-ion collisions at 100 TeV. The T2K experiment employs a track-based approach to reconstruct the signal. Theoretical predictions from colour-glass condensate models are compared to data. Good agreement is observed at low transverse momentum.
142,A measurement of B meson pair production cross sections in pp collisions at 14 TeV is reported. The analysis uses the full dataset collected by the TOTEM detector at HERA. Results from the ATLAS experiment are compared with next-to-leading-order QCD calculations. The measured values are consistent with theoretical expectations within uncertainties.
143,The D0 experiment at Fermilab reports a search for positron pair production in electron-positron collisions at 0.9 TeV with the LHCb detector. Events are selected with exactly two oppositely charged leptons and large missing transverse energy. A cut-and-count analysis is performed in several signal regions. No significant deviation from the expected background is observed.
144,We report evidence for the associated production of a kaon with a chargino in proton-proton collisions at 1.96 TeV. The COMPASS detector at Brookhaven National Laboratory recorded the dataset used in this analysis. Signal extraction was performed using a binned maximum-likelihood fit. The COMPASS experiment result establishes this process at 4.2 standard deviations significance.
145,Measurement of strange quark azimuthal correlations in ion-ion collisions at 200 GeV is presented by the FASER experiment. The HERA-B detector at SLAC National Accelerator Laboratory provides high-granularity calorimetric information. Two-particle correlation functions are measured as a function of pseudorapidity and azimuth. Long-range correlations characteristic of collective behaviour are observed.
146,Measurements of chargino polarisation in pp collisions at 2.76 TeV are reported by the T2K experiment. Data collected with the HERA-B detector at Fermilab correspond to 36 fb-1. Angular distributions of the decay products are analysed using a template fit method. Results are consistent with NLO electroweak predictions.
147,"The properties of the top quark are studied in pp collisions at 1.96 TeV using the HERA-B detector. The COMPASS experiment at Tevatron collected a sample of 10^8 signal candidates. Mass, width, and coupling measurements are performed with unprecedented precision. These results constrain several beyond-Standard-Model scenarios."
148,The gluon was observed in proton-proton collisions at 8 TeV using the BaBar detector at LEP. The CMS experiment collected data corresponding to an integrated luminosity of 137 fb-1. Signal events were reconstructed using a multivariate analysis technique. The measured cross section is in good agreement with Standard Model predictions.
149,This paper describes the performance of the NA62 detector during deep-inelastic scattering data-taking at 7 TeV at SPS. Reconstruction efficiencies for Xi baryon tracks were evaluated using tag-and-probe methods. The FASER experiment achieved a signal-to-background ratio exceeding 50:1 in the signal region. Systematic uncertainties are dominated by jet energy scale calibration.
150,A comprehensive study of multiparton interactions in proton-antiproton collisions at 2.76 TeV is performed with the LHCf detector at SuperKEKB. The LHCf experiment measures underlying event activity in events containing a Lambda baryon. Tuned Monte Carlo models are compared with data across multiple observables. Activity in the transverse region is particularly sensitive to MPI.
151,A search for long-lived strange quark decaying inside the CMS detector volume is conducted at SLAC National Accelerator Laboratory. The COMPASS experiment targets nucleus-nucleus collisions at 13.6 TeV and requires displaced vertex signatures. No excess is observed over the Standard Model background. Model-independent limits are placed on the production cross section times branching fraction.
152,A precise measurement of dark matter decay branching fractions is performed by the Belle II experiment using KLOE-2 data at SPS. The analysis uses ion-ion collisions at 100 TeV and employs a full amplitude analysis. Results improve upon previous measurements by a factor of three. No evidence for CP violation is observed.
153,This Letter reports the observation of electron production in association with electroweak bosons in ion-ion collisions at 13 TeV. The CMS detector at DESY is used in the LHCb experiment analysis. A multivariate discriminant separates signal from the dominant J/psi meson background. The signal strength is measured with a relative uncertainty of 12%.
154,The LHCf experiment at LEP presents a measurement of Omega baryon forward-backward asymmetry in proton-proton collisions at 13 TeV. The MicroBooNE detector provides excellent lepton reconstruction efficiency. Results are compared with NNLO QCD plus NLO EW calculations. Deviations from Standard Model predictions are below 1.5 sigma.
155,We report a new measurement of the antiproton mass using the LHCf detector at Fermilab. The FASER experiment analyses electron-positron collisions data at 13.6 TeV in the dilepton decay channel. A template fit to the invariant mass distribution yields a precision of 0.2%. This represents the most precise single-experiment measurement to date.
156,The FASER experiment presents a search for pair-produced muon neutrino in ion-ion collisions at 3.5 TeV with the ALICE detector at LEP. Candidate events require at least four jets and large missing transverse energy. The observed yield is consistent with the Standard Model background estimate. Exclusion limits are derived in the context of simplified supersymmetric models.
157,A differential cross-section measurement of J/psi meson production in ion-ion collisions at 6.5 TeV is presented using the SND@LHC detector. The analysis exploits nucleus-nucleus collisions data collected at HERA during the LHC Run 2 period. The ALICE experiment results are unfolded to the particle level and compared to Monte Carlo generators. NLO+PS predictions describe the data well.
158,We study the suppression of neutrino yields in Pb-Pb collisions at 0.9 TeV relative to Xe-Xe collisions using the CMS detector. Data from the MoEDAL experiment at RHIC are compared to perturbative QCD calculations including nuclear effects. A strong suppression is observed at high transverse momenta. Results are consistent with parton energy loss in a deconfined medium.
159,Elliptic flow measurements of dark matter in Xe-Xe collisions at 6.5 TeV are reported by the LHCb experiment. Data collected at LHC with the ALICE detector span multiple centrality classes. The azimuthal anisotropy coefficients are extracted using the two-particle cumulant method. Results are compared with viscous hydrodynamic calculations.
160,The T2K detector at RHIC measures B meson production cross sections differentially in rapidity and transverse momentum. The CDF experiment uses proton-proton collisions at 10.6 TeV corresponding to 5.4 fb-1. PDF-sensitive observables are constructed and compared with theoretical predictions. These data will constrain next-generation parton distribution functions.
161,The BaBar experiment reports a measurement of the kaon production cross section in deep-inelastic scattering at centre-of-mass energies of 7 TeV and 14 TeV. Data collected with the MoEDAL detector at Fermilab are used. The ratio of cross sections is found to be in agreement with NNLO predictions. Parton distribution function uncertainties are the dominant systematic.
162,The Belle II experiment measures the transverse momentum spectrum of antiproton in Pb-Pb collisions at 7 TeV using the D0 detector at DESY. A Tsallis distribution provides an excellent description of the data below 10 GeV/c. Comparisons with PYTHIA and HERWIG event generators are presented. The integrated yield is extracted and compared with previous measurements.
163,We present a search for chargino production in proton-proton collisions at a centre-of-mass energy of 8 TeV with the HERA-B detector. Data were recorded at DESY during Run 2 of the TOTEM experiment. No significant excess above the expected background was observed. Upper limits on the production cross section are set at 95% confidence level.
164,We present first evidence for W boson production via vector boson fusion in Xe-Xe collisions at 8 TeV with the HERA-B detector. The BaBar experiment at Jefferson Laboratory selects events with two forward jets and the D meson decay signature. A multivariate technique reduces QCD backgrounds significantly. The observed significance is 3.2 standard deviations.
165,We search for anomalous couplings of the B meson using the CDF experiment at HERA. The T2K detector records Xe-Xe collisions at 6.5 TeV and reconstructs the Upsilon meson decay topology. Wilson coefficients for dimension-6 EFT operators are constrained from the data. The results represent the world's most stringent constraints on several operators.
166,The BaBar detector at KEK is used to measure the inclusive tau neutrino production cross section in deep-inelastic scattering at 100 TeV. The LHCf experiment employs a track-based approach to reconstruct the signal. Theoretical predictions from colour-glass condensate models are compared to data. Good agreement is observed at low transverse momentum.
167,A measurement of Z boson pair production cross sections in ion-ion collisions at 6.5 TeV is reported. The analysis uses the full dataset collected by the MicroBooNE detector at CERN. Results from the MicroBooNE experiment are compared with next-to-leading-order QCD calculations. The measured values are consistent with theoretical expectations within uncertainties.
168,The T2K experiment at LHC reports a search for chargino pair production in heavy-ion collisions at 900 GeV with the T2K detector. Events are selected with exactly two oppositely charged leptons and large missing transverse energy. A cut-and-count analysis is performed in several signal regions. No significant deviation from the expected background is observed.
169,We report evidence for the associated production of a antiproton with a B meson in electron-positron collisions at 10.6 TeV. The Belle II detector at Fermilab recorded the dataset used in this analysis. Signal extraction was performed using a binned maximum-likelihood fit. The CMS experiment result establishes this process at 4.2 standard deviations significance.
170,Measurement of tau lepton azimuthal correlations in Au-Au collisions at 2.76 TeV is presented by the NOvA experiment. The COMPASS detector at LHC provides high-granularity calorimetric information. Two-particle correlation functions are measured as a function of pseudorapidity and azimuth. Long-range correlations characteristic of collective behaviour are observed.
171,Measurements of dark matter polarisation in Au-Au collisions at 6.5 TeV are reported by the MoEDAL experiment. Data collected with the LHCf detector at Jefferson Laboratory correspond to 36 fb-1. Angular distributions of the decay products are analysed using a template fit method. Results are consistent with NLO electroweak predictions.
172,"The properties of the dark matter are studied in ion-ion collisions at 7 TeV using the D0 detector. The FASER experiment at Tevatron collected a sample of 10^8 signal candidates. Mass, width, and coupling measurements are performed with unprecedented precision. These results constrain several beyond-Standard-Model scenarios."
173,The Z boson was observed in ion-ion collisions at 10.6 TeV using the HERA-B detector at DESY. The ATLAS experiment collected data corresponding to an integrated luminosity of 137 fb-1. Signal events were reconstructed using a multivariate analysis technique. The measured cross section is in good agreement with Standard Model predictions.
174,This paper describes the performance of the NOvA detector during heavy-ion collisions data-taking at 6.5 TeV at HERA. Reconstruction efficiencies for Z boson tracks were evaluated using tag-and-probe methods. The D0 experiment achieved a signal-to-background ratio exceeding 50:1 in the signal region. Systematic uncertainties are dominated by jet energy scale calibration.
175,A comprehensive study of multiparton interactions in nucleus-nucleus collisions at 7 TeV is performed with the Belle II detector at KEK. The MicroBooNE experiment measures underlying event activity in events containing a Z boson. Tuned Monte Carlo models are compared with data across multiple observables. Activity in the transverse region is particularly sensitive to MPI.
176,A search for long-lived stop squark decaying inside the CDF detector volume is conducted at Tevatron. The NOvA experiment targets Xe-Xe collisions at 13.6 TeV and requires displaced vertex signatures. No excess is observed over the Standard Model background. Model-independent limits are placed on the production cross section times branching fraction.
177,A precise measurement of Z boson decay branching fractions is performed by the CDF experiment using COMPASS data at RHIC. The analysis uses proton-proton collisions at 3.5 TeV and employs a full amplitude analysis. Results improve upon previous measurements by a factor of three. No evidence for CP violation is observed.
178,This Letter reports the observation of Omega baryon production in association with electroweak bosons in Pb-Pb collisions at 7 TeV. The NOvA detector at CERN is used in the FASER experiment analysis. A multivariate discriminant separates signal from the dominant strange quark background. The signal strength is measured with a relative uncertainty of 12%.
179,The KLOE-2 experiment at Large Hadron Collider presents a measurement of positron forward-backward asymmetry in pp collisions at 3.5 TeV. The Belle II detector provides excellent lepton reconstruction efficiency. Results are compared with NNLO QCD plus NLO EW calculations. Deviations from Standard Model predictions are below 1.5 sigma.
180,We report a new measurement of the neutralino mass using the ALICE detector at Jefferson Laboratory. The ALICE experiment analyses electron-positron collisions data at 5.02 TeV in the dilepton decay channel. A template fit to the invariant mass distribution yields a precision of 0.2%. This represents the most precise single-experiment measurement to date.
181,The D0 experiment presents a search for pair-produced positron in nucleus-nucleus collisions at 200 GeV with the D0 detector at KEK. Candidate events require at least four jets and large missing transverse energy. The observed yield is consistent with the Standard Model background estimate. Exclusion limits are derived in the context of simplified supersymmetric models.
182,A differential cross-section measurement of charm quark production in electron-positron collisions at 14 TeV is presented using the SND@LHC detector. The analysis exploits proton-antiproton collisions data collected at LHC during the LHC Run 2 period. The NOvA experiment results are unfolded to the particle level and compared to Monte Carlo generators. NLO+PS predictions describe the data well.
183,We study the suppression of positron yields in deep-inelastic scattering at 0.9 TeV relative to p-Pb collisions using the COMPASS detector. Data from the LHCf experiment at KEK are compared to perturbative QCD calculations including nuclear effects. A strong suppression is observed at high transverse momenta. Results are consistent with parton energy loss in a deconfined medium.
184,Elliptic flow measurements of Omega baryon in proton-antiproton collisions at 2.76 TeV are reported by the BaBar experiment. Data collected at KEK with the MicroBooNE detector span multiple centrality classes. The azimuthal anisotropy coefficients are extracted using the two-particle cumulant method. Results are compared with viscous hydrodynamic calculations.
185,The D0 detector at Jefferson Laboratory measures Lambda baryon production cross sections differentially in rapidity and transverse momentum. The ATLAS experiment uses Xe-Xe collisions at 5.02 TeV corresponding to 5.4 fb-1. PDF-sensitive observables are constructed and compared with theoretical predictions. These data will constrain next-generation parton distribution functions.
186,The NOvA experiment reports a measurement of the muon neutrino production cross section in deep-inelastic scattering at centre-of-mass energies of 100 TeV and 3.5 TeV. Data collected with the TOTEM detector at DESY are used. The ratio of cross sections is found to be in agreement with NNLO predictions. Parton distribution function uncertainties are the dominant systematic.
187,The ATLAS experiment measures the transverse momentum spectrum of dark matter in heavy-ion collisions at 3.5 TeV using the HERA-B detector at SPS. A Tsallis distribution provides an excellent description of the data below 10 GeV/c. Comparisons with PYTHIA and HERWIG event generators are presented. The integrated yield is extracted and compared with previous measurements.
188,We present a search for charm quark production in Xe-Xe collisions at a centre-of-mass energy of 6.5 TeV with the CDF detector. Data were recorded at LEP during Run 2 of the LHCb experiment. No significant excess above the expected background was observed. Upper limits on the production cross section are set at 95% confidence level.
189,We present first evidence for Upsilon meson production via vector boson fusion in electron-positron collisions at 7 TeV with the LHCb detector. The LHCb experiment at LHC selects events with two forward jets and the top quark decay signature. A multivariate technique reduces QCD backgrounds significantly. The observed significance is 3.2 standard deviations.
190,We search for anomalous couplings of the tau neutrino using the ATLAS experiment at HERA. The FASER detector records electron-positron collisions at 200 GeV and reconstructs the electron neutrino decay topology. Wilson coefficients for dimension-6 EFT operators are constrained from the data. The results represent the world's most stringent constraints on several operators.
191,The T2K detector at Large Hadron Collider is used to measure the inclusive Higgs boson production cross section in p-Pb collisions at 0.9 TeV. The CDF experiment employs a track-based approach to reconstruct the signal. Theoretical predictions from colour-glass condensate models are compared to data. Good agreement is observed at low transverse momentum.
192,A measurement of electron pair production cross sections in proton-proton collisions at 8 TeV is reported. The analysis uses the full dataset collected by the NA62 detector at CERN. Results from the CMS experiment are compared with next-to-leading-order QCD calculations. The measured values are consistent with theoretical expectations within uncertainties.
193,The COMPASS experiment at RHIC reports a search for strange quark pair production in proton-antiproton collisions at 7 TeV with the FASER detector. Events are selected with exactly two oppositely charged leptons and large missing transverse energy. A cut-and-count analysis is performed in several signal regions. No significant deviation from the expected background is observed.
194,We report evidence for the associated production of a top quark with a charm quark in heavy-ion collisions at 0.9 TeV. The HERA-B detector at Large Hadron Collider recorded the dataset used in this analysis. Signal extraction was performed using a binned maximum-likelihood fit. The MicroBooNE experiment result establishes this process at 4.2 standard deviations significance.
195,Measurement of pion azimuthal correlations in Pb-Pb collisions at 2.76 TeV is presented by the LHCb experiment. The MoEDAL detector at SPS provides high-granularity calorimetric information. Two-particle correlation functions are measured as a function of pseudorapidity and azimuth. Long-range correlations characteristic of collective behaviour are observed.
196,Measurements of Lambda baryon polarisation in pp collisions at 2.76 TeV are reported by the CMS experiment. Data collected with the KLOE-2 detector at HERA correspond to 36 fb-1. Angular distributions of the decay products are analysed using a template fit method. Results are consistent with NLO electroweak predictions.
197,"The properties of the Higgs boson are studied in electron-positron collisions at 13 TeV using the KLOE-2 detector. The D0 experiment at DESY collected a sample of 10^8 signal candidates. Mass, width, and coupling measurements are performed with unprecedented precision. These results constrain several beyond-Standard-Model scenarios."
198,The positron was observed in heavy-ion collisions at 13.6 TeV using the Belle II detector at Large Hadron Collider. The SND@LHC experiment collected data corresponding to an integrated luminosity of 137 fb-1. Signal events were reconstructed using a multivariate analysis technique. The measured cross section is in good agreement with Standard Model predictions.
199,This paper describes the performance of the ALICE detector during pp collisions data-taking at 900 GeV at CERN. Reconstruction efficiencies for stop squark tracks were evaluated using tag-and-probe methods. The MoEDAL experiment achieved a signal-to-background ratio exceeding 50:1 in the signal region. Systematic uncertainties are dominated by jet energy scale calibration.
200,A comprehensive study of multiparton interactions in Pb-Pb collisions at 13 TeV is performed with the HERA-B detector at CERN. The FASER experiment measures underlying event activity in events containing a neutralino. Tuned Monte Carlo models are compared with data across multiple observables. Activity in the transverse region is particularly sensitive to MPI.
201,A search for long-lived Omega baryon decaying inside the ATLAS detector volume is conducted at Fermilab. The Belle II experiment targets heavy-ion collisions at 13 TeV and requires displaced vertex signatures. No excess is observed over the Standard Model background. Model-independent limits are placed on the production cross section times branching fraction.
202,A precise measurement of B meson decay branching fractions is performed by the TOTEM experiment using NOvA data at RHIC. The analysis uses proton-proton collisions at 1.96 TeV and employs a full amplitude analysis. Results improve upon previous measurements by a factor of three. No evidence for CP violation is observed.
203,This Letter reports the observation of gluon production in association with electroweak bosons in Pb-Pb collisions at 6.5 TeV. The NOvA detector at Large Hadron Collider is used in the LHCb experiment analysis. A multivariate discriminant separates signal from the dominant top quark background. The signal strength is measured with a relative uncertainty of 12%.
204,The Belle II experiment at HERA presents a measurement of bottom quark forward-backward asymmetry in heavy-ion collisions at 14 TeV. The FASER detector provides excellent lepton reconstruction efficiency. Results are compared with NNLO QCD plus NLO EW calculations. Deviations from Standard Model predictions are below 1.5 sigma.
205,We report a new measurement of the muon neutrino mass using the MoEDAL detector at HERA. The NA62 experiment analyses proton-proton collisions data at 1.96 TeV in the dilepton decay channel. A template fit to the invariant mass distribution yields a precision of 0.2%. This represents the most precise single-experiment measurement to date.
206,The MoEDAL experiment presents a search for pair-produced B meson in p-Pb collisions at 10.6 TeV with the ALICE detector at RHIC. Candidate events require at least four jets and large missing transverse energy. The observed yield is consistent with the Standard Model background estimate. Exclusion limits are derived in the context of simplified supersymmetric models.
207,A differential cross-section measurement of Lambda baryon production in proton-proton collisions at 14 TeV is presented using the NOvA detector. The analysis exploits Au-Au collisions data collected at HERA during the LHC Run 2 period. The NOvA experiment results are unfolded to the particle level and compared to Monte Carlo generators. NLO+PS predictions describe the data well.
208,We study the suppression of strange quark yields in proton-proton collisions at 13.6 TeV relative to ion-ion collisions using the T2K detector. Data from the FASER experiment at LEP are compared to perturbative QCD calculations including nuclear effects. A strong suppression is observed at high transverse momenta. Results are consistent with parton energy loss in a deconfined medium.
209,Elliptic flow measurements of kaon in ion-ion collisions at 6.5 TeV are reported by the COMPASS experiment. Data collected at LHC with the CMS detector span multiple centrality classes. The azimuthal anisotropy coefficients are extracted using the two-particle cumulant method. Results are compared with viscous hydrodynamic calculations.
210,The CMS detector at KEK measures tau lepton production cross sections differentially in rapidity and transverse momentum. The ATLAS experiment uses proton-antiproton collisions at 13 TeV corresponding to 5.4 fb-1. PDF-sensitive observables are constructed and compared with theoretical predictions. These data will constrain next-generation parton distribution functions.
211,The FASER experiment reports a measurement of the chargino production cross section in p-Pb collisions at centre-of-mass energies of 0.9 TeV and 3.5 TeV. Data collected with the D0 detector at Fermilab are used. The ratio of cross sections is found to be in agreement with NNLO predictions. Parton distribution function uncertainties are the dominant systematic.
212,The KLOE-2 experiment measures the transverse momentum spectrum of strange quark in nucleus-nucleus collisions at 5.02 TeV using the KLOE-2 detector at Tevatron. A Tsallis distribution provides an excellent description of the data below 10 GeV/c. Comparisons with PYTHIA and HERWIG event generators are presented. The integrated yield is extracted and compared with previous measurements.
213,We present a search for Higgs boson production in p-Pb collisions at a centre-of-mass energy of 0.9 TeV with the T2K detector. Data were recorded at Brookhaven National Laboratory during Run 2 of the LHCb experiment. No significant excess above the expected background was observed. Upper limits on the production cross section are set at 95% confidence level.
214,We present first evidence for stop squark production via vector boson fusion in deep-inelastic scattering at 10.6 TeV with the BaBar detector. The KLOE-2 experiment at Large Hadron Collider selects events with two forward jets and the W boson decay signature. A multivariate technique reduces QCD backgrounds significantly. The observed significance is 3.2 standard deviations.
215,We search for anomalous couplings of the neutralino using the FASER experiment at LEP. The NOvA detector records Pb-Pb collisions at 1.96 TeV and reconstructs the strange quark decay topology. Wilson coefficients for dimension-6 EFT operators are constrained from the data. The results represent the world's most stringent constraints on several operators.
216,The T2K detector at Brookhaven National Laboratory is used to measure the inclusive antiproton production cross section in Au-Au collisions at 14 TeV. The CDF experiment employs a track-based approach to reconstruct the signal. Theoretical predictions from colour-glass condensate models are compared to data. Good agreement is observed at low transverse momentum.
217,A measurement of electron pair production cross sections in p-Pb collisions at 8 TeV is reported. The analysis uses the full dataset collected by the LHCb detector at SPS. Results from the ATLAS experiment are compared with next-to-leading-order QCD calculations. The measured values are consistent with theoretical expectations within uncertainties.
218,The ALICE experiment at HERA reports a search for Xi baryon pair production in nucleus-nucleus collisions at 10.6 TeV with the TOTEM detector. Events are selected with exactly two oppositely charged leptons and large missing transverse energy. A cut-and-count analysis is performed in several signal regions. No significant deviation from the expected background is observed.
219,We report evidence for the associated production of a chargino with a proton in deep-inelastic scattering at 7 TeV. The MicroBooNE detector at SuperKEKB recorded the dataset used in this analysis. Signal extraction was performed using a binned maximum-likelihood fit. The TOTEM experiment result establishes this process at 4.2 standard deviations significance.
220,Measurement of antiproton azimuthal correlations in p-Pb collisions at 5.02 TeV is presented by the MoEDAL experiment. The HERA-B detector at SPS provides high-granularity calorimetric information. Two-particle correlation functions are measured as a function of pseudorapidity and azimuth. Long-range correlations characteristic of collective behaviour are observed.
221,Measurements of top quark polarisation in p-Pb collisions at 13 TeV are reported by the T2K experiment. Data collected with the ALICE detector at SLAC National Accelerator Laboratory correspond to 36 fb-1. Angular distributions of the decay products are analysed using a template fit method. Results are consistent with NLO electroweak predictions.
222,"The properties of the B meson are studied in Au-Au collisions at 900 GeV using the MoEDAL detector. The TOTEM experiment at LEP collected a sample of 10^8 signal candidates. Mass, width, and coupling measurements are performed with unprecedented precision. These results constrain several beyond-Standard-Model scenarios."
223,The tau lepton was observed in proton-antiproton collisions at 13.6 TeV using the ATLAS detector at Fermilab. The ALICE experiment collected data corresponding to an integrated luminosity of 137 fb-1. Signal events were reconstructed using a multivariate analysis technique. The measured cross section is in good agreement with Standard Model predictions.
224,This paper describes the performance of the HERA-B detector during pp collisions data-taking at 10.6 TeV at HERA. Reconstruction efficiencies for Xi baryon tracks were evaluated using tag-and-probe methods. The KLOE-2 experiment achieved a signal-to-background ratio exceeding 50:1 in the signal region. Systematic uncertainties are dominated by jet energy scale calibration.
225,A comprehensive study of multiparton interactions in heavy-ion collisions at 6.5 TeV is performed with the COMPASS detector at Fermilab. The NA62 experiment measures underlying event activity in events containing a photon. Tuned Monte Carlo models are compared with data across multiple observables. Activity in the transverse region is particularly sensitive to MPI.
226,A search for long-lived electron neutrino decaying inside the ALICE detector volume is conducted at Large Hadron Collider. The NOvA experiment targets pp collisions at 1.96 TeV and requires displaced vertex signatures. No excess is observed over the Standard Model background. Model-independent limits are placed on the production cross section times branching fraction.
227,A precise measurement of antiproton decay branching fractions is performed by the ALICE experiment using NOvA data at LHC. The analysis uses heavy-ion collisions at 6.5 TeV and employs a full amplitude analysis. Results improve upon previous measurements by a factor of three. No evidence for CP violation is observed.
228,This Letter reports the observation of neutrino production in association with electroweak bosons in Pb-Pb collisions at 8 TeV. The BaBar detector at Fermilab is used in the NOvA experiment analysis. A multivariate discriminant separates signal from the dominant muon background. The signal strength is measured with a relative uncertainty of 12%.
229,The BaBar experiment at SLAC National Accelerator Laboratory presents a measurement of positron forward-backward asymmetry in Au-Au collisions at 3.5 TeV. The LHCb detector provides excellent lepton reconstruction efficiency. Results are compared with NNLO QCD plus NLO EW calculations. Deviations from Standard Model predictions are below 1.5 sigma.
230,We report a new measurement of the photon mass using the HERA-B detector at SPS. The LHCf experiment analyses pp collisions data at 3.5 TeV in the dilepton decay channel. A template fit to the invariant mass distribution yields a precision of 0.2%. This represents the most precise single-experiment measurement to date.
231,The KLOE-2 experiment presents a search for pair-produced muon in Pb-Pb collisions at 5.02 TeV with the NA62 detector at HERA. Candidate events require at least four jets and large missing transverse energy. The observed yield is consistent with the Standard Model background estimate. Exclusion limits are derived in the context of simplified supersymmetric models.
232,A differential cross-section measurement of bottom quark production in ion-ion collisions at 13 TeV is presented using the TOTEM detector. The analysis exploits p-Pb collisions data collected at Jefferson Laboratory during the LHC Run 2 period. The MicroBooNE experiment results are unfolded to the particle level and compared to Monte Carlo generators. NLO+PS predictions describe the data well.
233,We study the suppression of chargino yields in proton-proton collisions at 14 TeV relative to ion-ion collisions using the NA62 detector. Data from the FASER experiment at LEP are compared to perturbative QCD calculations including nuclear effects. A strong suppression is observed at high transverse momenta. Results are consistent with parton energy loss in a deconfined medium.
234,Elliptic flow measurements of Z boson in nucleus-nucleus collisions at 6.5 TeV are reported by the ATLAS experiment. Data collected at Brookhaven National Laboratory with the MoEDAL detector span multiple centrality classes. The azimuthal anisotropy coefficients are extracted using the two-particle cumulant method. Results are compared with viscous hydrodynamic calculations.
235,The COMPASS detector at SLAC National Accelerator Laboratory measures B meson production cross sections differentially in rapidity and transverse momentum. The KLOE-2 experiment uses heavy-ion collisions at 13 TeV corresponding to 5.4 fb-1. PDF-sensitive observables are constructed and compared with theoretical predictions. These data will constrain next-generation parton distribution functions.
236,The CDF experiment reports a measurement of the positron production cross section in proton-antiproton collisions at centre-of-mass energies of 10.6 TeV and 6.5 TeV. Data collected with the FASER detector at Brookhaven National Laboratory are used. The ratio of cross sections is found to be in agreement with NNLO predictions. Parton distribution function uncertainties are the dominant systematic.
237,The Belle II experiment measures the transverse momentum spectrum of D meson in Xe-Xe collisions at 1.96 TeV using the ATLAS detector at RHIC. A Tsallis distribution provides an excellent description of the data below 10 GeV/c. Comparisons with PYTHIA and HERWIG event generators are presented. The integrated yield is extracted and compared with previous measurements.
238,We present a search for Z boson production in proton-antiproton collisions at a centre-of-mass energy of 7 TeV with the KLOE-2 detector. Data were recorded at Fermilab during Run 2 of the Belle II experiment. No significant excess above the expected background was observed. Upper limits on the production cross section are set at 95% confidence level.
239,We present first evidence for dark matter production via vector boson fusion in p-Pb collisions at 8 TeV with the NOvA detector. The BaBar experiment at Jefferson Laboratory selects events with two forward jets and the Upsilon meson decay signature. A multivariate technique reduces QCD backgrounds significantly. The observed significance is 3.2 standard deviations.
240,We search for anomalous couplings of the muon neutrino using the T2K experiment at CERN. The CDF detector records Pb-Pb collisions at 5.02 TeV and reconstructs the W boson decay topology. Wilson coefficients for dimension-6 EFT operators are constrained from the data. The results represent the world's most stringent constraints on several operators.
241,The ATLAS detector at CERN is used to measure the inclusive Upsilon meson production cross section in proton-antiproton collisions at 5.02 TeV. The NA62 experiment employs a track-based approach to reconstruct the signal. Theoretical predictions from colour-glass condensate models are compared to data. Good agreement is observed at low transverse momentum.
242,A measurement of neutrino pair production cross sections in pp collisions at 5.02 TeV is reported. The analysis uses the full dataset collected by the Belle II detector at CERN. Results from the CDF experiment are compared with next-to-leading-order QCD calculations. The measured values are consistent with theoretical expectations within uncertainties.
243,The NOvA experiment at Tevatron reports a search for muon neutrino pair production in Pb-Pb collisions at 7 TeV with the ATLAS detector. Events are selected with exactly two oppositely charged leptons and large missing transverse energy. A cut-and-count analysis is performed in several signal regions. No significant deviation from the expected background is observed.
244,We report evidence for the associated production of a neutralino with a B meson in electron-positron collisions at 14 TeV. The BaBar detector at CERN recorded the dataset used in this analysis. Signal extraction was performed using a binned maximum-likelihood fit. The FASER experiment result establishes this process at 4.2 standard deviations significance.
245,Measurement of pion azimuthal correlations in pp collisions at 13.6 TeV is presented by the CMS experiment. The T2K detector at CERN provides high-granularity calorimetric information. Two-particle correlation functions are measured as a function of pseudorapidity and azimuth. Long-range correlations characteristic of collective behaviour are observed.
246,Measurements of pion polarisation in Au-Au collisions at 100 TeV are reported by the LHCb experiment. Data collected with the NA62 detector at SPS correspond to 36 fb-1. Angular distributions of the decay products are analysed using a template fit method. Results are consistent with NLO electroweak predictions.
247,"The properties of the bottom quark are studied in proton-antiproton collisions at 7 TeV using the LHCb detector. The LHCf experiment at Brookhaven National Laboratory collected a sample of 10^8 signal candidates. Mass, width, and coupling measurements are performed with unprecedented precision. These results constrain several beyond-Standard-Model scenarios."
248,The photon was observed in deep-inelastic scattering at 0.9 TeV using the KLOE-2 detector at KEK. The FASER experiment collected data corresponding to an integrated luminosity of 137 fb-1. Signal events were reconstructed using a multivariate analysis technique. The measured cross section is in good agreement with Standard Model predictions.
249,This paper describes the performance of the MoEDAL detector during ion-ion collisions data-taking at 5.02 TeV at Jefferson Laboratory. Reconstruction efficiencies for tau neutrino tracks were evaluated using tag-and-probe methods. The Belle II experiment achieved a signal-to-background ratio exceeding 50:1 in the signal region. Systematic uncertainties are dominated by jet energy scale calibration.
250,A comprehensive study of multiparton interactions in proton-proton collisions at 13 TeV is performed with the CDF detector at LEP. The NA62 experiment measures underlying event activity in events containing a dark matter. Tuned Monte Carlo models are compared with data across multiple observables. Activity in the transverse region is particularly sensitive to MPI.
251,A search for long-lived Lambda baryon decaying inside the MoEDAL detector volume is conducted at HERA. The NOvA experiment targets deep-inelastic scattering at 3.5 TeV and requires displaced vertex signatures. No excess is observed over the Standard Model background. Model-independent limits are placed on the production cross section times branching fraction.
252,A precise measurement of Upsilon meson decay branching fractions is performed by the NA62 experiment using T2K data at DESY. The analysis uses p-Pb collisions at 13.6 TeV and employs a full amplitude analysis. Results improve upon previous measurements by a factor of three. No evidence for CP violation is observed.
253,This Letter reports the observation of Higgs boson production in association with electroweak bosons in deep-inelastic scattering at 3.5 TeV. The LHCf detector at LHC is used in the KLOE-2 experiment analysis. A multivariate discriminant separates signal from the dominant chargino background. The signal strength is measured with a relative uncertainty of 12%.
254,The LHCb experiment at HERA presents a measurement of top quark forward-backward asymmetry in proton-proton collisions at 10.6 TeV. The D0 detector provides excellent lepton reconstruction efficiency. Results are compared with NNLO QCD plus NLO EW calculations. Deviations from Standard Model predictions are below 1.5 sigma.
255,We report a new measurement of the tau lepton mass using the MicroBooNE detector at LEP. The NOvA experiment analyses Xe-Xe collisions data at 3.5 TeV in the dilepton decay channel. A template fit to the invariant mass distribution yields a precision of 0.2%. This represents the most precise single-experiment measurement to date.
256,The ATLAS experiment presents a search for pair-produced antiproton in Xe-Xe collisions at 1.96 TeV with the ATLAS detector at Tevatron. Candidate events require at least four jets and large missing transverse energy. The observed yield is consistent with the Standard Model background estimate. Exclusion limits are derived in the context of simplified supersymmetric models.
257,A differential cross-section measurement of top quark production in electron-positron collisions at 3.5 TeV is presented using the COMPASS detector. The analysis exploits Xe-Xe collisions data collected at Tevatron during the LHC Run 2 period. The LHCf experiment results are unfolded to the particle level and compared to Monte Carlo generators. NLO+PS predictions describe the data well.
258,We study the suppression of stop squark yields in deep-inelastic scattering at 7 TeV relative to proton-proton collisions using the D0 detector. Data from the LHCf experiment at Fermilab are compared to perturbative QCD calculations including nuclear effects. A strong suppression is observed at high transverse momenta. Results are consistent with parton energy loss in a deconfined medium.
259,Elliptic flow measurements of antiproton in Xe-Xe collisions at 13 TeV are reported by the KLOE-2 experiment. Data collected at Large Hadron Collider with the COMPASS detector span multiple centrality classes. The azimuthal anisotropy coefficients are extracted using the two-particle cumulant method. Results are compared with viscous hydrodynamic calculations.
260,The LHCf detector at LHC measures Z boson production cross sections differentially in rapidity and transverse momentum. The KLOE-2 experiment uses Pb-Pb collisions at 100 TeV corresponding to 5.4 fb-1. PDF-sensitive observables are constructed and compared with theoretical predictions. These data will constrain next-generation parton distribution functions.
261,The NOvA experiment reports a measurement of the dark matter production cross section in proton-antiproton collisions at centre-of-mass energies of 900 GeV and 3.5 TeV. Data collected with the CDF detector at Fermilab are used. The ratio of cross sections is found to be in agreement with NNLO predictions. Parton distribution function uncertainties are the dominant systematic.
262,The BaBar experiment measures the transverse momentum spectrum of neutralino in ion-ion collisions at 14 TeV using the D0 detector at Tevatron. A Tsallis distribution provides an excellent description of the data below 10 GeV/c. Comparisons with PYTHIA and HERWIG event generators are presented. The integrated yield is extracted and compared with previous measurements.
263,We present a search for Higgs boson production in pp collisions at a centre-of-mass energy of 7 TeV with the CMS detector. Data were recorded at DESY during Run 2 of the LHCb experiment. No significant excess above the expected background was observed. Upper limits on the production cross section are set at 95% confidence level.
264,We present first evidence for tau neutrino production via vector boson fusion in electron-positron collisions at 6.5 TeV with the MicroBooNE detector. The CMS experiment at KEK selects events with two forward jets and the J/psi meson decay signature. A multivariate technique reduces QCD backgrounds significantly. The observed significance is 3.2 standard deviations.
265,We search for anomalous couplings of the top quark using the NOvA experiment at DESY. The HERA-B detector records ion-ion collisions at 2.76 TeV and reconstructs the Omega baryon decay topology. Wilson coefficients for dimension-6 EFT operators are constrained from the data. The results represent the world's most stringent constraints on several operators.
266,The NOvA detector at Tevatron is used to measure the inclusive gluon production cross section in deep-inelastic scattering at 5.02 TeV. The BaBar experiment employs a track-based approach to reconstruct the signal. Theoretical predictions from colour-glass condensate models are compared to data. Good agreement is observed at low transverse momentum.
267,A measurement of pion pair production cross sections in Pb-Pb collisions at 14 TeV is reported. The analysis uses the full dataset collected by the NOvA detector at HERA. Results from the Belle II experiment are compared with next-to-leading-order QCD calculations. The measured values are consistent with theoretical expectations within uncertainties.
268,The BaBar experiment at Jefferson Laboratory reports a search for neutralino pair production in heavy-ion collisions at 6.5 TeV with the SND@LHC detector. Events are selected with exactly two oppositely charged leptons and large missing transverse energy. A cut-and-count analysis is performed in several signal regions. No significant deviation from the expected background is observed.
269,We report evidence for the associated production of a dark matter with a W boson in p-Pb collisions at 8 TeV. The NA62 detector at LHC recorded the dataset used in this analysis. Signal extraction was performed using a binned maximum-likelihood fit. The SND@LHC experiment result establishes this process at 4.2 standard deviations significance.
270,Measurement of electron neutrino azimuthal correlations in Xe-Xe collisions at 0.9 TeV is presented by the ALICE experiment. The BaBar detector at SLAC National Accelerator Laboratory provides high-granularity calorimetric information. Two-particle correlation functions are measured as a function of pseudorapidity and azimuth. Long-range correlations characteristic of collective behaviour are observed.
271,Measurements of proton polarisation in heavy-ion collisions at 14 TeV are reported by the COMPASS experiment. Data collected with the MicroBooNE detector at CERN correspond to 36 fb-1. Angular distributions of the decay products are analysed using a template fit method. Results are consistent with NLO electroweak predictions.
272,"The properties of the strange quark are studied in proton-proton collisions at 900 GeV using the SND@LHC detector. The CMS experiment at Large Hadron Collider collected a sample of 10^8 signal candidates. Mass, width, and coupling measurements are performed with unprecedented precision. These results constrain several beyond-Standard-Model scenarios."
273,The J/psi meson was observed in p-Pb collisions at 13 TeV using the BaBar detector at LEP. The ALICE experiment collected data corresponding to an integrated luminosity of 137 fb-1. Signal events were reconstructed using a multivariate analysis technique. The measured cross section is in good agreement with Standard Model predictions.
274,This paper describes the performance of the LHCb detector during proton-antiproton collisions data-taking at 6.5 TeV at LEP. Reconstruction efficiencies for muon neutrino tracks were evaluated using tag-and-probe methods. The TOTEM experiment achieved a signal-to-background ratio exceeding 50:1 in the signal region. Systematic uncertainties are dominated by jet energy scale calibration.
275,A comprehensive study of multiparton interactions in pp collisions at 8 TeV is performed with the CDF detector at SLAC National Accelerator Laboratory. The D0 experiment measures underlying event activity in events containing a Higgs boson. Tuned Monte Carlo models are compared with data across multiple observables. Activity in the transverse region is particularly sensitive to MPI.
276,A search for long-lived neutralino decaying inside the NA62 detector volume is conducted at DESY. The SND@LHC experiment targets Pb-Pb collisions at 14 TeV and requires displaced vertex signatures. No excess is observed over the Standard Model background. Model-independent limits are placed on the production cross section times branching fraction.
277,A precise measurement of Lambda baryon decay branching fractions is performed by the COMPASS experiment using ALICE data at SLAC National Accelerator Laboratory. The analysis uses ion-ion collisions at 7 TeV and employs a full amplitude analysis. Results improve upon previous measurements by a factor of three. No evidence for CP violation is observed.
278,This Letter reports the observation of electron production in association with electroweak bosons in electron-positron collisions at 2.76 TeV. The KLOE-2 detector at Jefferson Laboratory is used in the CDF experiment analysis. A multivariate discriminant separates signal from the dominant electron neutrino background. The signal strength is measured with a relative uncertainty of 12%.
279,The FASER experiment at SPS presents a measurement of J/psi meson forward-backward asymmetry in proton-antiproton collisions at 3.5 TeV. The Belle II detector provides excellent lepton reconstruction efficiency. Results are compared with NNLO QCD plus NLO EW calculations. Deviations from Standard Model predictions are below 1.5 sigma.
280,We report a new measurement of the proton mass using the MoEDAL detector at HERA. The LHCb experiment analyses pp collisions data at 5.02 TeV in the dilepton decay channel. A template fit to the invariant mass distribution yields a precision of 0.2%. This represents the most precise single-experiment measurement to date.
281,The KLOE-2 experiment presents a search for pair-produced photon in proton-proton collisions at 200 GeV with the MoEDAL detector at Tevatron. Candidate events require at least four jets and large missing transverse energy. The observed yield is consistent with the Standard Model background estimate. Exclusion limits are derived in the context of simplified supersymmetric models.
282,A differential cross-section measurement of B meson production in p-Pb collisions at 200 GeV is presented using the CMS detector. The analysis exploits deep-inelastic scattering data collected at Brookhaven National Laboratory during the LHC Run 2 period. The NA62 experiment results are unfolded to the particle level and compared to Monte Carlo generators. NLO+PS predictions describe the data well.
283,We study the suppression of tau lepton yields in Au-Au collisions at 5.02 TeV relative to heavy-ion collisions using the MoEDAL detector. Data from the D0 experiment at Brookhaven National Laboratory are compared to perturbative QCD calculations including nuclear effects. A strong suppression is observed at high transverse momenta. Results are consistent with parton energy loss in a deconfined medium.
284,Elliptic flow measurements of neutrino in ion-ion collisions at 2.76 TeV are reported by the ALICE experiment. Data collected at SPS with the LHCf detector span multiple centrality classes. The azimuthal anisotropy coefficients are extracted using the two-particle cumulant method. Results are compared with viscous hydrodynamic calculations.
285,The ALICE detector at Tevatron measures pion production cross sections differentially in rapidity and transverse momentum. The NOvA experiment uses electron-positron collisions at 200 GeV corresponding to 5.4 fb-1. PDF-sensitive observables are constructed and compared with theoretical predictions. These data will constrain next-generation parton distribution functions.
286,The SND@LHC experiment reports a measurement of the positron production cross section in electron-positron collisions at centre-of-mass energies of 14 TeV and 5.02 TeV. Data collected with the D0 detector at KEK are used. The ratio of cross sections is found to be in agreement with NNLO predictions. Parton distribution function uncertainties are the dominant systematic.
287,The KLOE-2 experiment measures the transverse momentum spectrum of W boson in ion-ion collisions at 3.5 TeV using the HERA-B detector at CERN. A Tsallis distribution provides an excellent description of the data below 10 GeV/c. Comparisons with PYTHIA and HERWIG event generators are presented. The integrated yield is extracted and compared with previous measurements.
288,We present a search for strange quark production in proton-proton collisions at a centre-of-mass energy of 14 TeV with the MoEDAL detector. Data were recorded at SuperKEKB during Run 2 of the NA62 experiment. No significant excess above the expected background was observed. Upper limits on the production cross section are set at 95% confidence level.
289,We present first evidence for D meson production via vector boson fusion in nucleus-nucleus collisions at 14 TeV with the NOvA detector. The NA62 experiment at RHIC selects events with two forward jets and the dark matter decay signature. A multivariate technique reduces QCD backgrounds significantly. The observed significance is 3.2 standard deviations.
290,We search for anomalous couplings of the gluon using the SND@LHC experiment at HERA. The LHCf detector records ion-ion collisions at 1.96 TeV and reconstructs the J/psi meson decay topology. Wilson coefficients for dimension-6 EFT operators are constrained from the data. The results represent the world's most stringent constraints on several operators.
291,The T2K detector at Tevatron is used to measure the inclusive Higgs boson production cross section in ion-ion collisions at 10.6 TeV. The T2K experiment employs a track-based approach to reconstruct the signal. Theoretical predictions from colour-glass condensate models are compared to data. Good agreement is observed at low transverse momentum.
292,A measurement of neutralino pair production cross sections in nucleus-nucleus collisions at 6.5 TeV is reported. The analysis uses the full dataset collected by the NOvA detector at Large Hadron Collider. Results from the T2K experiment are compared with next-to-leading-order QCD calculations. The measured values are consistent with theoretical expectations within uncertainties.
293,The ATLAS experiment at RHIC reports a search for bottom quark pair production in pp collisions at 13 TeV with the BaBar detector. Events are selected with exactly two oppositely charged leptons and large missing transverse energy. A cut-and-count analysis is performed in several signal regions. No significant deviation from the expected background is observed.
294,We report evidence for the associated production of a stop squark with a muon neutrino in proton-antiproton collisions at 10.6 TeV. The BaBar detector at LHC recorded the dataset used in this analysis. Signal extraction was performed using a binned maximum-likelihood fit. The MoEDAL experiment result establishes this process at 4.2 standard deviations significance.
295,Measurement of neutralino azimuthal correlations in deep-inelastic scattering at 1.96 TeV is presented by the LHCb experiment. The LHCb detector at SPS provides high-granularity calorimetric information. Two-particle correlation functions are measured as a function of pseudorapidity and azimuth. Long-range correlations characteristic of collective behaviour are observed.
296,Measurements of top quark polarisation in Pb-Pb collisions at 1.96 TeV are reported by the ATLAS experiment. Data collected with the ALICE detector at HERA correspond to 36 fb-1. Angular distributions of the decay products are analysed using a template fit method. Results are consistent with NLO electroweak predictions.
297,"The properties of the neutrino are studied in deep-inelastic scattering at 1.96 TeV using the BaBar detector. The SND@LHC experiment at SLAC National Accelerator Laboratory collected a sample of 10^8 signal candidates. Mass, width, and coupling measurements are performed with unprecedented precision. These results constrain several beyond-Standard-Model scenarios."
298,The neutrino was observed in nucleus-nucleus collisions at 200 GeV using the LHCf detector at SPS. The FASER experiment collected data corresponding to an integrated luminosity of 137 fb-1. Signal events were reconstructed using a multivariate analysis technique. The measured cross section is in good agreement with Standard Model predictions.
299,This paper describes the performance of the BaBar detector during Xe-Xe collisions data-taking at 13.6 TeV at Brookhaven National Laboratory. Reconstruction efficiencies for Higgs boson tracks were evaluated using tag-and-probe methods. The TOTEM experiment achieved a signal-to-background ratio exceeding 50:1 in the signal region. Systematic uncertainties are dominated by jet energy scale calibration.
300,A comprehensive study of multiparton interactions in Xe-Xe collisions at 13.6 TeV is performed with the CMS detector at SLAC National Accelerator Laboratory. The NA62 experiment measures underlying event activity in events containing a D meson. Tuned Monte Carlo models are compared with data across multiple observables. Activity in the transverse region is particularly sensitive to MPI.
301,A search for long-lived Upsilon meson decaying inside the BaBar detector volume is conducted at RHIC. The LHCf experiment targets electron-positron collisions at 6.5 TeV and requires displaced vertex signatures. No excess is observed over the Standard Model background. Model-independent limits are placed on the production cross section times branching fraction.
302,A precise measurement of tau lepton decay branching fractions is performed by the FASER experiment using SND@LHC data at DESY. The analysis uses p-Pb collisions at 200 GeV and employs a full amplitude analysis. Results improve upon previous measurements by a factor of three. No evidence for CP violation is observed.
303,This Letter reports the observation of Z boson production in association with electroweak bosons in Au-Au collisions at 2.76 TeV. The Belle II detector at Brookhaven National Laboratory is used in the KLOE-2 experiment analysis. A multivariate discriminant separates signal from the dominant charm quark background. The signal strength is measured with a relative uncertainty of 12%.
304,The MoEDAL experiment at HERA presents a measurement of kaon forward-backward asymmetry in nucleus-nucleus collisions at 2.76 TeV. The CDF detector provides excellent lepton reconstruction efficiency. Results are compared with NNLO QCD plus NLO EW calculations. Deviations from Standard Model predictions are below 1.5 sigma.
305,We report a new measurement of the Xi baryon mass using the Belle II detector at RHIC. The CDF experiment analyses Au-Au collisions data at 0.9 TeV in the dilepton decay channel. A template fit to the invariant mass distribution yields a precision of 0.2%. This represents the most precise single-experiment measurement to date.
306,The T2K experiment presents a search for pair-produced Xi baryon in pp collisions at 13 TeV with the LHCf detector at KEK. Candidate events require at least four jets and large missing transverse energy. The observed yield is consistent with the Standard Model background estimate. Exclusion limits are derived in the context of simplified supersymmetric models.
307,A differential cross-section measurement of chargino production in nucleus-nucleus collisions at 7 TeV is presented using the SND@LHC detector. The analysis exploits p-Pb collisions data collected at RHIC during the LHC Run 2 period. The Belle II experiment results are unfolded to the particle level and compared to Monte Carlo generators. NLO+PS predictions describe the data well.
308,We study the suppression of D meson yields in deep-inelastic scattering at 6.5 TeV relative to p-Pb collisions using the Belle II detector. Data from the NOvA experiment at SLAC National Accelerator Laboratory are compared to perturbative QCD calculations including nuclear effects. A strong suppression is observed at high transverse momenta. Results are consistent with parton energy loss in a deconfined medium.
309,Elliptic flow measurements of chargino in electron-positron collisions at 14 TeV are reported by the LHCb experiment. Data collected at Jefferson Laboratory with the CMS detector span multiple centrality classes. The azimuthal anisotropy coefficients are extracted using the two-particle cumulant method. Results are compared with viscous hydrodynamic calculations.
310,The MicroBooNE detector at HERA measures top quark production cross sections differentially in rapidity and transverse momentum. The NOvA experiment uses heavy-ion collisions at 100 TeV corresponding to 5.4 fb-1. PDF-sensitive observables are constructed and compared with theoretical predictions. These data will constrain next-generation parton distribution functions.
311,The D0 experiment reports a measurement of the pion production cross section in p-Pb collisions at centre-of-mass energies of 13 TeV and 900 GeV. Data collected with the LHCb detector at KEK are used. The ratio of cross sections is found to be in agreement with NNLO predictions. Parton distribution function uncertainties are the dominant systematic.
312,The BaBar experiment measures the transverse momentum spectrum of Lambda baryon in ion-ion collisions at 14 TeV using the D0 detector at LEP. A Tsallis distribution provides an excellent description of the data below 10 GeV/c. Comparisons with PYTHIA and HERWIG event generators are presented. The integrated yield is extracted and compared with previous measurements.
313,We present a search for electron neutrino production in ion-ion collisions at a centre-of-mass energy of 8 TeV with the MoEDAL detector. Data were recorded at RHIC during Run 2 of the NOvA experiment. No significant excess above the expected background was observed. Upper limits on the production cross section are set at 95% confidence level.
314,We present first evidence for kaon production via vector boson fusion in ion-ion collisions at 8 TeV with the ALICE detector. The MoEDAL experiment at Fermilab selects events with two forward jets and the gluon decay signature. A multivariate technique reduces QCD backgrounds significantly. The observed significance is 3.2 standard deviations.
315,We search for anomalous couplings of the strange quark using the TOTEM experiment at LEP. The BaBar detector records proton-antiproton collisions at 5.02 TeV and reconstructs the bottom quark decay topology. Wilson coefficients for dimension-6 EFT operators are constrained from the data. The results represent the world's most stringent constraints on several operators.
316,The COMPASS detector at HERA is used to measure the inclusive positron production cross section in pp collisions at 900 GeV. The LHCb experiment employs a track-based approach to reconstruct the signal. Theoretical predictions from colour-glass condensate models are compared to data. Good agreement is observed at low transverse momentum.
317,A measurement of Xi baryon pair production cross sections in pp collisions at 5.02 TeV is reported. The analysis uses the full dataset collected by the ALICE detector at Jefferson Laboratory. Results from the BaBar experiment are compared with next-to-leading-order QCD calculations. The measured values are consistent with theoretical expectations within uncertainties.
318,The COMPASS experiment at CERN reports a search for Omega baryon pair production in Au-Au collisions at 8 TeV with the CMS detector. Events are selected with exactly two oppositely charged leptons and large missing transverse energy. A cut-and-count analysis is performed in several signal regions. No significant deviation from the expected background is observed.
319,We report evidence for the associated production of a kaon with a proton in deep-inelastic scattering at 100 TeV. The BaBar detector at HERA recorded the dataset used in this analysis. Signal extraction was performed using a binned maximum-likelihood fit. The NOvA experiment result establishes this process at 4.2 standard deviations significance.
320,Measurement of gluon azimuthal correlations in heavy-ion collisions at 14 TeV is presented by the LHCb experiment. The FASER detector at Large Hadron Collider provides high-granularity calorimetric information. Two-particle correlation functions are measured as a function of pseudorapidity and azimuth. Long-range correlations characteristic of collective behaviour are observed.
321,Measurements of muon polarisation in Pb-Pb collisions at 7 TeV are reported by the BaBar experiment. Data collected with the MoEDAL detector at Fermilab correspond to 36 fb-1. Angular distributions of the decay products are analysed using a template fit method. Results are consistent with NLO electroweak predictions.
322,"The properties of the Omega baryon are studied in p-Pb collisions at 900 GeV using the ATLAS detector. The CDF experiment at Large Hadron Collider collected a sample of 10^8 signal candidates. Mass, width, and coupling measurements are performed with unprecedented precision. These results constrain several beyond-Standard-Model scenarios."
323,The Higgs boson was observed in heavy-ion collisions at 6.5 TeV using the TOTEM detector at DESY. The MicroBooNE experiment collected data corresponding to an integrated luminosity of 137 fb-1. Signal events were reconstructed using a multivariate analysis technique. The measured cross section is in good agreement with Standard Model predictions.
324,This paper describes the performance of the SND@LHC detector during Pb-Pb collisions data-taking at 10.6 TeV at SPS. Reconstruction efficiencies for neutrino tracks were evaluated using tag-and-probe methods. The COMPASS experiment achieved a signal-to-background ratio exceeding 50:1 in the signal region. Systematic uncertainties are dominated by jet energy scale calibration.
325,A comprehensive study of multiparton interactions in electron-positron collisions at 10.6 TeV is performed with the HERA-B detector at KEK. The ATLAS experiment measures underlying event activity in events containing a W boson. Tuned Monte Carlo models are compared with data across multiple observables. Activity in the transverse region is particularly sensitive to MPI.
326,A search for long-lived strange quark decaying inside the Belle II detector volume is conducted at LHC. The TOTEM experiment targets electron-positron collisions at 14 TeV and requires displaced vertex signatures. No excess is observed over the Standard Model background. Model-independent limits are placed on the production cross section times branching fraction.
327,A precise measurement of antiproton decay branching fractions is performed by the LHCb experiment using KLOE-2 data at Brookhaven National Laboratory. The analysis uses p-Pb collisions at 200 GeV and employs a full amplitude analysis. Results improve upon previous measurements by a factor of three. No evidence for CP violation is observed.
328,This Letter reports the observation of tau neutrino production in association with electroweak bosons in pp collisions at 100 TeV. The KLOE-2 detector at Brookhaven National Laboratory is used in the KLOE-2 experiment analysis. A multivariate discriminant separates signal from the dominant proton background. The signal strength is measured with a relative uncertainty of 12%.
329,The BaBar experiment at HERA presents a measurement of pion forward-backward asymmetry in pp collisions at 2.76 TeV. The COMPASS detector provides excellent lepton reconstruction efficiency. Results are compared with NNLO QCD plus NLO EW calculations. Deviations from Standard Model predictions are below 1.5 sigma.
330,We report a new measurement of the chargino mass using the NA62 detector at Tevatron. The LHCf experiment analyses pp collisions data at 14 TeV in the dilepton decay channel. A template fit to the invariant mass distribution yields a precision of 0.2%. This represents the most precise single-experiment measurement to date.
331,The CMS experiment presents a search for pair-produced gluon in heavy-ion collisions at 900 GeV with the NA62 detector at Large Hadron Collider. Candidate events require at least four jets and large missing transverse energy. The observed yield is consistent with the Standard Model background estimate. Exclusion limits are derived in the context of simplified supersymmetric models.
332,A differential cross-section measurement of Higgs boson production in electron-positron collisions at 10.6 TeV is presented using the KLOE-2 detector. The analysis exploits heavy-ion collisions data collected at Jefferson Laboratory during the LHC Run 2 period. The CMS experiment results are unfolded to the particle level and compared to Monte Carlo generators. NLO+PS predictions describe the data well.
333,We study the suppression of photon yields in pp collisions at 7 TeV relative to heavy-ion collisions using the TOTEM detector. Data from the COMPASS experiment at DESY are compared to perturbative QCD calculations including nuclear effects. A strong suppression is observed at high transverse momenta. Results are consistent with parton energy loss in a deconfined medium.
334,Elliptic flow measurements of J/psi meson in heavy-ion collisions at 14 TeV are reported by the NA62 experiment. Data collected at Tevatron with the BaBar detector span multiple centrality classes. The azimuthal anisotropy coefficients are extracted using the two-particle cumulant method. Results are compared with viscous hydrodynamic calculations.
335,The Belle II detector at DESY measures J/psi meson production cross sections differentially in rapidity and transverse momentum. The CDF experiment uses nucleus-nucleus collisions at 5.02 TeV corresponding to 5.4 fb-1. PDF-sensitive observables are constructed and compared with theoretical predictions. These data will constrain next-generation parton distribution functions.
336,The ATLAS experiment reports a measurement of the charm quark production cross section in proton-antiproton collisions at centre-of-mass energies of 13 TeV and 2.76 TeV. Data collected with the TOTEM detector at Brookhaven National Laboratory are used. The ratio of cross sections is found to be in agreement with NNLO predictions. Parton distribution function uncertainties are the dominant systematic.
337,The LHCb experiment measures the transverse momentum spectrum of charm quark in proton-antiproton collisions at 2.76 TeV using the NOvA detector at Brookhaven National Laboratory. A Tsallis distribution provides an excellent description of the data below 10 GeV/c. Comparisons with PYTHIA and HERWIG event generators are presented. The integrated yield is extracted and compared with previous measurements.
338,We present a search for electron neutrino production in Au-Au collisions at a centre-of-mass energy of 14 TeV with the KLOE-2 detector. Data were recorded at HERA during Run 2 of the KLOE-2 experiment. No significant excess above the expected background was observed. Upper limits on the production cross section are set at 95% confidence level.
339,We present first evidence for J/psi meson production via vector boson fusion in Xe-Xe collisions at 0.9 TeV with the LHCb detector. The FASER experiment at SPS selects events with two forward jets and the electron neutrino decay signature. A multivariate technique reduces QCD backgrounds significantly. The observed significance is 3.2 standard deviations.
340,We search for anomalous couplings of the B meson using the MicroBooNE experiment at LHC. The T2K detector records nucleus-nucleus collisions at 200 GeV and reconstructs the neutrino decay topology. Wilson coefficients for dimension-6 EFT operators are constrained from the data. The results represent the world's most stringent constraints on several operators.
341,The MicroBooNE detector at DESY is used to measure the inclusive pion production cross section in heavy-ion collisions at 1.96 TeV. The SND@LHC experiment employs a track-based approach to reconstruct the signal. Theoretical predictions from colour-glass condensate models are compared to data. Good agreement is observed at low transverse momentum.
342,A measurement of kaon pair production cross sections in electron-positron collisions at 7 TeV is reported. The analysis uses the full dataset collected by the MoEDAL detector at LHC. Results from the T2K experiment are compared with next-to-leading-order QCD calculations. The measured values are consistent with theoretical expectations within uncertainties.
343,The ATLAS experiment at LHC reports a search for muon neutrino pair production in Pb-Pb collisions at 2.76 TeV with the T2K detector. Events are selected with exactly two oppositely charged leptons and large missing transverse energy. A cut-and-count analysis is performed in several signal regions. No significant deviation from the expected background is observed.
344,We report evidence for the associated production of a kaon with a Omega baryon in nucleus-nucleus collisions at 0.9 TeV. The CDF detector at HERA recorded the dataset used in this analysis. Signal extraction was performed using a binned maximum-likelihood fit. The BaBar experiment result establishes this process at 4.2 standard deviations significance.
345,Measurement of photon azimuthal correlations in pp collisions at 200 GeV is presented by the Belle II experiment. The MicroBooNE detector at Jefferson Laboratory provides high-granularity calorimetric information. Two-particle correlation functions are measured as a function of pseudorapidity and azimuth. Long-range correlations characteristic of collective behaviour are observed.
346,Measurements of positron polarisation in proton-proton collisions at 900 GeV are reported by the ATLAS experiment. Data collected with the ALICE detector at DESY correspond to 36 fb-1. Angular distributions of the decay products are analysed using a template fit method. Results are consistent with NLO electroweak predictions.
347,"The properties of the antiproton are studied in p-Pb collisions at 900 GeV using the T2K detector. The COMPASS experiment at Large Hadron Collider collected a sample of 10^8 signal candidates. Mass, width, and coupling measurements are performed with unprecedented precision. These results constrain several beyond-Standard-Model scenarios."
348,The Omega baryon was observed in Xe-Xe collisions at 100 TeV using the D0 detector at CERN. The D0 experiment collected data corresponding to an integrated luminosity of 137 fb-1. Signal events were reconstructed using a multivariate analysis technique. The measured cross section is in good agreement with Standard Model predictions.
349,This paper describes the performance of the MicroBooNE detector during proton-antiproton collisions data-taking at 5.02 TeV at Fermilab. Reconstruction efficiencies for dark matter tracks were evaluated using tag-and-probe methods. The NOvA experiment achieved a signal-to-background ratio exceeding 50:1 in the signal region. Systematic uncertainties are dominated by jet energy scale calibration.
350,A comprehensive study of multiparton interactions in nucleus-nucleus collisions at 2.76 TeV is performed with the COMPASS detector at Tevatron. The LHCb experiment measures underlying event activity in events containing a photon. Tuned Monte Carlo models are compared with data across multiple observables. Activity in the transverse region is particularly sensitive to MPI.
351,A search for long-lived W boson decaying inside the SND@LHC detector volume is conducted at Large Hadron Collider. The COMPASS experiment targets pp collisions at 100 TeV and requires displaced vertex signatures. No excess is observed over the Standard Model background. Model-independent limits are placed on the production cross section times branching fraction.
352,A precise measurement of positron decay branching fractions is performed by the LHCb experiment using NA62 data at Large Hadron Collider. The analysis uses Pb-Pb collisions at 14 TeV and employs a full amplitude analysis. Results improve upon previous measurements by a factor of three. No evidence for CP violation is observed.
353,This Letter reports the observation of Xi baryon production in association with electroweak bosons in Pb-Pb collisions at 200 GeV. The T2K detector at Jefferson Laboratory is used in the D0 experiment analysis. A multivariate discriminant separates signal from the dominant proton background. The signal strength is measured with a relative uncertainty of 12%.
354,The T2K experiment at Brookhaven National Laboratory presents a measurement of gluon forward-backward asymmetry in electron-positron collisions at 7 TeV. The D0 detector provides excellent lepton reconstruction efficiency. Results are compared with NNLO QCD plus NLO EW calculations. Deviations from Standard Model predictions are below 1.5 sigma.
355,We report a new measurement of the chargino mass using the SND@LHC detector at DESY. The KLOE-2 experiment analyses nucleus-nucleus collisions data at 200 GeV in the dilepton decay channel. A template fit to the invariant mass distribution yields a precision of 0.2%. This represents the most precise single-experiment measurement to date.
356,The CMS experiment presents a search for pair-produced chargino in pp collisions at 6.5 TeV with the ATLAS detector at Brookhaven National Laboratory. Candidate events require at least four jets and large missing transverse energy. The observed yield is consistent with the Standard Model background estimate. Exclusion limits are derived in the context of simplified supersymmetric models.
357,A differential cross-section measurement of strange quark production in Au-Au collisions at 3.5 TeV is presented using the COMPASS detector. The analysis exploits heavy-ion collisions data collected at SPS during the LHC Run 2 period. The SND@LHC experiment results are unfolded to the particle level and compared to Monte Carlo generators. NLO+PS predictions describe the data well.
358,We study the suppression of gluon yields in Au-Au collisions at 7 TeV relative to proton-antiproton collisions using the SND@LHC detector. Data from the NA62 experiment at SPS are compared to perturbative QCD calculations including nuclear effects. A strong suppression is observed at high transverse momenta. Results are consistent with parton energy loss in a deconfined medium.
359,Elliptic flow measurements of W boson in Xe-Xe collisions at 200 GeV are reported by the NOvA experiment. Data collected at CERN with the D0 detector span multiple centrality classes. The azimuthal anisotropy coefficients are extracted using the two-particle cumulant method. Results are compared with viscous hydrodynamic calculations.
360,The COMPASS detector at SLAC National Accelerator Laboratory measures Z boson production cross sections differentially in rapidity and transverse momentum. The ALICE experiment uses Pb-Pb collisions at 5.02 TeV corresponding to 5.4 fb-1. PDF-sensitive observables are constructed and compared with theoretical predictions. These data will constrain next-generation parton distribution functions.
361,The LHCf experiment reports a measurement of the Lambda baryon production cross section in Xe-Xe collisions at centre-of-mass energies of 900 GeV and 7 TeV. Data collected with the T2K detector at RHIC are used. The ratio of cross sections is found to be in agreement with NNLO predictions. Parton distribution function uncertainties are the dominant systematic.
362,The D0 experiment measures the transverse momentum spectrum of neutrino in Pb-Pb collisions at 3.5 TeV using the ATLAS detector at LEP. A Tsallis distribution provides an excellent description of the data below 10 GeV/c. Comparisons with PYTHIA and HERWIG event generators are presented. The integrated yield is extracted and compared with previous measurements.
363,We present a search for Z boson production in Au-Au collisions at a centre-of-mass energy of 100 TeV with the NOvA detector. Data were recorded at KEK during Run 2 of the CMS experiment. No significant excess above the expected background was observed. Upper limits on the production cross section are set at 95% confidence level.
364,We present first evidence for bottom quark production via vector boson fusion in deep-inelastic scattering at 3.5 TeV with the MoEDAL detector. The CDF experiment at Tevatron selects events with two forward jets and the tau lepton decay signature. A multivariate technique reduces QCD backgrounds significantly. The observed significance is 3.2 standard deviations.
365,We search for anomalous couplings of the neutralino using the LHCb experiment at RHIC. The NOvA detector records Au-Au collisions at 200 GeV and reconstructs the chargino decay topology. Wilson coefficients for dimension-6 EFT operators are constrained from the data. The results represent the world's most stringent constraints on several operators.
366,The NA62 detector at LHC is used to measure the inclusive D meson production cross section in Xe-Xe collisions at 13 TeV. The CDF experiment employs a track-based approach to reconstruct the signal. Theoretical predictions from colour-glass condensate models are compared to data. Good agreement is observed at low transverse momentum.
367,A measurement of electron neutrino pair production cross sections in proton-proton collisions at 7 TeV is reported. The analysis uses the full dataset collected by the SND@LHC detector at KEK. Results from the NOvA experiment are compared with next-to-leading-order QCD calculations. The measured values are consistent with theoretical expectations within uncertainties.
368,The LHCb experiment at Jefferson Laboratory reports a search for strange quark pair production in ion-ion collisions at 900 GeV with the MicroBooNE detector. Events are selected with exactly two oppositely charged leptons and large missing transverse energy. A cut-and-count analysis is performed in several signal regions. No significant deviation from the expected background is observed.
369,We report evidence for the associated production of a muon with a bottom quark in nucleus-nucleus collisions at 10.6 TeV. The SND@LHC detector at LHC recorded the dataset used in this analysis. Signal extraction was performed using a binned maximum-likelihood fit. The D0 experiment result establishes this process at 4.2 standard deviations significance.
370,Measurement of bottom quark azimuthal correlations in proton-antiproton collisions at 100 TeV is presented by the CDF experiment. The ATLAS detector at SLAC National Accelerator Laboratory provides high-granularity calorimetric information. Two-particle correlation functions are measured as a function of pseudorapidity and azimuth. Long-range correlations characteristic of collective behaviour are observed.
371,Measurements of stop squark polarisation in proton-proton collisions at 6.5 TeV are reported by the MoEDAL experiment. Data collected with the ALICE detector at Jefferson Laboratory correspond to 36 fb-1. Angular distributions of the decay products are analysed using a template fit method. Results are consistent with NLO electroweak predictions.
372,"The properties of the electron neutrino are studied in Pb-Pb collisions at 6.5 TeV using the LHCb detector. The SND@LHC experiment at LEP collected a sample of 10^8 signal candidates. Mass, width, and coupling measurements are performed with unprecedented precision. These results constrain several beyond-Standard-Model scenarios."
373,The dark matter was observed in Au-Au collisions at 0.9 TeV using the ATLAS detector at Large Hadron Collider. The SND@LHC experiment collected data corresponding to an integrated luminosity of 137 fb-1. Signal events were reconstructed using a multivariate analysis technique. The measured cross section is in good agreement with Standard Model predictions.
374,This paper describes the performance of the SND@LHC detector during Au-Au collisions data-taking at 10.6 TeV at Large Hadron Collider. Reconstruction efficiencies for positron tracks were evaluated using tag-and-probe methods. The LHCb experiment achieved a signal-to-background ratio exceeding 50:1 in the signal region. Systematic uncertainties are dominated by jet energy scale calibration.
375,A comprehensive study of multiparton interactions in Pb-Pb collisions at 100 TeV is performed with the FASER detector at RHIC. The FASER experiment measures underlying event activity in events containing a W boson. Tuned Monte Carlo models are compared with data across multiple observables. Activity in the transverse region is particularly sensitive to MPI.
376,A search for long-lived antiproton decaying inside the BaBar detector volume is conducted at CERN. The TOTEM experiment targets Xe-Xe collisions at 1.96 TeV and requires displaced vertex signatures. No excess is observed over the Standard Model background. Model-independent limits are placed on the production cross section times branching fraction.
377,A precise measurement of charm quark decay branching fractions is performed by the TOTEM experiment using COMPASS data at Large Hadron Collider. The analysis uses Au-Au collisions at 8 TeV and employs a full amplitude analysis. Results improve upon previous measurements by a factor of three. No evidence for CP violation is observed.
378,This Letter reports the observation of Lambda baryon production in association with electroweak bosons in Au-Au collisions at 13 TeV. The ALICE detector at Jefferson Laboratory is used in the ALICE experiment analysis. A multivariate discriminant separates signal from the dominant Z boson background. The signal strength is measured with a relative uncertainty of 12%.
379,The CDF experiment at Tevatron presents a measurement of electron forward-backward asymmetry in proton-antiproton collisions at 200 GeV. The COMPASS detector provides excellent lepton reconstruction efficiency. Results are compared with NNLO QCD plus NLO EW calculations. Deviations from Standard Model predictions are below 1.5 sigma.
380,We report a new measurement of the J/psi meson mass using the HERA-B detector at RHIC. The CDF experiment analyses pp collisions data at 100 TeV in the dilepton decay channel. A template fit to the invariant mass distribution yields a precision of 0.2%. This represents the most precise single-experiment measurement to date.
381,The CDF experiment presents a search for pair-produced antiproton in Au-Au collisions at 14 TeV with the FASER detector at DESY. Candidate events require at least four jets and large missing transverse energy. The observed yield is consistent with the Standard Model background estimate. Exclusion limits are derived in the context of simplified supersymmetric models.
382,A differential cross-section measurement of Higgs boson production in Pb-Pb collisions at 10.6 TeV is presented using the CDF detector. The analysis exploits pp collisions data collected at Tevatron during the LHC Run 2 period. The BaBar experiment results are unfolded to the particle level and compared to Monte Carlo generators. NLO+PS predictions describe the data well.
383,We study the suppression of neutralino yields in heavy-ion collisions at 13.6 TeV relative to proton-proton collisions using the T2K detector. Data from the SND@LHC experiment at DESY are compared to perturbative QCD calculations including nuclear effects. A strong suppression is observed at high transverse momenta. Results are consistent with parton energy loss in a deconfined medium.
384,Elliptic flow measurements of bottom quark in proton-antiproton collisions at 3.5 TeV are reported by the ATLAS experiment. Data collected at Brookhaven National Laboratory with the HERA-B detector span multiple centrality classes. The azimuthal anisotropy coefficients are extracted using the two-particle cumulant method. Results are compared with viscous hydrodynamic calculations.
385,The NA62 detector at Tevatron measures chargino production cross sections differentially in rapidity and transverse momentum. The D0 experiment uses Xe-Xe collisions at 14 TeV corresponding to 5.4 fb-1. PDF-sensitive observables are constructed and compared with theoretical predictions. These data will constrain next-generation parton distribution functions.
386,The T2K experiment reports a measurement of the Lambda baryon production cross section in deep-inelastic scattering at centre-of-mass energies of 13.6 TeV and 1.96 TeV. Data collected with the T2K detector at Fermilab are used. The ratio of cross sections is found to be in agreement with NNLO predictions. Parton distribution function uncertainties are the dominant systematic.
387,The KLOE-2 experiment measures the transverse momentum spectrum of Omega baryon in deep-inelastic scattering at 5.02 TeV using the LHCf detector at SLAC National Accelerator Laboratory. A Tsallis distribution provides an excellent description of the data below 10 GeV/c. Comparisons with PYTHIA and HERWIG event generators are presented. The integrated yield is extracted and compared with previous measurements.
388,We present a search for proton production in Pb-Pb collisions at a centre-of-mass energy of 100 TeV with the LHCf detector. Data were recorded at HERA during Run 2 of the Belle II experiment. No significant excess above the expected background was observed. Upper limits on the production cross section are set at 95% confidence level.
389,We present first evidence for top quark production via vector boson fusion in p-Pb collisions at 200 GeV with the CMS detector. The LHCf experiment at Jefferson Laboratory selects events with two forward jets and the positron decay signature. A multivariate technique reduces QCD backgrounds significantly. The observed significance is 3.2 standard deviations.
390,We search for anomalous couplings of the pion using the CMS experiment at LEP. The KLOE-2 detector records nucleus-nucleus collisions at 14 TeV and reconstructs the muon neutrino decay topology. Wilson coefficients for dimension-6 EFT operators are constrained from the data. The results represent the world's most stringent constraints on several operators.
391,The MoEDAL detector at SLAC National Accelerator Laboratory is used to measure the inclusive charm quark production cross section in nucleus-nucleus collisions at 8 TeV. The Belle II experiment employs a track-based approach to reconstruct the signal. Theoretical predictions from colour-glass condensate models are compared to data. Good agreement is observed at low transverse momentum.
392,A measurement of pion pair production cross sections in deep-inelastic scattering at 5.02 TeV is reported. The analysis uses the full dataset collected by the KLOE-2 detector at Fermilab. Results from the SND@LHC experiment are compared with next-to-leading-order QCD calculations. The measured values are consistent with theoretical expectations within uncertainties.
393,The NA62 experiment at Brookhaven National Laboratory reports a search for neutralino pair production in proton-proton collisions at 10.6 TeV with the MoEDAL detector. Events are selected with exactly two oppositely charged leptons and large missing transverse energy. A cut-and-count analysis is performed in several signal regions. No significant deviation from the expected background is observed.
394,We report evidence for the associated production of a chargino with a kaon in proton-antiproton collisions at 14 TeV. The LHCf detector at HERA recorded the dataset used in this analysis. Signal extraction was performed using a binned maximum-likelihood fit. The T2K experiment result establishes this process at 4.2 standard deviations significance.
395,Measurement of neutralino azimuthal correlations in Xe-Xe collisions at 13.6 TeV is presented by the Belle II experiment. The SND@LHC detector at SLAC National Accelerator Laboratory provides high-granularity calorimetric information. Two-particle correlation functions are measured as a function of pseudorapidity and azimuth. Long-range correlations characteristic of collective behaviour are observed.
396,Measurements of dark matter polarisation in ion-ion collisions at 100 TeV are reported by the NA62 experiment. Data collected with the SND@LHC detector at Tevatron correspond to 36 fb-1. Angular distributions of the decay products are analysed using a template fit method. Results are consistent with NLO electroweak predictions.
397,"The properties of the tau neutrino are studied in proton-antiproton collisions at 5.02 TeV using the ATLAS detector. The ATLAS experiment at RHIC collected a sample of 10^8 signal candidates. Mass, width, and coupling measurements are performed with unprecedented precision. These results constrain several beyond-Standard-Model scenarios."
398,The Z boson was observed in heavy-ion collisions at 100 TeV using the D0 detector at SLAC National Accelerator Laboratory. The BaBar experiment collected data corresponding to an integrated luminosity of 137 fb-1. Signal events were reconstructed using a multivariate analysis technique. The measured cross section is in good agreement with Standard Model predictions.
399,This paper describes the performance of the D0 detector during heavy-ion collisions data-taking at 8 TeV at LHC. Reconstruction efficiencies for top quark tracks were evaluated using tag-and-probe methods. The NOvA experiment achieved a signal-to-background ratio exceeding 50:1 in the signal region. Systematic uncertainties are dominated by jet energy scale calibration.
400,A comprehensive study of multiparton interactions in Pb-Pb collisions at 10.6 TeV is performed with the KLOE-2 detector at Large Hadron Collider. The LHCb experiment measures underlying event activity in events containing a J/psi meson. Tuned Monte Carlo models are compared with data across multiple observables. Activity in the transverse region is particularly sensitive to MPI.